term,definition
A (credit rating),"A solid credit rating given to a prospective borrower. Sometimes known as an A2 rating, an A score suggests a company or government has decent cash reserves and stable finances. It shows they're unlikely to default on debt repayments, although they may be slightly vulnerable to changes in economic conditions."
AA (credit rating),One of the higher credit ratings a prospective borrower can be given by ratings agencies S&P or Fitch. Moody's refer to it as an Aa2 rating. It suggests a company or government is unlikely to default on its debt repayments. It's applied to the bonds issued by a company or government.
AAA (credit rating),The highest possible credit rating a prospective borrower can have. An AAA score is awarded by a credit ratings agency and suggests a company or government is highly unlikely to default on its debt repayments.
Abnormal return,"It’s a term used to describe how the actual returns on particular financial securities differ from their predicted return. The results can be perceived either positively or negatively, depending on the portfolio and the state of the securities."
Absolute return funds,"An absolute return fund, also known as a target return fund, is a fund that aims to turn a profit for its investors, regardless of the direction of the market. These differ from a relative return fund, which aims to outperform the market, even if that means making less of a loss than the average."
Accelerated monitoring fees,"A portfolio company will often have to pay monitoring fees to their private equity advisers at set intervals (usually annually) over a set period of time (for example, 10 years), to cover the cost of their services."
Accelerated Return Note,"A return is the loss or gain of a security over a particular time span. An accelerated return is a short to medium span debt device. The notes offer a capped leverage return, but on average do not offer any drawback protection, which marginalises its appeal among investors."
Accelerated share repurchase,"Also known as accelerated buy back (ABB), it is a method where corporations buy back outstanding shares of their stock. This method is occasionally chosen by trading firms as a way to reduce the number of outstanding shares for a fixed cost."
Acceptance set,An acceptance set is usually associated with risk measures in the world of financial mathematics. The term describes the proposal of a future net worth of a company or a security that is deemed as acceptable by the organisation or body that is regulating said company or market.
Acceptance Testing,"Tagged as the last phase of software testing, acceptance testing helps evaluate the compliance of the system following the business/project requirements and assess whether it is acceptable for delivery and production. Let’s dive into the acceptance testing meaning, uses and types to know more."
Accounting Currency,"Accounting currency is important for a company’s official bookkeeping and may differ from the transactional currency used. Companies that have operations in multiple countries or subsidiaries operating in different geographic locations, use different currencies in their day-to-day operations, however, they need to convert their financial statements into the accounting currency in order to consolidate the financial statements."
Accounting Insolvency,"Accounting insolvency is an event where the value of a company’s liabilities exceeds the value of its assets. Liabilities of a company can include short-term and long-term debts, accounts payable, accrued expenses and bonds. Assets of a company can include cash, debt securities, accounts receivables, inventories, properties, goodwill and deferred income."
Accounting liquidity,"Accounting liquidity is the measure of a debtor’s ability to pay their debts as and when they are needed, using the assets that are available to them. These assets will need to be liquid assets."
Accounting Rate of Return,The accounting rate of return (ARR) is the return an individual can expect to receive based on an investment made. ARR is also known as the simple rate of return and is useful for the speedy calculation of a company’s financial success or failures.
Accounting Ratio,Accounting ratios are a key subset of financial ratios that help express the relationship between accounting data points. They are considered the basis of ratio analysis used to measure the efficiency and profitability of a business.
Accretive,"In finance, as in the wider world, accretive is the adjective of accretion and refers to gradual increase or growth."
Accretive acquisition,"When a company acquires (or 'buys') another company, the deal will, more often than not, impact the acquiring company's market price."
Accrual accounting,"Accrual accounting is a method of accounting whereby a company’s position and performance is measured by recording all cash transactions that occur, rather than simply recognising payment transactions. The latter method is known as cash accounting."
Accrue,"In general terms to accrue is to accumulate and receive something in regular and sometimes increasing instalments over time. It is most often used in reference to the income, expense or interest accumulated by an individual or business."
Accrued Income,Accrued income is the money earned by a company by selling products or services for which payment has not yet been received.
Acid-test ratio,"The acid-test ratio, also known as the quick ratio, is an indicator of a company’s short-term liquidity that measures whether it has enough short-term assets to cover its short-term liabilities."
Acquire,"A business acquires another by buying a majority stake in that company. By acquiring more than 50% ownership, the acquiring company effectively takes control of the target company and does not need to have other stakeholders' consent in order to make decisions about the company's future or direction."
Acquiree,"In a business acquisition the acquiree is the company that is being bought. It's also called the target company. For the acquiree, an acquisition by a larger company could offer a higher return for its shareholders or it could provide extra capital to cover liabilities or fund expansion."
Acquisition structure,"In a friendly takeover, an acquisition structure sets out the framework, and the terms and conditions for the purchase or sale of a company. It considers the company's value and structure and lays out the specifics of the deal for example, which assets will be included in the sale."
Active Investing,Active investing is an investment strategy that involves active buying and selling financial securities with the aim to generate higher than benchmark profits.
Active Order,"During a day of trading a broker  will buy and sell. What they buy and sell, and how much they do it for, comes down to specific orders given to them by investors."
Active trading,"The active trading definition refers to the act of buying and selling financial assets to generate quick profits from price movements by speculating on a short-term trend. It is typically done in highly liquid markets. Therefore, active traders commonly prefer to work with volatile stocks, forex and derivatives. They are continuously analysing the given markets, studying the trends and searching for patterns. Traders, who actively participate in the market, utilise a plethora of methods and strategies to achieve their trading goals. The active trading meaning implies that traders should always be ready to make a trade. For that reason, active trading requires the availability of myriad sources of information to maximise potential opportunities."
Activist shareholder,"Activist shareholders use their position as a shareholder of a company to bring about change. Often activists will be campaigning around issues such as the environment, workers’ rights and political ethics. The term can also refer to investors who attempt to gain control of a company and replace management."
Adams Express Company,"Now known as Adams Diversified Equity Fund, it is – as the name suggests – a publicly traded diversified equity fund. Since 1929 it has been one of just five companies that continues to operate as a closed-end fund."
Adjusted Present Value (APV),"Adjusted Present Value is a valuation method used to calculate the value of a project or company if financed solely by equity and debt. APV takes into consideration the financial benefits of debts, such as interest tax shields, which are deductible interest."
Advanced Computerized Execution System,"The Advanced Computerized Execution System (ACES) is a service offered by Nasdaq, the US stock exchange which is best-known as the home of fast-growing tech companies. The system links broker/dealers automatically with market-makers with which they have an established relationship."
AdvisorShares,AdvisorShares is a Maryland based investment management company that offers strongly managed exchange traded funds (ETF) through the AdvisorShares Trust. The company began its first active ETF fund in 2009 after Fund.com showed interest in the company the previous year.
AEX index,"The Amsterdam Exchange index, or AEX for short, is an index of stocks that are traded on the Euronext Amsterdam. Established in 1983, the index is made up of the 25 most actively traded stocks on the exchange."
After-Hours Trading (AHT),"After-hours trading (AHT), also known as extended hours trading, is the buying and selling of securities after the major markets have closed. This kind of trading around the clock has been made possible by electronic communication networks (ECNs), which allow direct trading to be done digitally – and even anonymously – without brokers."
AgDevCo,"The Africa Agriculture Development Company (AgDevCo) is a company that invests equity and debt in African agriculture and business. This is done in order to boost prosperity, create jobs and improve food security in developing African countries."
Agency security,Agency securities are debt obligations that are issued by federal and US government-related bodies. These particular securities are considered low risk as they receive credit protection based on explicit and implicit guarantees from the US government.
Agricultural Bank of China,"The Agricultural Bank of China, or ABC as it’s known for short, is one of the biggest banks in the world. Founded in 1951, it has its headquarters in Beijing, with branches scattered throughout China. It also has sites in London, New York, Frankfurt, Sydney and Tokyo."
Alaska Permanent Fund Dividend,"The Alaska Permanent Fund Dividend is a yearly sum of money paid to residents of Alaska that have lived in the state for a full year, and intend to continue as a resident of Alaska indefinitely."
Alberta Heritage Savings Trust Fund,"Alberta Heritage Savings Trust Fund (AHSTF) is a trust fund which looks after the savings from the resources of Alberta, Canada. It was created in 1976 by Alberta Premier Peter Lougheed, with the intention to save for the future, strengthen the economy and improve the quality of life of residents."
Alerts,Email alerts allow you to tailor the information you need to stay up to date with your investments and be notified about significant events that might affect share prices. Making investment decisions based on topical information is crucial when it comes to managing your portfolio.
Algorithmic trading,"Algorithmic trading is a way to process trading orders using preprogrammed and automated trading instructions for several variables including volume, price and timing."
Ali Rahmani,"Dr. Ali Rahmani is the Managing Director of the Tehran Stock Exchange Company, based in the capital city of Iran. Dr. Rahmani was the first person to be appointed as the Managing Director of the company after it was demutualized (converted into a company owned by shareholders) in 2006."
All in method,"It's a strategy used by private equity firms to evaluate and raise the capital for potential investments. In the all in method, all members of the firm openly discuss the benefits and potential pitfalls of an investment opportunity, rather than there being one specific champion or lead."
Alpha,"What is alpha? Alpha is a risk ratio that describes the return on investment of an asset such as a share or bond in relation to the general market. It uses a benchmark index such as the Standard & Poor’s 500 to compare the past performance of an investment, usually based on the growth of earnings per share."
Alpha generation platform,"An alpha generation platform is an algorithmic trading technology used to develop trading strategies or quantitative financial models that generate absolute returns or consistent alpha. These financial platforms are mainly used by banks, hedge funds and CTAs to aid the testing and development of quantitative trading strategies."
Altcoins,Altcoins are a relatively new asset in the financial landscape. The term is shorthand for alternative coins.
Alternative asset,"It is a non-traditional financial asset that can provide any sort of economic value. Bonds, equity shares and cash are all considered traditional financial assets, whereas art, real estate, commodities and private equity are among examples which would be considered alternative assets."
Alternative display facility,"This trading facility was created in the United States by the Financial Industry Regulatory Authority (FINRA) as an alternative to the stock exchange, used for publishing quotations and for comparing and reporting trades."
Alternative energy indexes,These are global stock indexes which summarise the achievements of the 30 biggest companies in the renewable energy industry. The potential for this sector is growing due to the ongoing awareness and interest in global warming and the decrease in oil reserves.
Alternative Investment Fund Managers (AIFM) Directive 2011,"The Alternative Investment Fund Managers (AIFM) Directive 2011 is a European Union directive providing for the regulation of hedge funds, private equity companies, property investment funds and other non-mainstream investment vehicles. It requires such companies to seek authorisation, the first time such a requirement had been imposed at EU level."
Alternative public offering,An alternative public offering is when a reverse merger is combined with a private investment of public equity. It offers companies a substitute for an initial public offering (IPO).
Alternative trading system,"An alternative trading system (ATS) is a non-exchange trading venue that matches buyers and sellers for transactions. Contrary to traditional stock exchanges, it's regulated as a broker-dealer instead of an exchange."
Alternext,"Alternext is an equity trading market opened by Euronext for small to medium-sized firms in Belgium, France and the Netherlands. It's also known by the name NYSE Alternext."
Altman Z-score,"The Altman Z-score is a formula that is designed to predict the likelihood, or otherwise, of a publicly-quoted manufacturing company becoming insolvent. It was devised by a professor of finance, Edward Altman, in 1967 and was published the following year."
American depositary receipts (ADRs),How do you define ADR? An American depositary receipts meaning is a negotiable security instrument that is issued by a US depositary bank and represents a specified number of shares in a foreign company’s stock.
American National Standards Institute (ANSI),ANSI stands for the American National Standards Institute. The organisation oversees the development and administration of the US voluntary standards and conformity assessment system.
Amex Composite Index,"The Amex Composite Index is an index made up of the equities quoted on the NYSE Amex market, formerly known as the American Stock Exchange, which is located in New York. It is not connected with the American Express financial services company, also sometimes abbreviated to Amex."
Amex Gold Miners Index,The Amex Gold Miners Index comprises the companies quoted on the NYSE Amex market - formerly the American Stock Exchange - that are primarily involved in the mining of gold or silver. It was launched at the close of trading on 20 December 2002.
Amex Volatility Index,"The Amex Volatility Index is a measure of the implied volatility of a hypothetical at-the-money QQQQ (US Tech 100 Index) option, expressed as an annual standard deviation of returns. It is used as a measure of trader sentiment regarding the future volatility of the index."
Amortised Bond,To understand what an amortised bond means you need to know what a bond is. A bond is a type of debt instrument or loan agreement between the issuer and holder. This loan encompasses two elements: principal and interest. An amortised bond can be explained as a bond that carries repayment of interest and the principal amount.
AMX index (Midcap),"The AMX index (Midcap) is an index of medium-sized companies traded on the Amsterdam Stock Exchange, now known as Euronext Amsterdam. It comprises those firms ranked 26-50 in terms of market capitalisation and is used as a health check for that sector of the market."
Ancillary Revenue,Ancillary revenue means income generated from a service or product line that is not the company’s core business. Let’s dive a little more into ancillary revenue definition and how it can be calculated.
Angel Investor,"An angel investor is an affluent person who invests in small start-up businesses to help them get off the ground. Angel investors typically invest their own money, either through a one-time investment or ongoing support, in exchange for ownership equity or convertible debt."
Anglo-Swedish Literary Foundation,This is an organisation that provides monetary grants to translators and students. The aim of the foundation is to promote cultural relations between Britain and Sweden.
Animal spirits,"Derived from the Latin spiritus animalis, meaning “the breath that awakens the human mind”, the term animal spirits refers to the state of pessimism or confidence held by businesses and consumers. Future expectations have a direct impact on decisions made today. Consumers decide how much they are willing to save or spend, while businesses consider making capital investments."
Annual equivalent rate (AER),The annual equivalent rate (AER) is a re-calculation of the rate of interest on a loan or other debt product to give the figure as it would be if it were calculated annually. This is valuable for consumers with debts where interest is worked out monthly or quarterly.
Annual general meeting (AGM),"As the name implies, the annual general meeting (AGM) is the once-a-year gathering of a company’s shareholders. Company law in most jurisdictions will make such an event mandatory in one form or another, although there is considerable variation as to how the meeting is to be conducted."
Annual percentage rate (APR),"The annual percentage rate (APR) is a number that represents the total yearly cost of borrowing money, expressed as a percentage of the principal loan amount."
Annual Percentage Yield,What is APY? The annual percentage yield (APY) is a normalised rate of return on an investment calculated on the compounding period of one year. It’s the return received annually.
Annual total return,"The annual total return is a measure of the performance of an asset, usually a share or bond, over a period of time, usually several years. Expressed as an annual average, it allows the return to be measured against returns produced by other assets over the same time-scale."
Annualized loss expectancy,This is the loss that can be expected for an asset due to risk over a one-year period. It's useful for working out whether a business decision is worthwhile.
Annuities,"An annuity is essentially a financial contract where the provider, in return for a sum of money paid now, will guarantee the annuity-holder a fixed income for the rest of their life, usually paid monthly. This has made annuities especially suitable as a form of pension provision."
Appreciation,"Appreciation is basically when an asset gains in value over time. The asset in question can be a share, bond or commodity or it can be a physical asset such as real estate. It is the opposite of depreciation, when an asset’s value declines."
Arab Monetary Fund (AMF),"To put it simply, a monetary fund refers to money that’s been kept for a specific purpose."
Arbitrage,"Arbitrage is a trading strategy. The goal is to generate profit from slight differences in price between similar, or identical, assets. Normally, it involves buying an asset from one place, before immediately selling it somewhere else, usually where it's selling at a higher price."
Arbitrage betting,"This is a technique used by gamblers who bet on all possible outcomes. It's mostly used for sporting events where there are only two potential results, for example a tennis match where one of two players must win."
Arbitrage pricing theory,This is a way of estimating the price of an asset. It’s based on the idea that returns can be predicted if you look at a number of common risk factors.
Articles of incorporation,Articles of incorporation are filed with US states to officially register a corporation. Memorandum of association is the equivalent in the UK.
AScX index (Small Cap),"This is a stock market index made up of 25 funds that trade on Euronext Amsterdam, previously known as the Amsterdam Stock Exchange."
Ask Price,"The ask price is like the reserve price at an auction: it's basically a price that someone has agreed to sell a security for. It differs from the bid price, which is basically the price a buyer is happy to pay for a security."
Asset,"An asset is anything you own that you expect to make or save you money in the future. It can be owned by a company, an organisation or an individual. In other words, an asset represents the value of ownership that can be converted into cash."
Asset allocation,"Asset allocation describes what an investor or investment manager does when they choose which assets to include in a portfolio and, equally importantly, in what proportion. These can be traditional assets, such as stocks and bonds, or alternative assets, such as anything from commodities, currencies and real-estate to fine wines, art and vintage cars. The choices made will reflect the investment strategy of the person concerned."
Asset backed security,"This is a security backed by a loan, lease, or other debt as collateral. It’s the same as a mortgage-backed security except that it's backed by other types of debt instead of mortgages."
Asset Classes,"Asset classes are groups of financial assets, such as shares or bonds, which have been classed together because of their common characteristics. For example, shares usually pay variable dividends, while bonds produce a fixed income. A balanced portfolio will contain various different asset classes as an aid to diversification."
Asset purchase,"This is an agreement between a buyer and seller to acquire a company’s assets. The buyer can cherry pick which assets it wants and leave the rest behind. Assets can be both tangible, such as offices and equipment, and intangible, such as intellectual property and corporate name."
Asset purchase agreement (APA),An asset purchase agreement (APA) is used when buying or selling a business to finalise the terms of buying a company's assets. A stock purchase agreement (SPA) is used when company shares are being bought and sold.
Asset stripping,"Asset stripping is what happens when a company is bought not as a going concern but simply for the profit that can be made on the sale of its assets. These can take the form of land, machinery, property, inventory and securities but also intellectual property such as patents or licences."
Asset Valuation,The asset valuation definition describes it as a process of calculating the fair market value of a company’s assets. The assets are divided into two types: tangible assets and intangible assets.
Asset-backed commercial paper program,This is a way of offering low-cost financing to companies that would not otherwise be able to borrow in the commercial paper markets. Asset-backed commercial paper is a form of short-term borrowing issued by a bank or other financial institution.
Asset-backed securities index,This is a tool to measure the overall exposure of subprime mortgage loans given to people with poor credit ratings. It allows institutions to calculate whether the total value of such loans is going up or down.
Asset-based approach,"It's a way of determining the value of a business. It's calculated by subtracting a company's total liabilities from its net asset value (NAV), or the fair market value of the company's total assets. It's often used to evaluate a business that is preparing for liquidation."
Asset-based lending,"Asset-based lending allows businesses and companies to use assets (like property, inventory, equipment or accounts receivables) as collateral for a loan. If the company defaults on the loan, the lender can claim the asset to try and recoup their costs, so the interest rates can be lower than on unsecured credit lines."
Assets under management (AUM),"Sometimes called AUM for short, it refers to the financial assets that an investment company or bank manages on behalf of investors. It’s basically a term used to describe how much of other people’s money somebody else controls."
Associated Press,"It's an independent news agency based in New York. It operates news, TV, radio and photography services in many countries worldwide."
Association of the Luxembourg Fund Industry,"This is the body that represents the investment fund industry of Luxembourg. As well as investment funds, it also represents other companies including banks, asset managers, tax advisers and accounting firms."
Assurance contract,"This is a deal which involves a group of people or organisations pledging to contribute to a project or action. It may be enforced by a government, or a private organisation."
Athex 20,This was a stock index of the 20 largest companies on the Athens Stock Exchange. It was expanded in 2012 to include 25 stocks and again in 2017 to consist of 26 members.
Attitude to Risk,Choosing the right investments means balancing how much you are prepared to lose with how much you hope to earn.
Auction process,"During an auction, prospective buyers bid competitively for an asset or service, with the sale going to the best bid. The process varies depending on the type of auction used, though in general, sellers pay a fee to be listed and then invite buyers to bid, evaluate their offers and then choose the best deal."
Audited account,"When the financial results which a company compiles have been checked by an accountant qualified to conduct an audit, known as an auditor, they are known as audited accounts. If all is well, the auditor will state that the accounts give a ""true and fair"" picture of the company's affairs."
Auditor,"What is an auditor? It is someone qualified to produce a set of audited company accounts. Usually an accountant by profession, an auditor will be expected to scrutinise the numbers that have been presented by the company’s management and to raise questions where there are concerns of any kind."
Australian Securities Exchange,"Based in Sydney, the Australian Securities Exchange (ASX) is the main stock exchange in Australia. Although most people still call it the Australian Stock Exchange, it merged with the Sydney Futures Exchange in 2006, hence the current name."
Automated Market-Making (AMM),"To understand AMM meaning or how automated market-making (AMM) works, it’s essential first to  grasp the concept of traditional market making, which is the process of quoting two-sided markets in a security, and providing bids and offers to ensure the liquidity of an asset."
Automated Trading,Automated trading is the trading of assets using programmable instructions.
Automated Valuation Model (AVM),Automated valuation models (AVM) are software-based pricing models used to value real estate. Automated valuation models use statistical modelling techniques with databases of existing properties and completed transactions. In this article we will define AVM and learn how an automated valuation model works.
Average accounting return,"This is a way of estimating the value of a project. To calculate it, you would divide its average earnings by the average amount invested."
Average accounts receivable,"Average accounts receivable describes the figure arrived at by looking at the credit extended by a company and the average amount due at any one time. These debts will fall due at different times over the course of a year, so the figure for average accounts receivable is used to smooth out any distortions."
Average Daily Trading Volume,"Simply the average number of shares traded in a day during a certain period of time, typically a month or year. You can compare the current trading volume with the average volume to determine whether the volume is particularly high or low."
Average Price,"In instances where you’ve got a range of different prices, it can be useful to simplify the numbers into one single value. Average price is a key calculation when buying goods or services, and investors use it to see how profitable their stocks and bonds are."
Average propensity to consume,"This is the proportion of income that households spend on goods and services, rather than savings. It's calculated by dividing spending by income."
Average propensity to save,"This is the proportion of income that a household puts into savings. It's sometimes called the savings ratio, and is expressed as a percentage of a household's total disposable income."
Averaging Down,"Averaging down is when additional shares which have dropped in price are purchased in order to reduce the average cost.

For example, you buy 500 shares at £10 per share, but the stock drops to £6. You then buy another 500 shares at £6 per share, which lowers the average price to £8 a share."
B (credit rating),"A credit rating given to a prospective borrower that's not of investment grade Sometimes known as a B2 rating, it suggests a company or government is able to meet its financial commitments but may be left highly exposed to adverse economic conditions."
Bagholder,"A bagholder is financial slang for a person whose stocks decrease in value up until they are worthless. Commonly, this person will be in this position for an extended period of time as the stock continually loses its value."
Balance Sheet,"In accounting, the balance sheet definition refers to the financial statement that reports the financial position of a company, detailing its assets, liabilities and shareholders’ equity at a particular point in time.

Simply put, a balance sheet meaning can be compared to a school report: it gives investors an overview of a company’s performance at a specific moment in time, illustrating the business' net worth.

Along with the income statement and statement of cash flows, a balance sheet is one of the three core financial statements prepared by a company’s management and used to evaluate a business. Together, these help to conduct fundamental analysis or calculate financial ratios, allowing investors to get a sense of how healthy the company is."
Banco Santander,"Banco Santander is an international bank that is part of the Spanish Santander banking group. It provides personal, business, corporate and commercial banking across Europe, Latin America, North America and Asia."
Bank Condition,"A bank condition is a random variable that predicts the likelihood of failure of a bank. However, the actual probability of failure is not made known to depositors."
Bank of America,Bank of America (BofA) is a multinational bank and financial services company. It is the world's largest wealth management organisation and the second-largest bank holding company of assets in the USA.
Bank of England,"The Bank of England is the central bank of the United Kingdom, responsible for monetary policy, financial stability, the issue of banknotes and the regulation of the country's largest financial institutions. Founded in 1694, it is one of the oldest central banks in the world."
Bank of Japan,"Bank of Japan (BoJ) is the central bank of Japan. But it's not an independent central bank like the Bank of England, the Federal Reserve and the European Central Bank . This mean it takes instruction from its government on monetary policy."
Bank Run,"This is when a large amount of customers withdraw cash from the same bank at the same time because of rumours of the bank’s instability. Despite the validity of these rumours, the chain reaction caused by so many withdrawals actually increases the bank’s likelihood of bankruptcy."
Bankable Funds,"The bankable funds definition refers to payment methods that are easily convertible into cash and accepted by major banks. To better understand the bankable funds meaning, it’s useful to know that companies typically require payment to be made in forms that banks can accept and redeem to avoid the risk of fraud or payment default."
Banking as a Service,Banking as a Service (BaaS) is also known as digital banking. It is a system that provides a start to finish banking service within a set time frame over the internet.
Bankruptcy Court,"Business owners sometimes file for bankruptcy to facilitate financial restructuring and reorganise their debts without having to lose their company. To simplify, you could end up in bankruptcy court if you can't afford to pay your debts. Let’s dive into the bankruptcy court meaning to learn more."
Bankruptcy Prediction,"This is an area of accounting and financial research that explores the ability to predict financial distress and bankruptcy in public firms. This has been analysed since 1932, when Paul J. FitzPatrick published his famous study in The Certified Public Accountant."
Bar Chart,"A bar chart or bar graph that presents data with rectangular bars proportional to the values they represent. In trading and technical analysis, however, the bar chart definition is different. Often referred to as the OHLC (open, high, low, close) bar chart, it illustrates price movements of a financial instrument over time."
Barbell strategy,"This strategy is formed when a trader invests in short and long duration bonds, but chooses not to invest in intermediate duration bonds. When interest rates are rising, this strategy is particularly helpful because when short term maturities are rolled over they possess a higher rate of interest."
Bárcenas affair,"It’s a scandal that took place in 2013. It was exposed that Luis Bárcenas, the treasurer and senator of Spain's People Party, had kept handwritten notes (the Bárcenas Papers) stating that the party had a separate bookkeeping system that was used to document undeclared, and illegal, cash donations."
Barclays Capital Aggregate Bond Index,This index is commonly used to track the performance of bond funds in the US. It tracks a wide range of fixed-income investments with maturity dates of more than a year. The index is a good gauge of the overall health of the fixed-income investments market.
Barclays PLC,"Barclays PLC is a multinational British financial services company and bank. Its headquarters are based at Canary Wharf in London, UK. It is a universal bank, which offers services in retail banking, wholesale banking and investment banking."
Barriers to Entry,"The obstacles that can get in the way of a new business entering a particular market sector. Some barriers to entry exist naturally, but others are put there deliberately by rival firms."
Barron's 400 Index,"It’s an even-handed Stock Market Index used to chart the performance of particular US public companies. It is rooted in the strength of financial statistics connected to cash flow, growth, market value and profitability."
Barry Rosenstein,Barry Rosenstein an American investor and hedge fund manager from New Jersey. He founded the hedge firm JANA Partners in 2001.
Base Metals,"Most investors will be familiar with investing in asset classes such as stocks, bonds, exchange-traded funds (ETFs) and cryptocurrencies. In order to define base metals, we first need to understand another type of asset class known as commodities."
Basel 4,Basel 4 is the nickname for a suggested standard on capital reserves for banks. This was created to to alleviate the risk of financial crisis.
Basel Accords,"These are regulations for banks set by a committee that meets in Basel, Switzerland. The first accord, Basel I, was agreed by the G10 group of major western economies after the 1970s banking crisis. Basel II and III were added later to strengthen its rules."
Basel Committee on Banking Supervision (BCBS),"The Basel Committee on Banking Supervision (BCBS) is the primary international standard for prudential regulation of banks. The committee runs a forum for regular cooperation on banking supervisory matters. The BCBS consists of 45 members, including bank supervisors and central banks from 28 jurisdictions."
Basel III,"Basel III is an international agreement on bank regulation that takes its name from the Swiss home town of the Bank for International Settlements (BIS), the organisation that has been described as the central bank for central banks. It sought to toughen regulatory requirements in the wake of the 2008 financial crisis."
Basic Earnings Per Share,Basic earnings per share (EPS) is a simplified valuation of the amount of a company’s profit that can be assigned to one share of that company’s stock. The formula is:
Basis Point,"Basis points, known as BPS, are a common unit of measurement for changes in financial percentages. A 0.01% change is the same as 1 basis point. A rather large 100% change is the same as 10,000 BPS."
Basis Risk,"In financial terms, basis risk means the risk associated with hedging. It happens because of the asset that is to be hedged's price and the difference of the asset serving as a hedge. There is a risk that the two investments could experience price changes in vastly different directions."
Basket of Goods,"In economics, the term basket of goods refers to a fixed set of consumer goods or services, the prices of which are used to measure a nation’s rate of inflation. The basket’s price and contents are evaluated on a regular basis, allowing governments to track inflation."
BB+ (credit rating),"A BB credit rating refers to a rating assigned by Standard & Poor's and Fitch credit agencies   to indicate creditworthiness of a bond-issuer,  such as a corporation or a government, and the likelihood of default on its bonds."
BBB (credit rating),"A lower-medium-grade credit rating given to a prospective borrower. Sometimes known as a BAA2 rating (given by S&P), a BBB score from Moody's, suggests a company or government has an adequate but not overly strong ability to meet all its financial commitments. Compared to those with higher ratings, companies with a BBB score are more vulnerable to adverse economic conditions."
Beachhead acquisition,It's when a company buys a business in another geographic market as a first point of access to that new market and a starting point for future growth. Essentially it is an acquisition that gives the buyer a foothold to expand into another market.
Bear call spread,"A bear call spread is a popular trading strategy among option traders. It represents a type of vertical spread, which means that it is traded with the help of two call options with the same expiry date."
Bear Market,"Looking for a bear market definition? Shares rise and fall all the time and it’s usually no big deal if (for a few days) a big market such as London, New York or Tokyo closes lower. But a bear market is something much more grizzly – a lengthy period when the price of shares overall keeps falling, and falling, and falling..."
Bear raid,"A strategy used on the stock market, where traders try to forcibly lower the price of a stock to cover the price of a short position. This is normally achieved by spreading negative rumours about the target company, which puts negative pressure on the share price."
Behavioural economics,"The behavioural economics definition refers to the study of psychology in its relation to the economic decision-making processes of consumers, investors and other economic agents. It is a relatively new field at the intersection of psychology and economics that was created to understand the effects of psychological, emotional, cognitive, social and cultural factors on the decisions of individuals and institutions in a variety of economic contexts."
Behavioural Finance,"The behavioural finance definition refers to a relatively new field in economics that looks at the role of emotions when making investment decisions. The field challenges the traditional approach, where investors are seen as always being rational and stock prices reflect all known information about the companies."
BEL 20 index,"The BEL 20 is a benchmark index of stocks that are traded on the Brussels Stock Exchange, now known as Euronext Brussels. It’s made up of the 20 largest and most actively traded stocks on the exchange."
Bell Fund,"The Bell Fund is a private Canadian fund that subsidises interactive digital content related to Canadian television programmes. Websites, webisodes, mobile apps and web games all qualify for funding from this fund."
Bellwether Stock,"There are a number of ways to approach trading on the stock market. Some develop technical skills to read the stock charts and take positions accordingly, while others take a more passive approach and invest in different stock market indices that track the movements of a specific industry."
Benchmark,"A benchmark is a standard by which something else can be measured or judged. The term originated when surveyors would chisel a mark in stone structures as a point of reference for builders. In investing, benchmarks can help investors work out the relative performance of securities or their investments."
Benchmark Indices,"If you want to know how well an investment has fared, a good method is to compare it with an appropriate benchmark. A benchmark index is a standard used to evaluate a fund’s performance over time. The FTSE All-Share is an example of a benchmark index."
Beneficial Ownership,This is legal terminology for when the legal title of a property belongs to one person and the property rights in equity belong to another individual. This often occurs when the legal title owner has given trustee duties to the beneficial possessor.
Beneish M-Score,A statistical model created by Professor Messod Beneish. It uses financial ratios determined with the accounting data of an individual company to check if the company’s reported earnings have been manipulated.
BEP-20 tokens,"The BEP-20 token standard extends ERC-20, the most common Ethereum token standard. It is used to represent a wide range of crypto assets on the Binance Smart Chain (BSC). In fact, the acronym BEP stands for Binance Smart Chain Evolution Proposal."
Berkshire Hathaway,"Berkshire Hathaway is an American holding company founded by Warren Buffett, who remains the largest single shareholder of the company. Buffett, referred to as the ‘Oracle of Omaha’ is one of the most prolific investors in history and is known as the pioneer of the “buy and hold” investment strategy due to his tremendous success as a value investor."
Bespoke portfolio (CDO),A bespoke portfolio is a group of reference securities serving as a reference portfolio for a synthetic CDO organised by an investment bank and specified by a certain investor. A bespoke portfolio is not a corporate credit index like CX or iTraxxx.
BET-10,"The Bucharest trading index, also known as the BET or the BET-10, is the most prominent and popular stock index for the Bucharest stock exchange, based in the capital city of Romania. It currently functions as the reference index for Romania’s capital markets."
Beta,Beta describes the volatility of an asset – such as shares or bonds – in relation to the general market. A share that is more volatile than the index of which it is part – for example the Standard & Poor's 500 – has a 'high beta'.
Betavexity,"Often used in the world of investment analysis, betavexity is the term used for a type of convexity – an important topic in economics based around the values of convex geometry. It is important to note that betavexity relates specifically to the beta coefficient of a long tailed investment."
Bias,"Bias in trading is a psychological phenomenon, in which an investor makes a decision based on their pre-conceived ideas of what will or won't work without considering the evidence. Bias may also manifest itself in retaining an asset for too long or otherwise behaving against their best interests."
Bias ratio,The bias ratio is a method of analysing returns on hedge funds or other collective investment vehicles for signs that valuations have been manipulated. It is especially valuable when such vehicles are invested in illiquid assets.
Bid,"In financial services, the term bid definitionis used to describe the collective action of a stockbroker placing a stake on a security, most notably, stocks. The bid not only consists of the amount of stock required but also the maximum price the broker is willing to pay for the purchase in question."
Bid instructions,"During an auction process, one or more investment banks will issue bid instructions to those who have shown an interest in bidding. These instructions make up the rule-book for the bidding process and lay out the procedures that must be followed and the requirements and expectations of the seller."
Bid-ask spread,"The stock market operates like an auction where investors buy or trade securities. The buyer states how much they are willing to pay for the security, which is the bid price, and the seller sets their own price, known as the ask price."
Bid-to-cover ratio,"The bid-to-cover ratio measures the strength of demand in an auction for government securities, such as US Treasury bills or UK 'gilts'. A high ratio indicates a healthy level of demand for the securities in question, a low ratio suggests the opposite."
"Bielard, Biehl and Kaiser five-way model","Fund managers Tom Bailard, Larry Biehl and Ron Kaiser have identified five types of investors, each type characterised by their investment preferences and actions. These types are Individualists, Adventurers, Celebrities, Guardians and Straight Arrows. Key to the different categories is their different attitude to seeking professional advice."
Big Bang,"Big Bang describes a package of reforms to the London securities markets that took effect in October 1986. The name arises from the decision to introduce all the changes at once, rather than piecemeal. Big Bang has been credited with assuring London's position as Europe's premier financial centre."
Big boy letter,A big boy letter is an agreement between a seller and a buyer of a security before a sale that confirms the buyer will not sue over non-disclosure of material non-public information.
Big Data Scoring,"Big Data Scoring is an online, cloud-based service that helps consumer lenders like banks and leasing companies to improve their loan quality, acceptance rates and credit losses using big data."
Big Mac PPP,"The Big Mac PPP (purchasing power parity) or Big Mac Index compares the prices of a Big Mac burger sold by McDonald's (MCD) all over the world. Its aim is to evaluate affordability of the burger in the local currency, and therefore determine whether the currency is under-or overvalued."
Biotechnology industry ETF,Biotech ETF (a biotechnology industry exchange-traded fund) is an ETF that invests in biotechnology companies and tracks the value of the underlying assets.
BIST 100 index,"The BIST 100 index is a commonly used abbreviation for the Borsa Istanbul stock exchange, Turkey’s main stock exchange. It regulates the activities of the Istanbul Stock Exchange, Istanbul Gold Exchange and Derivatives Exchange of Turkey."
Black Swan Funds,Black swan funds are funds that benefit from unexpected and drastic market changes - known as black swan events. The term was coined by writer and financial professional Nassim Nicholas Taleb after the 2008 financial crisis.
Black–Scholes model,"The Black-Scholes model is a price variation model used to determine the price of European-style options . It looks at the price change over time of investment instruments to deduce the Black-Scholes formula, which is then used to estimate the price of options."
Blockchain oracle,A blockchain oracle is a third-party service that shares data from the outside world with smart contracts. The oracle verifies and authenticates data through trusted APIs. Smart contracts can then utilise the information to make decisions.
Blockchain technology,A blockchain in simple terms is an immutable (unchangeable) digital ledger which is managed by a decentralised network.
Blue Ocean Strategy,"Rather than fighting competitors to the death over a shrinking profit pool, creating bloody red oceans, advocates of the strategy suggest ""creating blue oceans of untapped new market spaces ripe for growth"" to win more profitable business."
Blue-chip index,A blue-chip index tracks the performance of blue chip companies – corporations that are renowned for their reliability and quality. Blue-chip companies are popular with investors and so blue-chip indices are typically found on large and significant stock indices.
Blue-chip stock,"The term “blue-chip” is used to refer to a stock of a large, well-established, financially-sound and secure corporation."
BM&F Bovespa,"BM&F Bovespa is a Brazilian stock exchange with headquarters in São Paulo. It is one of the world’s biggest stock exchanges, with a market cap of $1.5 trillion."
BME Spanish Exchange,"The BME Spanish Exchange is a stock market operator that manages all of the Spanish financial markets and the Madrid, Barcelona, Bilbao and Valencia stock exchanges."
BNP Paribas,BNP Paribas is a French multinational bank that provides retail and corporate banking in 74 countries worldwide. BNP stands for Banque Nationale de Paris.
Bolt-on acquisition,"It's when a business buys another company in order to merge it into one of its business divisions. It's also called a tuck-in acquisition. This strategy is often used to buy companies that have made a technological breakthrough, or have found success with a niche that complements the existing business of a larger, more established firm."
Bombay Stock Exchange,"What is the Bombay Stock Exchange? BSE is one of the biggest stock exchanges in the world and the oldest in Asia, that was established in 1875 as the Native Share and Stock Brokers' Association."
Bond conversion,A bond conversion is the process of changing a bond into shares.
Bond ETF,A bond ETF is an exchange-traded fund (ETF) that only tracks an index of bonds. These are traded similarly to stocks on an exchange and can be useful for diversifying an investor’s portfolio.
Bond Exchange of South Africa (BESA),"The Bond Exchange of South Africa (BESA) was the principle debt market in South Africa from 1996 from 1996 to 2009, when it was bought by the Johannesburg Stock Exchange (JSE). It is now known as the JSE debt market."
Bond maturity,Bond maturity is the time when the bond issuer must repay the original bond value to the bond holder. The maturity date is set when the bond is issued and the bond holder can sell before this time if they want to.
Bond prospectus,A bond prospectus is a legal document issued by a company or other organisation that is proposing to offer bonds for sale. Most jurisdictions mandate the issue of a prospectus ahead of such a sale in the interests of investor protection.
Bond swap,"It is a financial transaction in which an investor sells holdings of one bond and immediately reinvests the proceeds in another bond. There are a number of reasons, such as improving the quality of their portfolio and for tax planning purposes, for someone to undertake a bond swap."
Bond warrant,"It is a derivative instrument giving the holder the right, but not the obligation, to buy or sell a specific bond at a specific price either on a particular day or within a specified time period."
Bond Yield,"Bond yield is a measure of how much return a bond could bring you. It's the annual amount you could receive in interest from a bond, as a percentage of the bond's initial cost. Bond yield is used to compare the potential returns of all kinds of bonds."
Bonds,"Bonds are an important asset class in financial markets that are often used in a diversified portfolio. Here we take a look at the bond definition in more detail, the mechanism behind how they work and what bonds are used for by investors and institutions."
Bonus share,Bonus shares are extra shares given by a company to its shareholders free of charge. They are often given out instead of dividends.
Book building,"Book building describes the process whereby an institution underwriting a share offer assesses what price would be acceptable to potential buyers, usually fund managers. It is, in essence, a market-testing exercise ahead of the share issue in which large potential buyers are canvassed for their views of the right price."
Book closure,"Book closure usually describes the point at which new shareholders will not receive the next dividend payment on the shares concerned, because they have missed the book-closure date. The expression can be used more broadly to describe the point in time that decides which investors will and will not benefit from some future action."
Book Value,"What is book value? The book value definition refers to a company’s value or net worth that is recorded on its financial statement. Also referred to as the net asset value in the UK, it helps determine the amount of money a shareholder or investor would receive per share if a company was liquidated, selling all of its assets and paying back all liabilities."
Boom and bust cycle,"In order to answer the question you should first familiarise yourself with economic cycles. An economic cycle or business cycle refers to the period when an economy’s business activities repeatedly grow, peak, contract and bottom out. As such, boom and bust economic cycles are periods of economic expansion and contraction."
Botswana Stock Exchange Domestic Company Index (BSE DCI),"The Botswana Stock Exchange Domestic Company Index (BSE DCI) is the principal stock market index for those companies whose shares are listed exclusively on the Botswana exchange. As of the end of 2016, it comprised 23 different stocks."
Botswana Stock Exchange Foreign Company Index (BSE FCI),"The Botswana Stock Exchange Foreign Company Index (BSE FCI) comprises those companies on the Botswana exchange that have also a listing on at least one other exchange, thus do not qualify as domestic Botswanan companies. The index comprises four 'main board' companies and six venture-capital concerns."
Bottom Fishing,Bottom fishing is an investment strategy in which investors seek to buy assets that are considered undervalued or have recently dropped in price.
Bought deal,"It's when an investment bank commits to buy the entire securities offering of a client company – for example, all the shares in their initial public offering and take on the risk of selling them on to other investors. It's also known as a firm commitment."
Boutique investment bank,"It's a smaller investment bank that often specialises in a certain industry, a particular geographic location or in certain types of transactions. Boutique investment firms tend to work on smaller or niche deals, often for middle-market companies, which are under the radar of larger firms."
Bovespa index,"The main stock market index in Brazil, it tracks around 50 of the largest and most actively traded stocks on the Sao Paulo Stock Exchange. This benchmark index is a key indicator of the Brazilian economy as a whole."
Box spread,A box spread is an advanced options trading strategy designed to exploit the discrepancies in the market prices of options with a minimal amount of risk.
Break-even analysis,"In economics, break-even analysis usually refers to a particular point in which total revenue and total cost are equal. Break-even analysis can be used for defining the number of units (quantity) or revenue (sales) necessary to cover the total costs (variable and fixed costs)."
Breakout,"It refers to the movement of an asset – such as shares, bonds or commodities above or below a pre-identified price level, known variously as a resistance line or a psychologically-important point. Traders may use a breakout as the moment to buy or sell any asset."
Brexit,The term Brexit means ‘British exit’ and was coined in the run-up to the monumental 2016 referendum in which the United Kingdom voted to leave the European Union (EU) after 47 years of membership.
Bridge bank,"A bridge bank is a bank or similar institution that is authorised to hold the assets and liabilities of another bank, usually one that has become insolvent. In effect, the bridge bank manages the insolvent bank on a caretaker basis."
Bridge Financing,"Bridge financing is a temporary financing solution, used to cover a company’s short-term costs until it secures long-term financing options. Investment banks or venture capital firms usually provide bridge financing in the form of short-term loans or equity investment."
British Columbia Securities Commission,BCSC stands for the British Columbia Securities Commission. BCSC is an independent regulatory agency that administers securities legislation within the province of British Columbia and is located in the capital city of Vancouver.
Broker,"A broker is the intermediary between an investor or trader and securities exchange. Brokers are the facilitators of liquidity in the financial system, and key players in the markets."
Broker-dealer,"The financial industry defines a broker-dealer as an individual, a company or other institution that is engaged in securities trading on behalf of its customers or for its own account."
BSC,"Binance Smart Chain is a blockchain and decentralised exchange (DEX), which was created as an alternative marketplace for issuing and exchanging digital assets in a decentralised manner."
BSE Sensex index,"What is sensex? It's the benchmark index of the Bombay Stock Exchange (BSE). It tracks the movement of 30 of the largest and most actively-traded stocks on the BSE, and is a key indicator of India’s economy as a whole. It's the oldest stock index in the country, created in 1986."
Bucket shop,"The term 'bucket shop' covers a range of establishments in the world of financial services, none of them believed to be especially reputable. The best-known legal definition was given by the US Supreme Court in 1906, describing them as establishments taking bets on asset prices, but not arranging for their purchase or delivery to clients."
Budapest Stock Exchange,The Budapest Stock Exchange is the premier venue for stock trading in Hungary. Its long and illustrious history was interrupted for more than 40 years when the country was under Communist rule. It is today one of the leading exchanges in central and eastern Europe.
Budget deficit,"Budget deficit is a term usually used in relation to government spending, as opposed to that of businesses or individuals. Normally used as a measure of the financial health of a country, we can define budget deficit as when expenses (amount spent) exceeds revenues received (taxes and other incomes), typically measured over the course of a single year. Budget deficits that are allowed to accrue over time form national debt, the total money a government has borrowed."
Bull Market,"Searching for a bull market definition? When prices start rising and then continue to rise it’s known as a bull market. It’s when traders have confidence that prices are good, so they are optimistic about the future. The opposite of a bull market is a bear market – a period characterised by falling prices and general trader pessimism."
Bull Trap,"The expression 'bull trap' describes a pattern of asset-price movements that wrongly convinces some investors to believe a rally is under way thus the time is right to buy. Such movements can apply to a single asset, such as shares in a particular, company, or to a sector or index as a whole."
Bull-bear line,"Exact definitions differ, but the bull-bear line is taken to be a line drawn from the moving average of a security or a market over a period of time, with price movements above the line indicating bullish conditions and movements below signalling a bearish outlook."
Burn Rate,It's the rate at which a company is spending its cash balance on running costs. It's a key indicator of company's financial stability; it tracks how much money a start-up company is spending on a monthly basis – its negative cash flow and how much longer it can operate before it runs out of money.
Business Assets,"The term is a broad one and can be used to describe anything that a company owns, from tangible assets such as plant or vehicles to intangible assets, such as money owed to the business by its customers. Accurately calculating the value of these assets is a key part of accounting."
Business Cycle,"The business cycle refers to the fluctuations in the economy comprised of expansions and recessions as measured by the real gross domestic product, or GDP. Also known as the economic cycle or trade cycle, it describes periods of time where the economy grows, peaks, contracts and bottoms out repeatedly."
Business failure,Business failure is when a company cannot pay its creditors and is forced to stop trading.
Business Process Redesign (BPR),"In order to keep a business up to date and cater to demands, it has to go through a fix-up or in several cases a total rebuild. However, the process can be costly and time-consuming, leading to disruption of day-to-day work, causing layoffs and even unsuccessful. Hence, to make it a success, the management not only has to use profitability metrics but should also follow a business process reengineering methodology."
Business valuation standards,"Business valuation standards describe the standards applied by outside advisers engaged to value a business. The best-known are those promulgated in the United States by the professional bodies concerned, but similar rules are applied elsewhere in the world to maintain the integrity of business valuation."
Buy and Sell,"They are two everyday words most English speakers could understand, but when it comes to trading, what do ‘buy’ and ‘sell’ mean? In this guide, we will look at the buy and sell definitions in the context of trading."
Buy Side,"The buy side is the half of Wall Street that buys into investment services. It refers to any company purchasing the services, either for themselves or their clients."
Buy the dip,Dip buying refers to the strategy of buying an asset after it has dropped in value. It follows along the same lines as the age-old mantra of “buy low and sell high”.
Buy-in management buyout (BIMBO),This is a type of corporate takeover that combines management buy-in and management buyout features. It’s when a company’s existing managers agree to buy the business with a group of outside managers. The current managers buy out the firm while the new managers buy in. This is designed to ensure a seamless transition to the new ownership.
Buying in,"Buying in is an expression that describes the process that occurs when an investor has to buy securities in the open market because a seller, with whom they have an agreement, has failed to deliver the agreed securities at the agreed price."
Buyout,In a buyout a company buys shares in another company in order to gain a controlling interest. Buyouts are also known as acquisitions or takeovers.
C (credit rating),A credit rating given to a prospective borrower that's not of investment grade and implies a very high degree of risk. It suggests a company is very vulnerable to adverse economic conditions and may be about to default on its debts.
C-Suite,"C-level executives play a crucial/strategic role in the functioning of the company. They not only hold senior-level positions, but also take decisions that impact all verticals of the organisation."
Cable In Forex Trading,Cable is a term used for the exchange rate between the United States dollar (USD) and the British pound. (GBP). But what does cable mean? Let’s dive a little deeper into a cable definition to understand what cable means in forex trading.
CAC 40 index,"The CAC 40 is the main stock market index in France. It’s the most widely used indicator of the country's market, reflecting the performance of the 40 largest and most liquid stocks listed on the Euronext Paris, formerly the Paris Bourse."
Cac Mid 60,The Cac Mid 60 is an index of the Paris Bourse. It contains the 60 companies in terms of market capitalisation immediately below the 60 largest such firms. The index was launched in 2005.
CAC Next 20,"The CAC Next 20 is an index relating to shares quoted on the Paris Bourse. As the name suggests, its constituents comprise the next-largest companies by market capitalisation after the 40 largest, which comprise the CAC 40 index."
Cac Small,"The CAC Small is an index comprising all the shares quoted on the Paris Bourse that do not feature in the three indices that together cover the largest 120 stocks by market capitalisation. Because it is a residual index, its membership fluctuates."
Cadre,Cadre is a technology company based in New York. They equip individuals and institutions with immediate access to large monetary real estate properties. The firm was named FinTech50 by Forbes and has in excess of $1 billion in administration.
CAGR,"What does CAGR stand for? CAGR is the acronym used for compound annual growth rate. It is a mathematical representation of the constant rate of growth required for an investment to reach a certain endpoint, based on its starting value."
Calculation products (indices),"This refers to the calculation of indices, such as those covering the prices of equities, bonds and commodities, on which financial products like derivatives are to be based. Such calculations are high speed and fully automated."
Call Auction,A call auction is an event where people buy or sell units of a good. Participants choose whether to buy or sell units at certain prices and the orders are collected and matched to make a contract.
Call on a Call,"Using compound options is a common way for investors to hedge their bets on stock, bond or currency, as the fees or premium on options are usually much lower than the price of the underlying security. Through this mechanism, investors could limit losses or earn big profits with little up-front cash."
Call Option,"A call option definition is an option contract that gives the buyer the right, but not the obligation, to purchase an agreed quantity of an underlying asset at the predefined price (strike price) within a fixed period of time until its expiration date."
Calmar ratio,"The Calmar ratio, also known as the Drawdown Ratio, is a performance assessment used to gauge the merits and downsides of hedge funds and commodity trading advisors. It was devised by Terry W Young."
CAMELS rating system,"Also known as CELS rating, the CAMELS rating system is a regulatory rating system that is used to determine a bank’s overall condition. The system, which rates from 1 – 5, assesses capital adequacy, assets, management capability, earnings, liquidity and sensitivity."
CAN SLIM,"The CAN SLIM is a seven part memory device which states to be a checklist of components that stocks tend to have in common before their largest gains. This mnemonic was devised in the 1950s by William O'Neil, former editor of Investors Business Daily."
Candle Chart,"A candlestick chart is a candle-shaped chart showing the changing prices of a security. It usually shows the opening price, closing price, and highest and lowest prices over a period of time."
Capital,"Capital is a broad term that can be used in a number of ways. Yet in this article we will focus on the definition of capital in financial markets, the so-called business capital, used by companies to expand and operate their business."
Capital adequacy ratio,The capital adequacy ratio weighs up a bank’s capital against its risk. The calculation is shown as a percentage of a bank's risk weighted credit exposures.
Capital asset pricing model,The capital asset pricing model (CAPM) is a formula used in investing to calculate risk and apply it to an expected return on an asset. CAPM can be used to construct a diversified portfolio to reduce risk.
Capital Budgeting,"What is capital budgeting? Capital budgeting, also known as investment appraisal, is the process that companies use to help decide which of their long-term, large-scale projects deserve investment and how to do it. This could include investing in new software or developing a new product. These large-scale projects are called capital expenditures."
Capital Expenditure (CAPEX),"Capital Expenditure, also known as CAPEX, covers cash reserves used by a company to gain or advance a physical asset such as real estate or equipment. This can cover the building of a new warehouse, buying tools or fixing a decaying wall."
Capital flight,"The capital flight definition refers to an economic phenomenon, which is characterised by large outflows of capital or financial assets from the country. It can be triggered by a variety of events, such as economic or political crisis, currency devaluation, the imposition of capital controls or a macroeconomic development that causes a large-scale shift in investor sentiment."
Capital Gain,To define capital gains means understanding the value of our assets from the time of purchase.
Capital gains distribution,Capital gains distribution is the payment passed on to shareholders when a holding in a mutual fund is sold by the fund manager for more than it was originally bought. The profit gained is taxable unless the fund is classed as tax-free.
Capital Gains Tax,"CGT is a tax that you pay on any profit you make when you dispose of or sell an asset, for example, shares. You just pay tax on the increase in value, not the whole amount that you receive when you sell the asset."
Capital Goods,"Also known as durable goods, capital goods are manufactured physical assets businesses use to produce finished consumer goods and services. Capital goods are among the four factors of production defined by economists: capital, entrepreneurship, labour and land."
Capital Market,"The capital market definition refers to a broad spectrum of tradable assets, including the stock market, the bond market, the foreign exchange market as well as other venues used for trading various financial products. It allows investors, companies, banking institutions and governments to trade stocks, bonds and other instruments, either publicly or privately. Capital markets seek to improve transactional efficiencies."
Capital market imperfections,Restrictions in capital markets that limit the amount of financial contracts that can be signed by agents are labelled as imperfections. Contracts that contain limitations that prevent them from be carried out are also labelled this way.
Capital recovery factor,"The capital recovery factor is the ratio used to determine the present value of a series of equal annual cash payments. The payments could be made weekly, monthly, quarterly, yearly, or at any other regular interval of time, and are commonly known as annuities."
Capital Requirements Directives,"The Capital Requirements Directives (CRD) are a supervisory system, introduced by the financial services industry in the EU, which mirror the Basel 2 and Basel 3 regulations on capital standards and measurements. The Capital Requirements Directives replaced the Capital Adequacy Directive, which was first issued in 1993."
Capital Requirements Regulation 2013,"The Capital Requirements Regulation 2013 is an instrument of the European Union, applicable in all member states, designed to make the banking system safer in the wake of the financial crisis. It reflects the standards laid down in the Basel III agreement."
Capitalisation,Capitalisation is a shorthand formula that enables traders to work out a company’s market value.
Carhart four-factor model,"The Cahart four-factor model is a refinement of the three-factor model for pricing assets developed by Eugene Fama and Kenneth French. As the name suggests, it adds a fourth factor to the three that they identified: market risk, value and size."
Carl Icahn,"Carl Icahn is one of the best-known US business figures of recent decades. Famed in the Eighties as one of that decade's ""corporate raiders"", he has more recently been reported to be advising President Donald Trump on financial regulation."
Carrying Cost,"Carrying cost is how much it costs a company to hold their inventory. This includes expenses such as how much it costs to rent and run the warehouse where stock is stored, salaries of employees at the warehouse, shrinkage (loss of inventory due to theft or damage) and insurance costs."
Cascades in financial networks,Cascades in financial networks is an expression that describes a situation in which the failure of one financial institution has a knock-on effect leading to the failure of other institutions. This 'cascading' of failure could threaten the entire financial system.
Cascading failure,"Cascading failure is a where the failure of one part of an interconnected system results in the failure of more parts, and eventually the whole system. The concept is comparable to a set of falling dominoes."
Cash,"Cash definition is a monetary measure that performs three jobs: it is a medium of exchange, a store of value and a unit of account. That means that it can be used to exchange goods and services, to savings value and to measure one’s wealth. Cash is the most liquid type of asset."
Cash conversion cycle,"A cash conversion cycle is a calculation of how long investing in resources will take to produce a cash flow. In other words, it's the measure of liquidity risk  a company has when it grows its investment."
Cash deposit,A cash deposit is the money you pay into your bank account or savings account. The bank then has a liability to keep the money safely and pay you it back on the terms you have agreed for that account.
Cash Dividend,"When you buy stocks or shares in a company you become a shareholder. When that company earns a profit, it may start to pay back some of the money that had been invested in it. These payments are called dividends and they are usually paid in cash."
Cash Flow,"The cash flow statement definition refers to the financial statement issued by a business, which summarises the amount of cash and cash equivalents entering and leaving a company. Also known as the statement of cash flows, it reports the cash generated and used during a specific period of time, such as a month, quarter or year. The time interval that the statement covers is defined by the company."
Cash flow hedge,A cash flow hedge is a financial transaction that is designed to protect an individual or company against a risk that would negatively impact cash flow. It is constructed in order to secure the expected cash flow despite an adverse movement in the market.
Cash inflow,"Cash inflow is the money or cash that flows into a business or individual's account over a specific period of time. It can come from various sources, such as sales revenue, investments, loans, financing activities, and government grants."
Cash Management,"It's managing the cash paid in and out of a company. The goal of cash management is to control a company's liquidity, by making sure that a company has sufficient cash available to cover current and future liabilities, whilst investing any surplus cash to generate maximum profits."
Cash Outflow,"Cash outflow is any money leaving a business. This could be from paying staff wages, the cost of renting an office or from paying dividends to shareholders. It's the opposite of cash inflow, which is the money going into the business. A business is considered unhealthy if its cash outflow is greater than its cash inflow."
Cash ratio,"Cash ratio is one of the three major ways to estimate a company’s liquidity – its ability to pay off its short-term liabilities. Specifically, it measures the company’s total cash deposits and cash equivalents to its current liabilities."
Cash-flow return on investment (CFROI),"In financial markets, the cash-flow return on investment is a way of valuing stocks that is based on the assumption that the market sets prices based on cash flow, rather than earnings or any other factor. In business, it is a measure of the performance of a piece of capital investment."
CBOE S&P 500 BuyWrite Index (BXM),"The CBOE S&P 500 BuyWrite Index is a benchmark index that shows the performance of a portfolio using a buy-write strategy, in effect a form of hedging."
CBOT,"The Chicago Board of Trade, otherwise known as CBOT, is the oldest futures exchange in the US. Established in 1848, it started out trading agricultural commodities such as wheat and corn, and became a site for grain brokers to do their buying and selling in one central place."
CBV Index,"The CBV Index, also known as the Corporates and Businesses of Vietnam Index or as the CBV LargeCap, tracks the stocks of the 50 leading companies in Vietnam. It is a subset of the CBV Total Index."
CC (credit rating),"A credit rating given by Moody's to a prospective borrower that's not of investment grade and implies a very high degree of risk. Sometimes known as a CA rating by S&P, it suggests a company or government is very vulnerable to adverse economic conditions, and has a sizeable chance of defaulting on its debts at short notice."
CCC+ (credit rating),A CCC credit rating is a credit rating given by Moody’s to a prospective borrower that is not of investment grade and implies substantial risk.
CDO,"It's a package of different debts - like loans, mortgages or credit card debt - that banks sell to investors in portions known as tranches on the secondary market. The repayments of the debt obligations owed to the bank serve as the collateral that give the CDOs value for investors."
CEE Stock Exchange Group (CEESEG),"The CEE Stock Exchange Group is a holding company that owns the stock exchanges of Prague and Vienna. Founded in 2010, its initials originally stood for Central and Eastern Europe Stock Exchange Group."
Center for Audit Quality (CAQ),"The Center for Audit Quality (CAQ) is a not-for-profit, independent organisation based in Washington, DC that is dedicated to maintaining and improving the quality of company audits. It is affiliated with the American Institute of Certified Public Accountants."
Central Bank,"It is an institution, almost always publicly-owned, that sits at the top of the financial system with the primary duty of ensuring stability. The precise remit of the central bank will vary from one jurisdiction to another, but most will be charged with oversight of commercial banks and with setting interest rates."
Central Bank Digital Currency (CBDC),What does CDBC stand for? Central bank digital currency. A CBDC is a digital form of a nation’s currency issued by a central bank.
Central counterparty clearing,"Central counterparty clearing describes the process whereby financial trades are cleared by a third-party organisation, whether an exchange or a dedicated clearing house. The central counterparty becomes, in effect, both the buyer and the seller for the period it takes the trade to clear."
Central limit order book,"A central limit order book (CLOB) is a trading system that matches orders. It’s transparent, low-cost, anonymous and can match orders in real-time."
Certified Risk Manager,"A Certified Risk Manager (CRM) is a financial services industry professional responsible for managing risk. Typically individuals working in insurance, accounting, finance, and legal fields pursue accreditation as a Certified Risk Manager."
CFA,"A CFA is a chartered financial analyst, the holder of a qualification issued by the Chartered Financial Analyst Institute, previously the Association for Investment Management and Research. The institute sees the CFA as the gold-standard qualification for those working in the financial services industry."
CFP,"A CFP is the holder of a qualification issued by the Financial Planning Standards Board, which seeks to build public confidence in the value of personal financial advice. Once qualified, a CFP will be required to take further examinations in the future to maintain their credentials."
Chart,"Charts are used to present data on anything from securities and commodities to a company's profits. Graphs, tables and diagrams are all types of chart and they're used to give investors a more visual way of analysing information."
Chartist,"A chartist – or technical analyst – is someone who tracks the historical prices of an investment, such as equities, currencies and commodities, to predict its future movement. They’re so-called because they use charts or graphs to carry out this work."
Checkable Deposits,A checkable deposit means any deposit held at a bank or another financial institution that is highly liquid and thus can be accessed at any point of time on the issuance of a cheque.
Chepakovich valuation model,"The Chepakovich valuation model is a valuation approach that’s based on the principal of discounted cash flow (DCF) analysis, which estimates future cash flow and delayed payments or “discounts” to reach a present value."
Chicago Board Options Exchange,The Chicago Board Options Exchange (CBOE) is the largest options exchange in the US. Over one million options are bought and sold in the CBOE marketplace every day.
Chicago Board Options Exchange (CBOE) VIX of VIX (VVIX),"Chicago Board Options Exchange (CBOE) VIX of VIX Index, also known as CBOE VVIX index, is the measure of stockmarket volatility indicated by the CBOE Volatility Index."
Chicago Mercantile Exchange,"Often called ‘The Merc’, the Chicago Mercantile Exchange (CME) is a financial and commodities exchange in the US. Products traded include interest rates, currencies, equities, stock indices and some agricultural and environmental commodities."
China A50 index,This FTSE index gives UK investors the chance to access the Chinese domestic market. It’s quoted in real time and is made up of the 50 largest and most actively traded companies listed on the Shanghai and Shenzhen stock exchanges.
China Concepts Stock,"This refers to a stock in a company that operates in mainland China. China Concepts Stocks are incorporated overseas, giving Chinese businesses access to foreign investment."
China Construction Bank Corporation,"China Construction Bank (CCB) is one of the 'big fou'r banks in China and on of the biggest banks in the world. Founded in 1954, it has its headquarters in Beijing, with branches dotted all around China. It also has sites in London, Sydney, Seoul, Frankfurt, New York and Luxembourg."
China Development Bank,"The CDB is the world's biggest international lender to developing countries and it is responsible for catalysing China's own growth. It's a wholesale lender specialising in providing medium- to long-term financing facilities, primarily for developing infrastructures, basic and key industries."
Choice dividend,"If a choice between a cash or stock dividend is offered, it’s known as a choice dividend. A cash dividend is a monetary payment made by a company to shareholders giving them a slice of its profits. A stock dividend is paid out in the form of additional shares."
Choice dividend delivery,"The paying out of a dividend to the shareholders of a company, delivered in the form of either cash or additional stock if a choice is offered. The cash dividend delivery day can be different to the stock delivery day."
Choice dividend issue,"This is when a company’s board of directors approves the decision to issue a dividend to shareholders, paid in either cash or additional stock. The issue includes the size of the dividend and payment dates. Once the dividend has been declared, the company is legally obliged to pay it."
"CIBI Information, Inc","CIBI Information, Inc.(CIBI) is the Philippines' first credit bureau. It was founded in 1982 as Credit Information Bureau, Inc. and was the Central Bank of the Philippines’ department of loans and credit."
Citigroup Inc.,"Citigroup Inc is a US global investment banking and financial services corporation. Alongside JP Morgan Chase, Bank of America, and Wells Fargo, Citigroup Inc it is one of the Big Four American banks."
Clean Float,"Clean float refers to a currency exchange rate based solely on market supply and demand. As opposed to the pegged exchange rate, a clean float means a pure exchange rate wherein government intervention in determining the exchange value is non-existent."
Clearing,"Clearing is the process of settling financial transactions. An independent organisation called a clearing house acts on behalf of the buyer and seller in order to complete a transaction. It makes buying and selling more efficient, speeding up the process and ensuring stability in the financial system."
Clearing balance requirements,The clearing balance requirement is used by financial institutions to describe the amount of money thought to be needed to execute their clearing services. This is usually applied on the first day of a reserve maintenance period.
Clearing House,A clearing house is a 'middle man' for buyers and sellers trading financial instruments. It helps to keep the market stable and efficient by navigating trades and finalising transactions.
ClearScore,"ClearScore is a UK based FinTech business who make their customers’ credit ratings and reports available to them for free. According to ClearScore, their aim is “to help everyone, no matter what their circumstances, achieve greater financial wellbeing.”"
Clientele effect,"The clientele effect is the notion that certain types of investors, who are interested in a certain type of security, will have an impact on the price when circumstances turn – whether that’s because of a change in policy or performance."
Closed-end fund,"Alongside open-end funds, closed-end funds are one of two major types of mutual funds. The closed-end fund definition refers to a portfolio of pooled assets, such as stocks, bonds or commodities, which raises a fixed amount of capital through an initial public offering, or IPO, subsequently listing its shares on the stock exchange for trade. Other names for a closed-end fund include the closed-end mutual fund and closed-end investment."
Closing offset (CO) order,A closing offset (CO) order is a limit order that is executed at market close but can be placed anytime during the trading day. The day’s closing price will always be the trade CO price.
Closing Price,Looking for a closing price definition? The closing price is a security’s trading price at the end of a day’s business in a financial market. This makes it the most recent valuation of a security until the next trading session.
CME,"CME Group operates the world’s second largest futures and options exchange, the largest in the US, where traders speculate on the rise and fall of the price of commodities and other financial products to manage risks. It owns exchanges in Chicago and New York, as well as the Dow Jones indices."
CMO,"A CMO, or collateralized mortgage obligation, is a fixed-income investment backed by a pool of mortgages. It's different from most other mortgage-backed securities because the payments are divided into various types of bond, known as tranches, which pay investors different rates at different times."
CNBC Ticker,The CNBC Ticker is a computer simulated ticker tape used by the business news network CNBC. It appears as a crawl at the top and the bottom of the television screen and shows index and security symbols in a manner similar to the historic ticker tapes that transmitted stock price information via telegram.
Coherent risk measure,"Within financial economics, there are many ways to describe risk, and each method of measuring risk will be able to cover certain factors. A coherent risk measure is a function that considers translational invariance, monotonicity, homogeneity and sub-additivity."
COLCAP,"The COLCAP is the leading stock market index for the Colombia Stock Exchange. It began in January 2008 with an initial value of 1000 and eventually replaced the IGBC as Colombia’s leading index in 2013. It is also part of the Mercado Integrado Latinoamericano (MILA), which integrates the stock exchange markets of Chile, Colombia, Mexico, and Peru"
Collateral,"Collateral is property or other assets pledged to a lender to help secure a loan. If someone borrows money, they can agree that their lender can take something from them if they fail to repay the debt. This is known as a secured loan. Here we take a look at the collateral definition in a lot more detail, learning about different types of collateral, its benefits and risks, and collateral’s meaning in finance."
Collateralized debt obligation,"A collateralised debt obligation (CDO)is a structured asset-backed security which groups together assets that make money and repositions this asset group into distinct tranches that can then be bought by investors. The pooled assets then become debt obligations, serving as collateral for the CDO."
Collateralized mortgage obligation,"Collateralised mortgage obligations (CMOs) are intricate debt securities that reposition the payments of principal and interest from a collateral pool and moves them into different sorts of securities, to meet the investor's needs."
Collective action clause,A collective action clause (CAC) allows a qualified majority of bondholders to agree to a legally binding debt restructuring. This restructuring is then applied to all holders of the bond – even those who voted against it.
COMEX,"The Commodity Exchange, better known as COMEX, is a division of the New York Mercantile Exchange that trades futures in metals such as gold, silver, copper and aluminium. It was formed in 1933 to bring together a collection of existing silk, rubber and metal exchanges."
Commercial mortgage-backed security,Commercial mortgage backed securities (or CMBS) are a category of mortgage backed securities that are commercially backed as opposed to residentially backed. They are thought to be more complicated than residentially backed mortgage securities because of the idiosyncratic nature of the undisclosed property assets.
Commercial Paper,Commercial paper is sold by banks and large corporations to help meet their immediate needs for cash. It's a form of unsecured debt and is usually issued at a discount. It pays a fixed rate of interest and typically matures within six months.
Commission,"If you use an agent, such as a broker or investment adviser, to handle the buying or selling of securities on your behalf, you'll need to pay them. Often, this payment will take the form of a commission. In simpler terms, commission meaning is that of a fee calculated as a percentage of the transaction."
Committee of European Securities Regulators,"The Committee of European Securities Regulators (CESR) was an independent group of European securities regulator which has been replaced by the European Securities and Markets Authority (ESMA). Until 1 January 2011, the group was part of the Lamfalussy Process, which helped develop financial service industry regulations used by the EU."
Committee on Capital Markets Regulation,The Committee on Capital Markets Regulation is an independent research organisation working to improve the regulation of US capital markets.
Commodity,"Looking for a commodity definition? A commodity is a basic good or primary good that one can group under standard headings before they are then traded. Commodities are mostly used as part of the production of finished goods and services and fall into categories such as oils, minerals and agricultural produce. Each commodity is interchangeable, which is why any attempts to set up a gemstone commodity market have failed since each gemstone is different from the other."
Commodity channel index (CCI),CCI – Commodity channel index – is a momentum-based oscillator used to define when an asset’s price is reaching overboard or oversold territory. The oscillator was developed by Donald Lambert in 1980.
Commodity ETF,"Investing in physical commodities, such as natural resources, agricultural goods and precious metals is known as commodity exchange-traded funds (ETFs). An ETF is a tradable security that listed on a stock market and behaves just like a share."
Commodity Market,"A commodity market is a marketplace where traders can buy and sell primary economic sector goods, either on the spot market or the futures market."
Commodity product Markup Language,Commodity product Markup Language (CpML) is a system that’s widely used in wholesale energy trading to exchange data. It’s used to encode and annotate documents in a format that can be easily read by humans and computers.
Commodity risk,Commodity risk is the threat of changes to a commodity price that may have a negative effect on future market value and income.
Commodity supercycle,"The global economy tends to move in a cyclical manner, going through four stages before completing a full circle: expansion, peak, contraction and trough. A supercycle is a sustained or continued period of expansion, usually driven by strong growth in global demand. Supercycles tend to follow fast industrialisation and urbanisation periods."
Commodity Swap,"A commodity swap is an agreement between two parties linked to the market price of a commodity such as oil, livestock or a precious metal. One party exchanges their exposure to a floating (market) price for a fixed price over a set period of time."
Commodity-backed money,Commodity-backed money means the currency being used in a nation can be directly exchanged for a specific commodity.
Common ordinary equity,Common ordinary equity (CEQ) describes the common shareholders' interest in a company. Common shareholders are company owners who receive any profits or losses in the business after interest and preferred stockholder dividends are paid.
Common Stock,"What is common stock? Common stocks give you part ownership of a public company. Holders of this type of stock can vote on corporate issues, such as electing a board of directors and takeover bids, and are entitled to a share of company profits."
Common stock dividends and DRIP,"Common stock dividends and DRIPs are two ways companies can pay profit to shareholders without using cash. DRIP stands for “dividend reinvestment plan” where an investor can reinvest their dividends, putting them towards buying more stock."
Compliance Officer,"A compliance officer makes sure that the company they are employed by follows the laws, rules and regulations in the countries in which it operates and meets the professional standards expected. They may also set internal company policies. Their aim is to make sure companies do the right thing and prevent misconduct by the business."
Composite Index,"A composite index is a wide-ranging index made up of various equities, indices or other items. It's mainly used as an indicator of overall performance of a market or specific sector over time."
Compound Interest,"Albert Einstein once described compound interest as the 'eighth wonder of the world'. Fortunately, you don’t have to be a genius like him to understand it. Put simply, it’s interest that earns interest. Almost as good as the Pyramids of Giza."
Compounding,"What is compounding? It is the process of adding interest to interest on the principal sum of a deposit. You can look at it as reinvesting interest rather than paying it out. Also known as compound interest, it’s one of the easiest ways to build savings."
Comprehensive Capital Analysis and Review,Comprehensive Capital Analysis and Review (CCAR) is a US Federal Reserve stress test. It’s a safety measure that assesses whether financial institutions can withstand an economic crisis.
Condition-related order,"A conditional order allows you to attach certain criteria to a stock order before it can be submitted. For instance, if you want to buy stock at a specific price, your order will only be fulfilled if the share reaches that price."
Conditional Listing Application (CLA),"Like in other exchanges around the world, companies that seek to be listed at Canada’s Toronto Stock Exchange (TSX) must fulfil a list of requirements. In the bourse, the requirements are known as CLA."
Confidential Treatment Order (CTO),"Have you seen a CTO among a company’s filings with the Securities and Exchange Commission (SEC)? So, what is a confidential treatment order (CTO)?"
Conglomerate merger,Imagine a car maker joins forces with a soft drinks firm. A conglomerate merger is a type of merger between companies whose business activities are totally unrelated. A firm might agree to merge to increase market share or reduce its exposure to risk.
Consensus Mechanism,"A consensus mechanism is a technology used in distributed ledger systems like blockchain to arrive at a single, consistent and honest state of ledger across all the network participants."
Conservative investing,How risk averse are you? Conservative investing is when you want your money to grow but are afraid of losing your principal investment. A portfolio that is more heavily weighted with bonds than stocks is considered conservative.
Consistent pricing process,Consistent pricing process (CPP) is a pricing methodology that refers to goods that should have the same price in any market. Such prices are commonly referred to as being “frictionless”.
Consolidated Quotation System,Consolidated Quotation System (CQS) is an electronic system that records quotation information for securities listed on major US stock exchanges.
Consolidated Tape System,"Consolidated Tape System (CTS) is an electronic system that provides continuous, real-time data about securities that are traded on stock exchanges. This high-speed data feed documents a security's trading activity from all of the markets it trades in, not just its primary exchange."
Constant proportion portfolio insurance,Constant proportion portfolio insurance (CPPI) is a trading strategy that allows investors to maximise upside potential and lower downside risk.
Consumer credit risk,"When lenders offer consumers loan products such as mortgages, credit cards, overdrafts and unsecured personal loans, there’s a risk that they won’t be repaid."
Consumer price index (CPI),The Consumer Price Index (CPI) is the main measure of cost-of-living increases in the United Kingdom and the Bank of England's inflation target uses the CPI. The CPI is calculated monthly by the Office for National Statistics using a basket of goods and services.
Contango,"Contango refers to a situation when the price of a futures contract of a commodity exceeds its spot price. This creates an upward sloping forward curve, which indicates that the price of the asset is expected to rise over time."
Contract consolidation,"Contract consolidation is when a number of contracts for similar goods or services are combined together to form one single, larger contract. This can help governments and local authorities save money and cut down on admin."
Contract soulte (a type of cash settlement),"It is a cash settlement designed to balance out an over-payment, either in cash or kind, from one party to another. Contract soulte is a form of compensation applied in any situation where one party has gained more out of an arrangement than is thought equitable."
Contract split,Contract splitting has two distinct meanings. One is the division of a major piece of procurement into a number of smaller contracts in order to avoid rules governing big tenders. The other is the splitting of a person's employment contract among several countries to take advantage of low-tax jurisdictions.
Control premium,A control premium is the amount of money a buyer agrees to pay above the current advertised price in order to have a controlling or majority share in the company.
Controlling (majority) shareholder,"A controlling, or 'majority', shareholder is a person or organisation that holds the majority of the voting shares in a company. Many companies, especially larger ones, do not have a majority shareholder so making any significant changes will require an alliance of different minority shareholders."
Convenience Yield,"A convenience yield is the benefit that comes from holding a physical good as inventory rather than as a futures contract. Convenience yields apply to consumption assets, products that are consumed by others rather than held as investments."
Convergence trade,"Convergence trade is the practice of buying a security with a future delivery date for a low price and selling a similar security, also with a future delivery date, for a higher price. The aim is for the prices of the securities to converge, resulting in profit."
Convertible arbitrage,Convertible arbitrage is a trading strategy where you buy a convertible security and sell (or short) the underlying security. The aim of the strategy is to profit from the price difference between the convertible and common securities.
Convertible bond,"A convertible bond is a debt security with a fixed income that can be converted into shares of the issuing company. A conversion to stock may be performed several times during the bond’s lifespan at the bondholder’s discretion. Usually, convertible bonds offer higher yields than common stock, but lower yields than traditional corporate bonds."
Convertible issue,It is an issue of corporate bonds that can be converted into the shares of the company that issued them. 'Convertibles' are a popular asset class but retail investors would be urged to take financial advice before buying them.
Copy trading,"Copy trading is exactly what it sounds like. Traders choose a prominent trading figure and study their trading moves so they can copy them and, hopefully, reap the rewards."
Core inflation,Some economists prefer using core inflation when evaluating the level of price growth in an economy. But what does core inflation mean? Here we take a look at a detailed core inflation definition.
Cornering the market,"If an individual or company is said to have “cornered the market”, it’s acquired a majority share and can directly influence market conditions."
Corporate Actions,"Corporate actions are events initiated by a publicly traded company that might have a direct or indirect impact on shareholders. For example, an announcement of dividends to be paid on a company's shares could well have a direct financial impact on shareholders while a stock split to improve ease of trading the shares may have an indirect impact."
Corporate Bonds,"Companies sell corporate bonds to investors as a way of raising capital. This could be to finance ongoing operations or expand the business. The bonds usually have a maturity date of at least a year after issue and pay a set amount of interest, known as the 'coupon'."
Correlation,"So you are looking for a correlation definition? The best place to start is in the centre of the word, with the middle eight letters borrowed from “relate”. Correlation describes the extent to which two or more securities show related behaviour, rising and falling together. You will hear also of “negative correlations”, in which securities move in opposite directions. Identifying correlations is a key task for investment managers and analysts."
Correlation Coefficient,The correlation coefficient is a statistical term used to ascertain how closely two variables move in relation to one another.
Cost accrual ratio,The cost accrual ratio is the average cost of an employee’s services for a specific unit of time. A common example is the average cost per day per person.
Cost Approach,"In real estate, there are three basic methods used to value a property: market approach, income approach and the cost approach. Cost approach quotes the price of a property on the basis of the cost it would take to build a similar property from scratch."
Counterparty Risk,"When an agreement’s made, counterparty risk refers to the threat of the other party not meeting its financial obligations. Counterparty risk is sometimes also called default risk and credit risk, and is a threat to all parties in a contractual agreement."
Coupon Payment,It's the annual interest payment made by the issuer of a bond to the bondholder until it reaches maturity. The coupon payment – or simply coupon is expressed as a percentage of the bond's value at the time it was issued.
Coupon rate,A coupon rate is a yield that is paid out for a fixed-income security such as a government and corporate bond. A coupon rate for a fixed-income security represents an annual coupon payment that the issuer pays according to the bond’s par or face value.
Covenant-Lite Loan,"Commonly called ‘cov-lite’ loans, covenant-lite loans are less restrictive for borrowers but typically riskier to the lender, but the high-risk coefficient offers potential for larger profits. Cov-lite loans are favourable to borrowers given borrower-friendly terms like the level of income, payment terms and collateral."
Covered interest arbitrage,"Covered interest arbitrage is an investment strategy designed to profit from the differences in interest rates between two countries, when buying and selling foreign currencies."
Credibility theory,"Credibility theory uses mathematical modelling to make decisions based on historical data. It examines similar situations that have occurred in the past, and their outcomes, to assess financial risk."
Credit,"In general, credit is a contractual agreement, in which one party provides money or other valuable resources to the other party, and the second party agrees to repay the lender at a predefined later date, generally with interest."
Credit Agricole,"Credit Agricole is a European banking giant with a presence in more than 60 countries. It’s the largest retail bank in France, operating a network of co-operatives and mutuals alongside its HQ in Paris. It’s nicknamed the ‘green bank’ because it was originally set up to provide banking services for farmers."
Credit Analysis,Credit analysis is a method used to assess default risk and a company’s ability to repay its debts.
Credit Bureau,"A credit bureau is a company that gathers credit information on individuals and sells it. It can be sold to consumers, lenders, investors and creditors who use it to inform financial decisions, such as granting loans or making an investment."
Credit Card,A credit card is a card issued by a bank or other finance company whose holder is able to access credit without seeking prior approval. There will be a limit on the amount of debt an individual can run up and interest charged on un-cleared borrowings.
Credit Default Swap,A credit default swap (CDS) can be used by investors as insurance against specific risks.
Credit Enhancement,Credit enhancement is the process a business goes through to improve its credit profile. This lowers the default risk  for lenders and investors by providing evidence that the business will be able to meet its financial obligations.
Credit rating,"A credit rating is a grade awarded by credit rating agencies to a sovereign state or large corporate borrower indicating the probability of default and their creditworthiness. It is a large-scale version of the credit score awarded to individuals who wish to borrow. The higher the rating, the lower the interest rate the borrower will face."
Credit Rating Agency,"A credit rating agency is a private company that looks at the credit worthiness of a large-scale borrower, such as a company or country. It effectively ranks the borrower on their ability to pay off their loan."
Credit Reference,"A credit reference is a database of information on a person's credit history. It covers things like loans, repayments, repayments and bankruptcies to help potential lenders decide whether a person or company is likely to pay back debt."
Credit Risk,"The credit risk definition is as follows: credit risk is an assessment of the likelihood that a borrower, whether a company or an individual, might not be able to pay back the money loaned. However, it's not only people that have credit risk: investments, such as bonds, also bear it."
Credit Savvy,Credit Savvy is a free online service that gives Australians access to their credit score. Australian customers can learn how credit works and benefit from practical tips and tools that can help them manage their credit score on an ongoing basis.
Credit score,"A credit score is a number that represents your personal credit worthiness. If your credit score is high then you're considered someone who is likely to pay off debts on time and you'll find it easier to get credit. If it's low, then the opposite is thought to be true."
Credit scorecards,A credit scorecard is a model used to estimate how likely a credit applicant is to repay a loan based on information about the applicant's credit history.
Credit Union,What is a credit union? A credit union is a financial institution that is run and owned by its members to offer them financial services.
Credit valuation adjustment,"Credit valuation adjustment (CVA) is the market value of counterparty credit risk, which occurs when a party in an agreement fails to meet its financial obligations. It’s used to measure the difference between the true portfolio value (taking into account the possibility of counterparty default, and the risk-free portfolio value."
Creditworthiness,Creditworthiness is an assessment of an individual or a company's ability to repay any money borrowed on schedule.
Creeping tender offer,When a company gradually buys the shares of another company on the open market in order to acquire it.
Crime Victims Fund,"The Crime Victims Fund is a fund that the US government uses to repay victims who have incurred costs as a result of a crime. It was established in 1984 as part of the US Victims of Crime Act. Money in the fund is collected from criminal fines, penalties and forfeited bail bonds."
CROBEX,CROBEX is the main share index of the Zagreb Stock Exchange. It contains the stocks of the 25 largest and most liquid companies in Croatia.
CROBIS,"CROBIS is the official bond index of the Zagreb Stock Exchange in Croatia. It tracks the performance of 10 bonds with fixed interest rates and maturity of at least 18 months, each with a nominal value of at least 75 million euro."
CROCI,"It stands for cash return on capital invested, and is a way of comparing the money earned by a company with the money invested. CROCI is calculated by dividing the earnings before interest, taxes, depreciation and amortisation (EBITDA) by the total capital invested."
Cross border listings,"They are when a company lists its common shares on a stock exchange, other than its primary and original exchange. Doing this means the shares can be traded in multiple time zones and multiple currencies, giving the issuing company more liquidity."
Crossed Market,"The crossed market definition explains it as an event where a bid price for a specific asset is higher than the ask price. The situation is also referred to as ‘backwardation’, which is when the prices on the futures market are below the spot prices."
Crossing network,"It's an alternative trading system that matches buy and sell orders for execution without first routing the order to an exchange or other displayed market. It offers money managers the advantages of very low commissions, along with anonymity for the buying or selling account."
Crypto Mining,Crypto mining is the process of verifying transactions on a blockchain network and being rewarded with new coins. What does crypto mining mean in terms of its blockchain functionality? Let’s find out.
Crypto Whales,It’s crucial for traders and investors to understand what crypto whales means and track crypto whales’ trades.
Cryptocurrency,Cryptocurrency is a form of virtual currency that relies on digital cryptography.
Cryptocurrency fork,"Blockchain technology requires that different parties agree to maintain the history of a blockchain. When parties do not agree, a hard fork can follow. A hard fork is a radical change to the blockchain protocol."
CSI 300 Index,"The Shanghai Shenzhen CSI 300 Index is one of China's most closely followed stock market indices. It includes the 300 A-share stocks traded on the Shanghai and Shenzhen stock exchanges, and is seen as indicative of trends in both those markets."
Cum Dividend,"A cum dividend is the status of a company stock when a dividend has been declared for a later date, but payment has not been made."
Curb trading,It is trading that takes place outside general market regulations. Curb trading - also known as kerb trading - usually occurs through phones or computers after the official exchanges have closed for the day.
Currency,"A currency is a form of money, usually issued by the public authorities in a particular jurisdiction. It performs three functions – it is a unit of account, a store of value and a medium of exchange. It is able to do so because firms and households accept it in settlement of debts."
Currency analytics,They are technology tools that allow companies with a global presence to manage the risks connected with currency volatility. Currency analytics often use automation that helps companies to access and validate currency exposure data and make decisions that can reduce currency risk.
Currency Crisis,"It's a sharp decline in the value of a country's currency, meaning that one unit of the currency no longer buys as much as it used to in another. The crisis becomes more serious if doubts arise over the central bank's ability to manage the situation."
Currency Hedging,"Businesses use hedging as a form of insurance to protect themselves against changes in circumstances that are out of their control i.e. interest rate rises, or rising costs of materials. Currency hedging relates specifically to foreign exchange rates."
Currency Pair,"Looking for a currency pair definition? A currency pair is when the currencies traded on the forex market have a quotation and pricing structure (for example the valuation of a currency) that's determined by comparing it to another company. In currency trading, the currency that is listed first (the reference) is called the base currency, and the currency listed second (the relation) is called the quote currency. The currency pair itself demonstrates the amount of the quote currency needed to buy one unit of the pair’s base currency. Each forex trade has a concurrent purchase of one currency and a sale of another, but the pair is to be thought of as a singular unit, an individual instrument that is sold or bought."
Currency Peg,"Currency pegging is when a country or central bank aligns its currency to the value of another asset by artificially increasing or decreasing the value, rather than allowing it to trade freely on the open market."
Currency Risk,"When money is converted from one currency to another, it gains or loses value depending on the exchange rate. Currency risk is the potential gain or loss for investors who convert money from one currency to another, invest overseas or trade internationally."
Currency Swap,"A currency swap, or cross-currency swap, is where two parties – such as banks, companies or even countries agree to swap the interest and sometimes the principle of a loan in one currency for the same loan, but in a different currency. They are mainly used to hedge currency and interest-rate exposure."
Current account and savings account (CASA) ratio,"The current account and savings account ratio measures the proportion of a bank's total deposits that are held in the form of current or savings accounts. Given the low or zero interest paid on such accounts, a high ratio is usually good news for the bank."
Current asset / Current accounts,"They are business assets that could be turned into cash within 12 months. These would include bank deposits, money-market instruments, investment-grade securities, money owed by customers and stock in trade. The level of current assets is important as an indicator of the firm's ability to meet its bills."
Current Liabilities,Current liabilities are debts or other obligations incurred by a company and falling due within 12 months. They are the balance-sheet counterpart of current assets.
Current ratio,Current ratio is a measure of a company's liquidity. It gauges the extent a company is able to pay its short-term liabilities with its current assets. It's also known as the working capital ratio. A higher current ratio indicates that the company is in good financial health.
Current yield,"Current yield is the current value of a security and represents the return the owner could expect if they held the bond for a year, but not the actual return the investor gains if the bond if held into maturity. Current yield is an investment’s annual income – such a dividends or interest – divided by the current price of the investment."
CUSIP-linked MIP code,CUSIP-linked MIP code (CLIP) is used to identify the reference entity of a credit default swap. It's mainly used as a key field in Markit's Reference Entity Database (RED). Each CLIP is linked with one or more CUSIPs each representing reference entity obligations.
Custodial participant,Custodial participants are important members of financial markets. They not only facilitate securities trading for their clients but also provide safeguards against fraudulent activities.
Cyclical company,A cyclical company is a business whose success is determined by the economy.
Cyclical Risk,"When you make an investment, there's a risk it could be adversely affected by the economic cycle. This may be because the investment was poorly placed to withstand an economic slowdown or that it was unsuitable for an economic boom."
Cyclical stocks,"What do cyclical stocks mean? Cyclical stocks’ price performance tends to be most hit by the changes in the economic cycle, following the periods of expansion, peak, contraction and trough."
Cyclically adjusted price-to-earnings ratio,"It's a valuation measure usually applied to the US S&P 500 equity market, defined as price divided by the average of 10 years' earnings, adjusted for inflation. It's mainly used to assess likely future returns from equities over timescales of 10-20 years."
D (credit rating),"A credit rating given to a prospective borrower that's not of investment grade and implies the highest degree of risk, since the company in question has already defaulted on its debts."
Daily Stocks,"Daily Stocks was a stock market search engine site in the late 1990s and early 2000s. Separately, Daily Stocks Pro is an advanced stock analysis app that filters the entire stock market and seeks to help users capture big moves in the market."
Dana KCM,"It's a private fund established in 2010 by Dr Mohamed Nazim Abdul Rahman, a social entrepreneur from Malaysia. Its primary aim is to enable individuals to further their studies at higher education institutions irrespective of their economic and social background."
Dark Cloud Cover,"The dark cloud cover is a candlestick pattern in technical analysis that indicates the end of an uptrend. In simple words, it is a bearish reversal pattern that signals a shift towards a downside."
Dawn raid,"Despite its name, it has nothing to do with the police. A dawn raid is the purchase of a significant number of shares first thing in the morning before the markets open."
DAX Index,"The DAX is the main stock market index in Germany. It tracks the performance of 30 blue-chip German companies trading on the Frankfurt Stock Exchange, and is the most widely used indicator of the country’s equity market."
Day Order,"When trading, investors have the option to place different types of orders, each adding different parameters to your trade. One of these order types is a day order, an order with rules to buy or sell a security by the end of one day of trading."
Day Trading,"The lure of opportunity has drawn many individuals to financial markets to trade and invest in stocks, foreign currencies (forex), commodities and other asset classes."
Days payable outstanding,Days payable outstanding (DPO) is the time period that it takes a company to pay all of its invoices from trade creditors. This is usually reviewed by companies on either a yearly or quarterly basis.
Days sales outstanding,"Days Sales Outstanding (DSO) is the time it takes a company to collect its capital after a sale. This can be worked out on a monthly, quarterly and yearly basis. You can determine the DSO by dividing accounts receivable during a certain period by the total value of credit sales for the same period."
Dealer,"In financial terms the dealer refers to someone who trades either on their own account or on behalf of a client in the over-the-counter market. The dealer therefore differs from a trader who only buys and sells for their own account and the broker, who buys and sells financial instruments on behalf of clients. Both firms and individuals can act as dealers."
Death Cross,"While the name can sound as if it is describing some terrifying event, the term death cross is a reference to a technical indicator that frequently signals the start of a bearish period for a stock, crypto, index or the market as a whole."
Death spiral financing,"Death spiral financing is a movement where convertible financing is practiced to fund small cap companies. This can then be used against it in the marketplace, causing the stocks value to drop greatly and ultimately lead to the company’s eventual downfall."
Debit Ticket,A debit ticket represents a certain amount owed by a company or an individual. It indicates that a corresponding credit ticket should be matched for balancing the ledger to make a transaction complete.
Debt,"Debt is an obligation, usually financial, owed by one person or organisation to another. It is calculated by taking the principle sum and applying the agreed interest rates over a period of time. It can take the form of payment due for goods and services, cash loans, credit card debt, overdrafts, mortgages, commercial paper or bonds. Households, businesses and governments all incur debt at one time or another."
Debt buyer,"A debt buyer is a private debt collection law firm, a collection agency, a company or a private investor that buys charged off or overdue debts from a lender or creditor for a proportion of the debt, based on the possible potential of the accounts."
Debt Crisis,"A debt crisis refers to the propagation of massive public debt in relation to tax revenues. This occurred massively in Latin America in the 1980s, the United States and European Union in the mid 2000s and in the Chinese debt crisis of 2015."
Debt ratio,"Debt ratio is the measure of the size of a company’s assets that are accounted for by debt. It's the amount of total debt (current liabilities and long term liabilities) and total assets (current assets, fixed assets and any other sort of asset)."
Debt service coverage ratio,"Debt service coverage ratio (DSCR) is the ratio of available cash for debt servicing to principal, interest and lease payments. It's a favoured measurement of a person or business's ability to make a sufficient amount of cash to cover its debt payments."
Debt service ratio,Debt service ratio is a ratio used in economics and government finance. It is used to calculate the ratio of debt service payments (principal and interest) of a country in comparison to said country's export earnings.
Debt-to-capital ratio,"This measures a company’s use of debt in comparison with its total external financing, including shareholder equity. Most companies finance their operations through a mixture of debt and equity."
Debt-to-equity ratio,It compares the proportion of a company’s liabilities with shareholder equity that is used to finance its operations. The measurement is one of a number of ratios used to judge a business’s viability.
Debt-to-GDP ratio,"This measures a country’s national debt in relation to its gross domestic product (GDP). In other words, it’s comparing how much a country owes to how much it produces, so the ratio indicates the country's ability to repay its debt."
Debt-to-income ratio,"This calculates how much of your monthly income goes toward paying off debts. The higher your debt-to-income ratio, the more of your monthly income you're solely devoting to paying back loans."
Debtor,"A debtor is someone who owes money. For example, if you borrow £5,000 from a bank, you’re the debtor and the bank is the creditor. A debtor can also be a company or even a country."
Debtor collection period,"A debtor collection period is the amount of time it takes to collect all trade debts. The smaller the amount of time it takes to collect these debts, the more efficient a com­pany will seem to be. A longer period indicates problematic trade debtors or less overall efficiency."
Debtor Days,"The debtor days ratio quantifies how quickly cash is being collected and accumulated by debtors. Also known as a debtor collection period, it is the amount of time that it takes to collect all trade debts."
Decentralised application (dapp),"dApp, short for decentralised application, is a computer application running on a distributed computing system."
Decentralised Autonomous Organisation (DAO),"As the name would suggest, a Decentralised Autonomous Organisation (DAO) is an organisation governed by a set of rules or parameters encoded in a computer program and controlled by the users of the program rather than a central authority."
Decentralised Exchanges (DEX),Decentralised exchange (DEX) is a platform that facilitates online transactions of cryptocurrency trading without intermediaries.
Deep discount bond,"A bond is a loan taken by an entity, typically corporate or government. It is a fixed income instrument issued with a promise of interest payments at predetermined intervals, and the return of the principal amount to the lender on the date of maturity. A deep-discount bond is a subcategory of bonds sold for much lower than its face, or par, value."
Default trap,"Within the terms of government borrowing, default traps are accredited to the idea that once a country slips into default it will then do so again in the future. This is in comparison to a country with the same future output ability that has never defaulted."
Defensive Stocks,"A stock is considered to be defensive when the company is able to pay out dividends consistently and remain largely unaffected by market volatility. This stability is usually due to the company’s business model, the products and services it sells, and the strength of its brand."
Deferred Revenue,Deferred revenue is advance payments that have been received by a company for goods or services that are to be delivered in the future. It's also known as unearned revenue.
DeFi,"Decentralised finance (DeFi) is a movement that aims to disrupt the current traditional financial system, and in its place create one that is open and accessible to everyone around the globe, removing the need for third-party intermediaries such as banks. Leveraging the power of cryptography and blockchain technology, DeFi platforms hope to solve the numerous problems faced by users of traditional banking solutions."
DeFi coins,"Decentralised Finance (DeFi) is an umbrella term for a range of blockchain-based financial applications, connected under a common idea to disrupt financial intermediaries."
Deflation,"Deflation is when the cost of goods and services goes down over a significant period of time. It's the opposite of inflation, so therefore happens when inflation drops below 0%."
Del Credere Agency,A del credere agency is an agent that guarantees to its principal the payment for the price of goods or services sold under English law.
Deleveraging,"Deleveraging occurs when an individual or company tries to decrease its total financial leverage. The most common form of deleveraging, whether by an individual or a company, is to pay off as many or all of its debts. If it cannot do this, then it is vulnerable to default."
Delist worthless,"It is the process whereby shares in a company that are deemed worthless are removed from the list of the relevant stock market. In most jurisdictions, delisting can be either at the request of the company or the insistence of the market authorities."
Delivered Duty Unpaid (DDU),"In international trade, the seller and the buyer have to settle on terms of duties, import clearance and taxes before the transaction takes place. It not only defines who has better control on the trade but also clarifies the risks involved in delivering goods to a destination."
Delta,Delta is a ratio that shows how much the price of a derivative is likely to move based on the price change of an underlying asset.
Delta neutral,"Delta neutral is a multiple position portfolio strategy which consists of offsetting positive and negative deltas so that the total deltas of the assets in question make up zero. A portfolio which is delta neutral balances the movements in the market up to a certain range, to make the net change of the position zero."
Demand,"Demand is the appetite of a group of people for anything specific, whether cars or clothing, or for the general output of the economy in question. It is the other half of the equation from supply and the two ought to balance, but frequently fail to do so."
Demand Guarantee,"The basis of any contractual agreement between two parties is the performance of duties or services for a pre-decided consideration. In the case that one of the parties fails to keep their share of the contract, leading to a loss for the other party, demand guarantees can be extremely useful."
Demat Account,"A demat (or dematerialized) account is an Indian electronic shares and securities account. In India an investor does not take physical possession of certificates, which is the protocol everywhere else. A demat account would be opened by an investor whilst registering with an investment broker."
Dematerialization,Dematerialization (also known as demat) is the terminology used to describe the change from tangible certificates to an electronic form of book keeping. This move from physical stock certificates to electronic has already started to take place.
Demonetisation,"Demonetisation can be defined as stripping a currency unit of its status as legal tender. It happens whenever there’s a change of national currency. The process typically involves the removal of the current form of money from circulation, and the introduction of new notes and coins. Once a currency is demonetised, it no longer has any monetary value and cannot be exchanged for goods or services."
Deposit Margin,"If you trade through a broker in stocks, shares, contracts for difference, commodities or any other asset you can buy 'on margin', which means with borrowed money. To do that, you'll need to put down a deposit. The deposit margin is how much you have to put down and it's calculated as a percentage of the price of the security you want to buy."
Deposit risk,"Deposit risk is one specific form of liquidity risk. It occurs when a larger-than-expected cash outflow is removed from a financial institution because of changes in depositors’ behaviour. It is comprised of early withdrawal or redemption risk, roll over risk and run risk."
Depreciation,"Depreciation is the accounting method used to allocate the cost of a tangible asset. The depreciation definition may refer to two aspects of the same concept: the decrease in the value of assets and the method used to reallocate, or “write down” the cost of a tangible asset over its useful life span."
Derivative,"Derivative definition: Financial derivatives are contracts that ‘derive’ their value from the market performance of an underlying asset. Instead of the actual asset being exchanged, agreements are made that involve the exchange of cash or other assets for the underlying asset within a certain specified timeframe."
Derivatives Market,"A derivatives market is a financial marketplace for financial instruments like future contracts or options which are borrowed from other asset forms. Trading motives obviously differ within the derivatives market but there are four groups of participants, Hedgers, Speculators, Margin Traders and Arbitrageeurs."
Designation Scheme,"The Designation Scheme was established in 1997 by Arts Council England and has determined the highest quality collections in libraries, museums and archives in England. The main aim of the award was to raise awareness about the existence and cultural effect of these vital collections."
Deutsche Bank,"Deutsche Bank is a global banking and financial services company. Its headquarters are in Frankfurt, Germany. It employs more than 100,000 employees in more than 70 countries and is one of the largest foreign exchange dealers in the world."
Devaluation,"Devaluation is monetary policy tool used by governments to reduce the value of a country's currency in relation to another currency, group of currencies or standard. Governments can use this when their country has a fixed exchange rate or a semi-fixed exchange rate. They do this to improve their trading position in the world."
Devolvement,"Within the financial sector of investment banking, devolvement is a process which occurs due to an undersubscribed investment issue. In this process the underwriting investment bank is forced to purchase the unsold securities. This can indicate that the market is having a negative reaction to the issue, which can then impact demand."
Digital Assets,A digital assets definition refers to any asset that has been created and stored digitally.
Digital Banking,"This is when a bank's customers use the internet to perform any sort of banking activity, rather than going into a branch or doing this via post. Increasingly popular in the 21st century, customers can use home computers or mobile phones to access an account."
Dilution,"This refers to when an existing shareholder finds their stake in a company has become smaller - or been diluted - as more securities have been issued. As the total number of instruments is now greater, the existing investor now owns less of the company."
Direct cost,A direct cost is a cost that is directly traceable to the production of goods and services.
Direct finance,"This is when somebody borrows money directly from the financial markets, instead of using an intermediary or third-party service. This is usually done to avoid high borrowing costs of indirect finance, where interest rates can raise the overall cost of loans."
Direct Investment,"A direct investment is often referred to as foreign direct investment, or FDI. Investors put money into a business operating in another country. They aim to get a strong voice in the management of the enterprise and a long-term presence in a foreign country."
Direct market access,This is a way of allowing private investors to buy and sell directly on the order books of a stock exchange. It's done electronically and helps firms execute trades at lower costs.
Direct participation program,This is an arrangement that allows investors to participate in the income and tax benefits of a business. They're most commonly found in real estate and the energy sector.
Direct public offering,"This is when a company raises money by offering potential investors the chance to buy its securities directly, without using 'middlemen' - such as brokers or investment banks - that are commonly involved in initial public offerings (IPOs)."
Directors' dealings,"When a director or directors of a company buy or sell shares, these trades are known as directors' dealings. The dealings are in the public domain and are often considered a good indicator of a company's future prospects."
Discount house,"In the world of finance, a discount house is a financial company that is engaged in discounting, trading and negotiating bills of exchange or promissory notes. They act as money lenders, or as intermediaries between commercial borrowers and lenders."
Discount rate,You use a discount rate when estimating the attractiveness of an investment. You apply it to calculate the future value of a company in today's money. This is called discounted cash flow (DCF) analysis.
Discounted Cash Flow (DCF),"Discounted cash flow (DCF) is a financial analysis method used to calculate the value of a company, project or assets using the principles of the time value of money."
Discounted maximum loss,This is the worst-case scenario for a financial portfolio. It's sometimes known as the worst-case risk measure.
Dishonour,Dishonour is defined as the act of refusing to fulfil contractual obligations or pay a charge.
Disinflation,"In macroeconomics, the disinflation definition refers to the periods when the rate of inflation falls over a short period of time."
Displaced Moving Average (DMA),A displaced moving average is defined as a simple moving average that can be adjusted to fit a line of trend. It is a technical analysis indicator that could help traders in forecasting price trends.
Distortion risk measure,"This is a term used in financial mathematics. It's one of a number of types of measures, which are designed to predict investment risk."
Diversification,"Looking for a diversification definition? Diversification is a strategised form of risk management. It's a technique that incorporates an assortment of investments that are part of a portfolio. The aim is to minimise risk or volatility by investing in a wide variety of instruments, asset classes, industries, markets. The idea is that a portfolio made up of various diverse investments will, on average, produce greater returns and will present a lessened risk than any one lone investment within that particular portfolio. Diversification and hedging are the two widespread techniques for lowering investment risk."
Divestiture,"This is when a company sells or gets rid of its assets, for example as part of a merger or acquisition. An organisation may also divest areas of its business that are not part of its core operation so it can focus on what it does best."
Dividend,Dividend is a payout by companies to its shareholders to distribute a portion of a company's earnings. According to the Corporate Finance Institute’s (CFI) dividend definition:
Dividend Cover,"Dividend cover is the ratio of a company's net income to the dividend paid to shareholders, calculated as earnings per share divided by the dividend per share. It helps to indicate how sustainable a dividend is."
Dividend distribution tax,It's a tax levied by the Indian Government on companies according to the dividend paid to investors. DDT currently stands at 15% and only applies to domestic companies. Indian companies have to pay the tax even if they aren't liable to pay any tax on their income.
Dividend future,A dividend future is a forward contract traded on an exchange. It allows investors to take a long or short position on the amount of dividends paid by a company to its shareholders for a specific maturity date in the future.
Dividend imputation,"It’s a tax arrangement indicating that a company issuing a dividend has already paid tax on its profits. The investor who receives the dividend gets a tax credit for the corporate taxes that the company has paid, reducing their annual tax bill."
Dividend indices,"These measure the best performing stocks based on their dividend yield performance. They look for consistently high-yielding stocks. Some, such as the S&P Global Dividends Opportunity Index, consider aspects such as liquidity."
Dividend payout ratio,"This measures what a company pays out to investors in the form of dividends. It gives you an indication of how much money a company is returning to shareholders in relation to how much it’s retaining to reinvest in the business, pay off debt or keep in its cash reserves."
Dividend Policy,"It's a guideline outlining whether a company will pay profits to shareholders as dividends or instead retain its earnings. If a company does decide to issue dividends, the policy will say whether the dividends will be paid on an ongoing basis or less frequently."
Dividend puzzle,Just why do companies pay dividends? That's the question posed by the dividend puzzle. Some theorists are baffled as to why investors need dividends as an incentive to buy shares in a company.
Dividend recapitalisation,This is when a company borrows money to pay a dividend to shareholders. Private equity firms can use dividend recapitalisation to return funds to investors as an alternative to selling their equity stake in the business.
Dividend reinvestment plan,"Otherwise known as Drip, this is an investment plan offered by some companies enabling shareholders to automatically reinvest cash dividends. That means you can accumulate more stock without paying broker commission fees."
Dividend rights issue,A dividend rights issue is when a public company sells new shares in return for cash. Shares are usually offered at a discount price within a set time frame to encourage existing shareholders to take up the rights. They have first refusal for the shares.
Dividend Stock,"Before explaining what dividend stock means, let’s quickly recap the concept of dividends and stocks individually."
Dividend stripping,Dividend stripping is a short-term trading strategy. It’s when you buy a stock shortly before a dividend has been declared with the intention of selling it immediately after the dividend is paid.
Dividend Tax,"It’s a type of income tax you pay if a company you hold shares in distributes its profits in the form of a dividend. Dividends can provide you with a steady stream of income, but depending on how much you earn, you might have to pay tax on that income."
Dividend units,A dividend unit is an amount equal to a dividend for each share of stock that would be payable on the dividend record date. Dividend units are sometimes offered to employees in the US as part of their vesting plan for retirement.
Dividends received deduction,This is a reduction in dividend tax granted to a company to cover dividends received from part ownership in another business. The idea behind dividends received deduction (DRD) is to soften the blow of triple taxation.
Division 7A dividend,"Division 7A dividend is a term used in the Australian tax system. It refers to an amount of money on which the Australian Taxation Office (ATO) can apply dividend tax under Division 7A of the Tax Act. Money from loans, advances, payments and other credits are treated as income to be assessed."
DJ New Zealand index,"The DJ New Zealand index is an international equity index created by Dow Jones to provide data on the New Zealand market. New Zealand is classed as a developed market, which means it’s one of the most accessible to foreign investors. The index consists of the 50 largest, eligible stocks listed on the Main Board of the NZX by flat-adjusted market capitalization."
DJ Shanghai index,"The DJ Shanghai index is an international equity index created by the Dow Jones to provide data on the Chinese market. China is classed as an emerging market, which means it is accessible to foreign investors but less so than a developed market."
Dodd–Frank Wall Street Reform and Consumer Protection Act,This is a law passed by former US president Barack Obama in 2010 as a response to the financial crash of 2008. It brought major changes to financial regulation in the US.
Dogs of the Dow,This refers to a long-term investment strategy where a trader holds an equal value of securities in the ten companies with the highest dividend yield in the Dow Jones Industrial Average (DJIA) at the start of each year.
Doji,"What is a Doji? A Doji is defined as a unique pattern in a candlestick chart that shows when the opening and closing prices of a financial asset being traded are equal or only have small differences. In Japanese, the meaning of Doji is “mistake”, which refers to the fact that having equal opening and closing prices is unlikely or only happens rarely."
Domestic Market,This refers to the supply and demand of goods and services within one country. Firms that operate in a domestic market are based in the country in question and sell their goods or services to its citizens.
Don't fight the tape,"This is a phrase which advises traders not to go against the market trend. So if stock prices are rising, this statement would tell you not to sell."
Dotcom bubble,"Also referred to as the Internet bubble, the dotcom bubble was a historic period of excessive speculation on the rise of US technology stocks valuation, driven by investments in internet-based companies in the late 1990s."
Double Hedging,"When trading, it’s important to concentrate on strategies that could generate returns for a given risk. It is equally important to protect your portfolio from market uncertainties."
Dow 30 Index,"You want a Dow 30 definition? The Dow 30, officially known as the Dow Jones Industrial Average, is probably the best-known stock index in the world. Synonymous with the power of Wall Street, and symbolic of the reach and scale of US business, the Dow 30 is followed keenly wherever people trade shares. Its movements are tracked to gauge the mood of the US investment markets, the world’s most important."
Dow Jones,"Dow Jones is a global financial information and publishing company that owns some of the best-known names in business media and data. It is owned by News Corp, Rupert Murdoch's news, book publishing and radio arm."
Dow Jones Asian Titans 50 Index,It is a capitalization-weighted index of the largest and best-known blue-chip companies in the Asia-Pacific region. The 25 largest Japan-based and 25 largest non-Japan based stocks are selected from the Dow Jones Asia-Pacific index.
Dow Jones EURO STOXX 50,The stock index for the eurozone. It consists of 50 of the most liquid blue chip companies within the zone and is run by the Deutsche Borse Group. The index is market-capitalization weighted and was introduced in 1998.
Dow Jones Industrial Average,"The Dow Jones Industrial Average, commonly known as ""the Dow"", is an index of 30 major blue-chip shares traded on Wall Street. The composition of the index changes over time, reflecting developments on the US corporate scene."
Dow Jones Sustainability North America Index,It is one of a family of regional indexes compiled jointly by financial information group Dow Jones and sustainable investment specialist RobecoSAM. The index comprises the shares of 600 US and Canadian companies selected by Dow Jones and RobecoSAM as having met certain key criteria.
Downside beta,"This is a way to measure downside risk in a beta calculation. Investors may try to construct their portfolios by minimising downside beta, which can help them maintain value in times of market decline."
Downside risk,"This refers to the financial risk attached to a particular security in the event that it loses value. This can illustrate a worst-case scenario for an investor, which may be finite or infinite, depending on the instrument in question."
Dragon King Theory,"From predicting earthquakes and forest fires to medical emergencies and financial crises, Dragon King Theory is designed to identify disasters before they take place."
DSES,"This is an stock market index in Bangladesh. It's a subset of the Dhaka Stock Exchange (DSE) and includes stocks from this index that comply with Shariah, the Islamic religious law."
DTC Chill,A ‘chill’ is the limitation of one or more services placed on a security at the Depository Trust Company (DTC).
Dual-beta,"This is the idea that a market beta, a coefficient which indicates whether an investment is more or less volatile than the market as a whole, can be divided into two betas - downside beta and upside beta."
Due Diligence,"Due diligence is the process of investigating a person or company before signing a contract or financial agreement. It is most commonly used during a merger, acquisition or company takeover."
Dunkelflaute,Dunkelflaute is a German term that translates as “dark lull”. It’s been gaining popularity online at the start of a potentially tricky winter for Europeans.
Dynamic risk measure,This is a risk measure which looks at how risks at different times are related. It can also be interpreted as a sequence of conditional risk measures.
"E Fund Management (Hong Kong) Co., Limited","E Fund Management (Hong Kong) Co., Limited is an asset fund management company based in Hong Kong. It lists mutual funds, private equity funds and exchange-traded funds (ETF), which are investment funds traded on stock exchanges in Hong Kong, Europe and the US."
E-wallet,"An e-wallet is a digital wallet, an application that facilitates online transactions and cashless in-store payments. E-wallet applications run on smartphones and computers."
"Earnings before interest, taxes, and depreciation",This is a useful way to gauge a company's financial health. It's calculated using income statements and aims to establish profitability before taxes and interest are paid.
Earnings call,"An earnings call is a teleconference or webcast between members of a company, financial analysts and investors to discuss the financial results of a reporting period of time. A press release containing details of financial results usually accompanies these calls or will proceed them."
Earnings Estimate,An earnings estimate is the analysts’ expectation of a company’s future quarterly or annual profits or earnings per share (EPS).
Earnings guidance,"Earnings guidance is a publicly traded corporation’s official indicator of its own near future loss or profit, declared as a sum of money per share. Usually given as a quarterly report, this method enables corporations to keep track and improve their performance for the next quarter."
Earnings Response Coefficient,This is the estimated change in a company's stock price due to any unexpected statements in its earnings announcement.
East India Stock Dividend Redemption Act 1973,"The East India Stock Dividend Redemption Act was passed by Parliament in 1973 and formally dissolved the British East India Company. This stock company, created to support trade with the East Indies (now known as maritime Southeast Asia) ended up trading primarily with Qing China and the Indian Subcontinent."
EBID,EBID= EBIT (Earnings before Interest & Taxes) + Depreciation - Taxes
EBITDA,"Over time, analysts have developed a range of methodologies that they use to assess the value of companies. EBITDA is one such method. What is EBITDA? It is an acronym for earnings before interest, taxes, depreciation and amortisation."
Economic Capital,"Economic capital is the amount of capital that a company, usually of a financial nature, needs to stay stable, given the amount of its assets and the amount of its liabilities (risk profile). There are many models and methods used to calculate a firm’s economic capital."
Economic indicators,"In times of heightened turbulence in the global economy, talk of economic indicators and their impact on the financial markets comes to the fore."
Economic Value Added,Economic value added (EVA) is a corporate financial term for the valuation of a company's economic profit after it has reached the required return of its shareholders. The idea is that profit is generated from a company’s economic capital when that capital exceeds expenses.
Economics,"Economics can be explained, simply, as the study of wealth. A slightly more complex description is that it is the study of how people and societies choose to allocate scarce resources."
Economies of Scale,"Economies of scale, also known as diminishing marginal cost, is the cost advantage of buying or producing something in bulk. Economies of scale are broken into two main definitions: external economies of scale, which arise from other factors such as industry size and internal – coming from within the company itself."
Effective annual rate (EAR),"The EAR is the rate of interest earned in a year, taking compound interest into account. It is also referred to as the effective interest rate, the effective rate, or the annual equivalent rate (AER)."
Effective gross income,"Effective gross income (EGI) is the amount of income generated by a property, including collection losses, miscellaneous income and less vacancy cost. When it comes to an investment property, effective gross income is the measure used to determine the value."
Efficiency Ratio,"The efficiency ratio is a measure of quantifying and analysing how efficiently a company handles its assets and liabilities internally. The efficiency ratio applies to companies, firms and banks and is a tool favoured by analysts to gauge the short term performance of a company."
Efficient Market Hypothesis (EMH),"The efficient market hypothesis (EMH) is a financial economics theory suggesting that asset prices reflect all the available information. According to the EMH hypothesis, neither fundamental, nor technical analysis may produce risk-adjusted excess returns consistently, since market prices should only react to new information."
Eisner v. Macomber,Eisner v. Macomber was a notable tax case before the United States Supreme Court with a ruling declared in 1920. It was made notable because of a holding – pro rata stock dividend – where the income tax imposed on this dividend was unconstitutional.
Electricity price area,"A specific zone where the electricity is traded at the same spot price as it would on a power exchange. The area is decided by the transmissions systems operator, which is entrusted to bring energy (natural gas and electrical power) on a regional or national scale using specific infrastructure."
Electronic communication network,"An electronic communication network (ECN) is a forum or network that is totally computerized, which expedites the trading of financial products away from the traditional stock exchange. Currencies and stocks are the main instruments which are traded on electronic communications networks."
Electronic trading,"This refers to a method of trading securities, financial derivatives or foreign exchange electronically. Both buyers and sellers use the internet to connect to a trading platform such as an exchange-based system or electronic communication network (ECN)."
Emmanuel Lemelson,He's an American Greek Orthodox priest who's also a businessman and advocates a philosophy based on Christian teachings.
Endogenous risk,"This refers to certain risk factors that are related to the internal workings of the overall financial system, and how all participants interact with each other. It comes from the ancient Greek words for 'growing' and 'within'."
Endowment Fund,"Endowment funds are defined as investment funds established for the purpose of supporting a charitable foundation or non-profit organisation. Typically funded through donations, they are normally structured in a way that ensures the fund’s initial capital remains intact, meaning only an endowment fund’s income can be withdrawn to fund organisation or charity operations."
Energy Crisis,"This term may refer to the 1979 oil crisis in America, when crude oil prices soared following political upheaval in Iran. This led to panic about availability, and long queues at petrol stations as Americans scrambled to buy fuel for their cars."
English auction,An English auction is a process of selling goods and the most common form of auction. The price starts low and increases as buyers bid for the item until one buyer is left willing to pay a certain amount and a higher bid isn't received during the given time period. The auction is overseen by an auctioneer who announces prices and makes sure all bidders have the opportunity to increase the price they are offering against rival bids. When items are entered for auction a reserve price is usually set and the item won't be sold if a bid doesn't pass that threshold.
Enterprise Risk Management,Enterprise risk management (ERM) is a strategic business discipline. It considers all possible risks to an organisation and outlines options if one of these risks comes to fuition. It also manages the combined impact of those risks to help the organisation achieve its objectives and get a competitive edge.
Enterprise Value,"This is a way to measure the total value of a company. It's calculated by taking the firm's market capitalisation , adding total debt , then subtracting cash and investments."
Entropic risk measure,"This is a term used in financial mathematics. It's a risk measure that depends on the risk aversion of the individual, meaning it provides different values for investors who have different attitudes towards risk."
Entropic value at risk,This is a coherent risk measure that was first introduced in 2011. It uses a concept known as the Chernoff bound and is designed to tackle inefficiencies in the theory of conditional value at risk.
Equalising Dividend,"Before learning about the meaning of an equalising dividend, it is important to understand what kind of situation warrants its payment. Typically, a change in a company’s dividend schedule necessitates releasing equalising dividend payments to its qualified shareholders."
Equation of exchange,This is an economic calculation showing the relationship between four measures. Its formula is:
Equifax,"This is the name of a consumer credit reporting agency, based in Atlanta, Georgia, in the US. Founded in 1899, the organisation serves customers all over the world. It is listed on the New York Stock Exchange (NYSE)."
Equity,"In finance, the equity definition is the amount of money the owner of an asset would have after it was sold and any debts associated with it were paid off."
Equity Capital Markets,"An equity capital market (ECM) is a market between companies and financial institutions that aims to raise equity capital for the companies. The key players within ECMs are big financial institutions such as Citigroup, Goldman Sachs and UBS."
Equity carve-out,"It's a form of corporate reorganisation in which a company creates a new subsidiary and then IPOs it, while keeping management control. Typically, up to 20% of subsidiary shares are offered to the public, with the parent company retaining an equity stake in the subsidiary and offering strategic support and resources."
Equity firm,What is an equity firm? Equity firms make investments in the private equity of a number of companies through a variety of investment strategies. Such firms are not listed and therefore do not trade their shares publicly. These firms often use their own capital or capital raised from investors to take companies private with the aim of running them better and later taking them public or selling them at a profit.
Equity premium puzzle,"It's the phenomenon that returns on stocks over the last century have been far higher than returns on government bonds. For the past century, the equity premium (equity returns minus bond returns) has been around 6% on average - an unexpectedly large percentage that has long puzzled financial academics."
Equity ratio,"Equity ratio is a simple equation that measures the financial strength of a company. It divides a company’s total liabilities by its stockholders' equity, which is the funds put into the business by investors."
Equity Risk,"Investing cash in a company's stock is usually more risky than investing in so-called 'risk free' investments, such as government bonds. This is called equity risk."
Equity shares,"An equity share definition is: commonly referred to as an ordinary share or common stock, an equity share is an investable type of security issued by a company to the public. It gives partial ownership of a public company to a buyer, also known as a shareholder, who undertakes the entrepreneurial risk associated with a business venture. Holders of this type of shares are entitled to a portion of the company’s profits and get the right to vote on corporate matters, such as setting corporate policy, accepting takeover bids and electing the members of a board of directors. Speaking from a company’s perspective, equity shares are the main source of finance of a firm."
Equity stake,"Equity stakes represent ownership in a company. Investors who hold equity stakes have a say in how the company is run and, in some cases, even vote on important matters such as electing board members or making major business decisions."
Equity valuation,"Equity valuation is a financial term used to refer to all the techniques, methods and tools implemented to estimate the true value of a company’s equity. It is commonly referred to as the most pivotal aspect of successful investment decision-making."
Equity-linked note,Equity-linked notes (ELN) are debt instruments that allow a borrower to raise funds by promising to repay a lender in a timeframe agreed by contract.
ERC-20,"If you are interested in the cryptocurrency market, you have probably come across the term ERC-20 token. But what does ERC-20 stand for?"
Erie War,"This was a battle between powerful 19th century American businessmen, who sought to gain control of the lucrative Erie Railroad Company. The business owned and operated the Erie Railroad, which was the longest railway line in the world and stretched from Buffalo to New York."
ESG Quant,"This is an investment strategy created by the Anglo-German investment management firm Arabesque Partners. It involves quantitive equity investing using non-financial ESG information - environmental, social and governance data."
Ethereum Virtual Machine (EVM),An Ethereum Virtual Machine (EVM) is a computational platform that allows developers to create decentralised applications (DApps) on Ethereum. The EVM is where all the Ethereum accounts and smart contracts are stored.
Eurasian Economic Union,The Eurasian Economic Union is an internationally recognised union of culturally and economically aligned countries made up of former Soviet republics located in North and Central Asia as well as in Eastern Europe.
Euro money market,This is the money market for borrowing and lending currencies held as deposits in banks outside the country where they are legal tender. It is often used by institutions who wish to circumvent domestic regulations on certain transactions.
Euro Stoxx 50 Index,The EUROSTOXX 50 Index (sometimes called the Dow Jones EUROSTOXX 50) is Europe’s leading Blue-chip index for the Eurozone and provides a Blue-chip representation of super sector leaders in the Eurozone.
Eurodollars,Eurodollars are deposits of US dollars in banks outside of the United States – typically in Europe (hence the name). As the deposit is made outside of the US it escapes banking regulations from the Federal Reserve and the Securities and Exchange Commission.
Euronext,"Euronext is a pan-European stock market operating in Belgium, France, the Netherlands, Portugal and the UK. It comprises the stock exchanges of Lisbon, Amsterdam, Paris and Brussels and has the UK-based regulated securities market operation called Euronext London. It functions as a single exchange with a single order book."
European Central Bank (ECB),"The European Central Bank (ECB) is the central bank that supervises over 120 central and commercial banks based in the 19 EU countries that use the euro (EUR) currency. Created in June 1998 after the Treaty of Amsterdam, the ECB is headquartered in Frankfurt, Germany."
European Depositary Receipts (EDRs),"A simple European depositary receipt (EDR) meaning is a bank-issued security, representing a specified number of shares in a non-European company’s stock. It is the European equivalent of an American depositary receipt (ADR) and global depository receipts (GDRs)."
European Market Infrastructure Regulation,"European Market Infrastructure Regulation was created to improve transparency and reduce the risks associated with the derivatives market. The regulation was introduced by the EU in 2012 and is specifically designed to control over-the-counter (OTC) derivatives, which are private trades conducted between two parties without the supervision of an exchange."
European Securities and Markets Authority,"The European Securities and Markets Authority (ESMA) supervises the EU Single Market, improving investor protection and introducing legislation that creates a stable financial market."
European Systemic Risk Board,"The European Systemic Risk Board (ESRB) is an independent body that ensures financial stability in the European Union. It includes representatives from the European Central Bank (ECB), supervisors from EU member states, and the European Commission which proposes legislation and manages the day-to-day business of the EU."
Eurozone,"It's an economic region made up of all the countries in the European Union that use the euro as their national currency and sole legal tender. Officially called the euro area, the eurozone came into being in 1999 and is now one of the largest economic regions in the world with 19 member countries, as of January 2017."
EV/EBITDA,"This is a calculation used to value a business. EV stands for enterprise value, while EBITDA is earnings before interest, taxes, depreciation and amortisation. It’s a measure of a company’s operating performance based on data from its income statement."
EV/GCI,This is a metric used to value a business. It stands for enterprise value/gross cash invested. It’s an advanced valuation technique that compares the value of assets on a company's balance sheet with their current market value.
EV/Sales,Enterprise value-to-sales is a business valuation method that compares the total value of a company with its sales. Sales is defined as the value of the products a company sells in a given year.
Event-driven investing,"It's a hedge fund investment strategy that aims to take advantage of corporate events such as earnings calls, mergers or acquisitions that can result in a company's stock being temporarily mispriced. In particular, this strategy exploits the tendency of shares to drop during times of change."
Exchange,"A marketplace where buyers and sellers come together to trade in stocks and shares, commodities, derivatives, currencies and other financial instruments."
Exchange rate risk,Exchange rate risk is the possibility that the value of an investment will change when the currency is exchanged.
Exchange traded fund (ETF),Exchange traded fund (ETF) is a useful instrument in an investor’s arsenal. Yet what’s the mechanics behind this investing vehicle and how do the ETFs work? Here we take a look at the ETF definition.
Exchange traded note (ETN),An exchange traded note (ETN) is a debt security issued by a bank and traded on a stock exchange. Their value will be based on the performance of a specific index and the payout due to the investor on maturity will reflect this.
Exchange traded products (ETP),"ETPs comprise a family of securities that are traded on stock markets just like a common share and are traded intraday. Generally, ETPs are created in order to track a financial instrument, whether a share-price index, a currency, a commodity or an interest rate. The best-known ETPs are exchange-traded funds (ETFs)."
Exclusivity,Exclusivity is a term used in the sale of a business. It refers either to an agreement that the broker who introduced the buyer to the seller has the right to be paid a success fee or to an agreement that the seller cannot look for an alternative buyer once the sale is agreed.
Exercised option,An exercised option is when the person holding the option decides to buy or sell the underlying shares from the option’s issuer at a predetermined price.
Exit-strategy,An exit strategy is a carefully planned way to liquidate assets if needed and can be because of either because of positive or negative reasons.
Expansion Option,"In finance, an option typically refers to a derivative financial instrument. Options, such as a call or put option, derive their values from an underlying asset and give the option holder a right to buy or sell the underlying asset. However, expansion options are a subset of real options, which reflect opportunities or options that a business may or may not choose to realise depending upon the surrounding circumstances."
Expectations hypothesis,This is a formula used to predict interest rates. It's based on the idea that long-term interest rates can help forecast short-term interest rates in the future.
Expected loss,This is a calculation used by lending institutions to help them understand losses they may incur as a result of lending to a borrower that may default.
Expected Monetary Value (EMV),What is expected monetary value (EVM)? It’s a risk management tool that aims to predict the value of future events.
Expected return,Expected return is the amount of profit or loss anticipated from an investment.
Expected shortfall,This is a way of measuring the market risk or credit risk of a portfolio. It's a useful extension to value at risk.
Expenditure,"Expenditure describes the movement of money out of a business, household or government either in return for goods or services or in order to service a debt or meet a legal claim. Expenditure is the other half of the equation that it shares with income."
Expense ratio,"It's a term used in relation to fund management and describes the cost of running the fund in question. All costs such as salaries, taxes, marketing, administration, fees and other expenses are added up and expressed as a percentage of the average value of assets under management (AUM)."
Experian,"It's a global information services group, listed on the London Stock Exchange, with around 17,000 employees. It has grown from a credit-checking business to become one of the world's biggest business information companies, helping firms to assess their overall risk."
Expiration Date,"The expiration date has two slightly different meanings for America and Europe. According to Nasdaq, in the US the expiration date is the last day that on which a future or option may be exercised. In Europe, it's the only day."
Expire dividend right,It describes the expiry of the right to be paid a dividend on a particular share. Companies set a cut-off date after which someone buying the stock will not be entitled to the latest dividend. Such shares are described as ex-dividend.
Exponential utility,"It is a class of utility function that's used in many financial investment decisions. An exponential utility function has just one adjustable numerical parameter, called the risk tolerance, and there are straightforward ways to discover an appropriate value of this parameter for a company or individual."
Export-Import Bank of the United States (EXIM),"EXIM stands for Export-Import Bank of the United States, and is the official export credit agency of the US. The EXIM provides export businesses with financing and assistance necessary to compete globally."
Exposure factor,This is the proportion of the value of an asset that is likely to be lost due a particular risk. It's expressed as a percentage of the original value.
External Financing,"This describes money a company may raise from outside its business. It can refer to equity issues, where the firms in question raise funds thanks to outside investment."
Extreme value theory,This is a way to measure the likelihood of an extremely unlikely event. It's useful for insurers to help them measure the risk of disasters such as wildfires or earthquakes.
FAANG stocks,"‘FAANG’ is an acronym, the letters of which represent the names of the five largest technology companies in the US – Facebook (FB), Amazon (AMZN), Apple (AAPL), Netflix (NFLX) and Google owner, Alphabet (GOOGL). Each FAANG company is listed on the NASDAQ or the New York Stock Exchange (NYSE)."
"Face value (par value, principal)","Face value, also known as par value, is a trading term used to describe the nominal value of a security. For bonds this is the amount that the bondholder will receive when the bond matures. For stocks, it is the value per share from the issuer."
Factoring,This is a transaction which involves a business selling its receivables to an intermediary known as a factor. It's sometimes done to help a company meet its immediate cash needs.
Failure to deliver,"Failure to deliver occurs when one or more member of a transaction does not deliver on their respective commitments. When trading, once any trade has been made, both parties will need to pay and deliver the underlying asset by a specific settlement date."
Fair Value Accounting,Fair value accounting continually captures changes in asset and liability values over time.
Fama–French three-factor model,"Within the framework of portfolio management and asset pricing, the Fama-French three-factor model is a structured model designed to explain stock returns. The three factors that feature in this model are company size, market risk and company price to book ratio."
Fannie Mae: definition and meaning,"Fannie Mae or the Federal National Mortgage Association (FNMA) is a government-sponsored enterprise (GSE), which was created to stimulate the housing market in the United States. The company, established in 1938 by the US Congress during the Great Depression, aimed to make more mortgages available to low and moderate-income families."
Faroese Securities Market,The Faroese Securities Market is a securities market established in 2000 for the Faroe Islands. It is technically operated by the Icelandic Stock Exchange.
FAS 133,"Statements of Financial Accounting Standards 133, also known as FAS 133, is an accounting standard that requires companies to calculate all assets and liabilities on their balance sheet at fair value. Issued by the Financial Accounting Standards Board (FASB) in June of 1998, FAS 133 was created because of major hedging losses."
Fat-finger error,"A fat fingered error is a computer-related input error which takes place on the financial markets, meaning that a buy or sell order is placed for far more than intended, for the incorrect contract or stock or with any other feasible input errors."
Favourite-longshot bias,"A favourite-longshot bias is a term used within finance, economics and sports betting. It refers to a phenomenon where the bettor will choose to bet on the long shot over the favourite. This is a studied phenomenon where the long shots are over-valued and the favourite is under-valued."
FCA,"The FCA stands for the Financial Conduct Authority. It is the UK's financial regulator, responsible for 56,000 financial firms and markets. It replaced the Financial Services Authority (FSA) in 2013."
Featherbedding,Featherbedding refers to the labour union rule or safety statute requiring employers to hire more employees than are needed or to limit production.
Federal Deposit Insurance Corporation,The Federal Deposit Insurance Corporation (FDIC) is a corporation in the US that delivers deposit insurance to depositors of banks in the United States. It is funded by members’ banks' insurance dues and has a line of credit with the United States Department of Treasury worth $100 billion.
Federal Reserve,"The Federal Reserve System is the central bank of the United States. It was founded by the US Congress in 1913 to oversee a safer, more stable monetary and financial system. It's often referred to simply as the Fed."
Federal takeover of Fannie Mae and Freddie Mac,"In September of 2008, the Federal National Mortgage Association (Fannie Mae) and the Federal Home Loan Mortgage Corporation (Freddie Mac) were placed into conservatorship of government sponsored enterprises, by the US Treasury. This event took place during the then ongoing subprime mortgage crisis."
Feeder fund,"A feeder fund is a type of investment fund that does the majority of its investments through a master fund, using a master feeder relationship. It is similar to a strategy called fund of funds, but the main difference is that the master fund does all the investing."
Fence,"Also known as a collar, it is an option strategy that puts a restriction around a commodity or a security in order to protect profits. This strategy involved buying multiple options, which are all due to expire at around the same time."
Fiat Money,"Fiat money can be defined as a currency established as legal tender by government regulation. A fiat currency is not backed by a physical commodity such as gold or silver. Fiat money lacks intrinsic value, deriving its value from public trust in the issuing government, and trust between parties engaged in buying and selling."
FICO,"This is a data analytics company based in San Jose, California. It calculates consumer credit scores, helping lenders to gauge potential risk when issuing loans or credit. Founded in 1956, it was originally called Fair, Isaac and Company."
Fiduciary,"A fiduciary is a person who's in a position of trust, either legally or ethically and invests money on behalf of a beneficiary. For example, for investors it could be a banker, accountant or wealth manager."
Fiduciary rule,The US Department of Labor fiduciary rule is a piece of legislation that will automatically promote all financial advisers who work on retirement accounts or savings to fiduciary level. This means they will be legally bound to giving their clients advice in their best interests.
Fill or kill,"This is a type of order issued by a buyer or seller to a broker. It is an immediate request, meaning the order must be completed at a certain price straight away. If this is not possible, the order must be cancelled."
Film Musicians Secondary Markets Fund,This is a not-for-profit organisation that collects and distributes residual payments to musicians who work in film and television.
Financial Adviser,"As the name suggests, a financial adviser is someone who offers advice on financial matters. Some cover the whole spectrum from investments, estate planning and insurance to mortgages, taxes and pensions and some even hold client assets. Others are more narrowly focused."
Financial asset securitization investment trust,This is a type of financing tool that was created in 1996 and designed to be used for the securitization of non-mortgage assets. Securitization occurs when an illiquid asset is turned into a security.
Financial astrology,"This is the practice of relating the movement of financial markets to the stars. It's not used in standard economic practice, but has been around in some form for thousands of years."
Financial betting,"It is wagering on the price development of a financial instrument at a later date relative to the current price, against odds offered by a bookmaker. The outcome of the wager at settlement is binary - either a win or a loss."
Financial CHOICE Act,"In June 2017 US Congress passed a Republican bill that, if also approved by the Senate, will see a reduction in the restrictions imposed on Wall Street following the 2008 crash."
Financial condition report,A financial condition report (FCR) is used in accounting to document the solvency of an insurance company. The report is based on two criteria; the company’s current financial status and an assessment of its ability to handle future risks such as a poor economic conditions.
Financial Crisis Inquiry Commission,"It was a 10-member commission appointed by the US government to investigate the causes of the 2007-10 financial crisis. Chaired by Phil Angelides, its first public hearing was held in January 2010. The commission reported its findings in January 2011."
Financial crisis of 2007–2008,"This was one of the worst economic disasters in history. The signs that all was not well began with images of Northern Rock customers queuing round the block to withdraw their savings in September 2007, before the US financial system crashed. The crisis quickly spread worldwide thanks to modern markets being intrinsically linked."
Financial forecasting,"The way to define financial forecasting is as the estimating of the future financial performance of a company. Businesses that list their shares on exchanges are required to regularly report their financial results, and some publish their forecasts of financial metrics for the coming reporting period."
Financial Information eXchange,"Also known as FIX, Financial Information eXchange enables electronic communications to be sent between financial institutions and brokers in real time. It’s a system that helps to reduce trade costs, increasing the speed and efficiency of financial markets around the world."
Financial institution (FI),"Are you looking for a simple financial institution definition? To define financial institution (FI), the term refers to any public or private organisation that is engaged in financial activities such as banking, dealing in stocks and other securities, or providing money services including currency exchange."
Financial integration,"It's a phenomenon where financial markets in neighbouring, regional or global economies are closely linked together - for example, through cross-border capital flows, foreign participation in the domestic financial markets, and information sharing among financial institutions. Legal restrictions can sometimes hinder financial integration."
Financial Market,"What is financial market? It’s a location or facility for the trading of financial instruments such as shares, currencies, bonds or commodities. A market may have a physical trading floor or it may exist only in cyber-space, but in both cases there will be rules of conduct that traders must observe."
Financial market participants,"They're all the people and organisations that do business in a financial market, from banks and other lenders to individual investors. There are two basic financial market participant categories – investor v speculator, and institutional v retail."
Financial Model,"Financial model is a mathematical model showing the likely financial outcomes of any asset, whether a portfolio of shares or the performance of an individual business. Typically, financial models examine different future economic scenarios or valuations of individual assets, whether securities, portfolios or businesses."
Financial plan,A financial plan can serve as a roadmap to help people achieve their financial goals. Understanding the financial planning definition can help you build such a plan on your own or with the help of a professional financial planner.
Financial Planner,"Planning for your finances can be a complicated task. For this reason, knowing what a financial planner can do for you in this particular field can help you in case you are struggling to improve the way you manage your money."
Financial Product (Instrument),"A financial instrument is any asset or bundle of assets that can be traded. The ability to buy and sell is part of the definition of a financial instrument, as is the fact that they can be traded anonymously among people who have never met each other."
Financial quote,"In investing, a quote is the bid price or ask price for a stock. The bid quote shows the highest price and quantity at which a buyer is willing to buy, while the ask price indicates the lowest price a seller will accept."
Financial Ratio,"It's the quantitative relation between two selected numerical values taken from a company's financial statements. Many standard ratios are utilised to assess the financial condition of a firm; these ratios can be used by managers, current and potential shareholders and a firm's creditors to gain insight into the company's performance."
Financial Regulation,"It's a form of regulation or supervision under which financial institutions, such as banks, are subjected to certain requirements and restrictions. Financial regulation aims to maintain the integrity and stability of the financial system, secure adequate consumer protection, reduce financial crime and maintain market confidence."
Financial Report,"A financial report, sometimes called a financial statement, is a document prepared by a company giving its overall financial position. Most jurisdictions compel at least larger companies to publish such information annually. This is for the benefit of both the company's shareholders and creditors."
Financial result,Financial results report on a company’s bottom line and are a key performance indicator. The term refers to the amount of profit or loss a company makes during a set period of time.
Financial Risk,"Financial risk is the risk that a company won't be able to meet its obligations to pay back its debts. Which in turn could mean that potential investors will lose the money invested in the company. The more debt a company has, the higher the potential financial risk."
Financial risk modelling,"It’s a system to help you predict the financial outcome for any stock, portfolio or company by assessing the likelihood and scale of risk involved. The idea is to accurately identify the dangers, and explore how each of the risk factors could affect the outcome of the activity."
Financial services,"They are the services provided by the finance industry, embracing a wide range of businesses that manage money including banks, credit card providers, insurers, investment funds and consumer finance firms. Financial services companies tend to be especially concentrated in financial centres such as London, Frankfurt, Tokyo and New York."
Financial Services Compensation Scheme (FSCS),"The Financial Services Compensation Scheme (FSCS) is a statutory deposit protection and investor compensation fund in the UK. What does the FSCS do? Operating independently of the government or the financial services industry, the sole purpose of the FSCS is to protect consumers if financial firms fail and are unable to repay their obligations."
Financial signal processing,Financial signal processing is the analysis of key signals within financial markets. It looks for trends and patterns in behaviour that can be used to forecast future assets’ price action.
Financial Stability Board,It’s an international financial regulator created by the G20 to advise world leaders on fiscal policy. The main objective of the Financial Stability Board (FSB) is to identify problems in the global financial system and recommend action to address them.
Financial Stability Oversight Council,"It’s a committee responsible for monitoring the financial system in the US. The council reviews systematic risks affecting the entire financial industry, and can approve disciplinary action against financial institutions."
Financial Statement,"A financial statement is a summary report, which shows how a company has used the funds entrusted to it by its lenders and shareholders, and what its current financial position is. It comprises the balance sheet, the income statement, the statement of retained earnings and a cash flow statement. In most jurisdictions, publicly traded companies are required to publish a financial statement at set periods of time, although the frequency and level of detailing may vary from country to country."
Financial Times Stock Exchange (Footsie),"The FTSE 100 definition is the same as the definition of the Financial Times Stock Exchange 100 Index, with the FTSE 100, or Footsie, being shortened names (or slang names) for the stock market index. The index comprises the top 100 companies listed on the London Stock Exchange in terms of market capitalisation. Companies listed on the FTSE today represent roughly 81% of the London Stock Exchange’s entire market capitalisation."
FINRA,"FINRA is an acronym for the Financial Industry Regulatory Authority, a US practitioner-based self-regulatory organisation that supervises the business conduct of dealers and brokers both with each other and with the investing public."
Fintech,"Fintech is the shortened version of the phrase Financial Technology, which is now used to describe businesses that offer financial services using software and modern technology. Some fintech developments have improved traditional services, for example mobile banking apps, while other have revolutionised services such as pay per mile car insurance or created new products, such as Bitcoin."
First Chicago Method,"It's a business valuation approach used by venture capital and private equity investors that combines aspects of both a multiples-based valuation and a discounted cash flow valuation approach. The method was first developed by First Chicago Corporation Venture Capital, and is named after it."
FIS (company),"Fidelity National Information Services Inc. (FIS) is an international provider of financial services technology and outsourcing services based in Jacksonville, Florida, that employs over 55,000 people around the world. The company provides payment processing and banking software, services and outsourcing of associated technology."
Fiscal policy,"What is fiscal policy? Fiscal policy is a term usually used in a political context when discussing the state of an economy. It refers to changes made by governments in relation to a country’s finances, usually in an attempt to stabilise a nation’s economy."
Fitch Ratings,"Fitch Ratings is one of the three top international credit rating agencies, along with Moody's  and Standard & Poor's, that award credit rating grades to a country or large corporate borrower indicating the probability of default. Credit ratings are used by investors as indicators of how likely that they will get the money owed to on the terms agreed when it invested."
FIXatdl,It's a standard for the exchange of meta-information that's needed to enable algorithmic trading activity in the financial markets. The acronym stands for FIX Algorithmic Trading Definition Language. It works in conjunction with the Financial Information eXchange (FIX) protocol - the common language of electronic trading in the securities market.
Fixed asset,A fixed asset is an item of property that is used in company operations to generate income.
Fixed bill,It's an energy pricing scheme in which a consumer pays a pre-set sum for their energy consumption over a certain period. The price is independent of the amount of energy used or the unit price of the energy. Energy companies can offer fixed bills by hedging the risks of varying demand using weather derivatives.
Fixed deposit,"It's a financial instrument offered by banks which gives investors a higher interest rate than a regular savings account until the maturity date. In the US, Canada and Australia it's known as a term deposit or time deposit, while in the UK and India it's called a bond."
Fixed income,It's a style of investing in which real return rates or periodic income is received regularly and at reasonably predictable levels. Retired people tend to favour fixed income investments because of the stable income stream they offer.
Fixed income arbitrage,"Fixed income arbitrage is an investment strategy that aims to profit from the small differences in interest rates between fixed income securities (stocks, bonds and other investments)."
Fixed-asset turnover,Fixed-asset turnover is an equation that can help creditors and investors measure how effectively a business is using its fixed assets to generate sales. It’s an efficiency ratio that measures a company’s return on investment in premises and equipment.
Fixed-income attribution,It’s a method for assessing a portfolio manager’s performance with investments that rely on fixed-income assets. It breaks down the returns of each component so you can evaluate them individually instead of looking only at the aggregate performance of the portfolio.
Flash crash,"It's a very rapid, deep and volatile fall in security prices within an extremely short period of time. A flash crash often stems from trades executed by black-box trading and high-frequency trading, whose extreme speed can lead to the loss and recovery of billions of dollars in minutes or seconds."
Flight-to-liquidity,A sudden shift in which a large number of investors sell illiquid assets in order to buy liquid assets. This can lead to panic and in some cases has triggered a financial crisis.
Floor Broker,"A floor broker, also known as a pit broker, is an independent broker who executes orders on the floor of a stock or commodity exchange on behalf of clients that can include banks or brokerages. They can act as a back-up if the market is overwhelmed by orders. It is their duty to make sure they get the best competitive price available for their temporary clients."
Flow-through share,A tax incentive for investors in Canadian resource companies which allows taxpayers to deduct eligible expenses incurred by the company as if they were the investor’s own expenses.
Focused Fund,"A focused fund definition  describes this as a type of mutual fund that invests in a small number of stocks or bonds that share similar characteristics, such as limited sectors, rather than holding positions in a large number of diverse assets."
Food speculation,"What is food speculation?
The buying and selling of futures contracts by traders with the aim of profiting from changes in food prices. Food speculation can be both positive and negative for food producers and buyers."
"Foreign Exchange (Forex, FX)","Looking for a foreign exchange definition? Want to know what is forex trading? Foreign exchange – also known as forex or FX – is the conversion of one currency into another, or the global market in which currencies are traded."
Foreign exchange hedge,A method used by businesses and investors to reduce or eliminate the risk of unwanted currency fluctuations when carrying out transactions in foreign currencies.
Foreign exchange risk,Foreign exchange risk is the threat of financial loss as a result of changes to foreign exchange rates.
Forex signal,An indication of when to trade on the foreign exchange market. The signal may be based on human analyses of market movements or a tracking software.
Forfeiture,"Forfeiture is the seizure of any property due to defaults on contractual obligations or due to illegal conduct of the property holder. Under the US federal law, forfeiture can be of the following types: criminal forfeiture, civil judicial forfeiture, and administrative forfeiture."
Forward bet,"It is a type of spread bet that expires after a fixed period, in contrast with a daily funded bet, which can run for as long as the trader is prepared to pay to keep it open. Both types of bets are used to speculate on market movements."
Forward Contract,"Looking for a forward contract definition? A forward contract is a contract between two parties that commits them to buy or sell an asset at an agreed price on a specific date in the future. This makes it a type of derivative, with the buyer taking a long position, and the seller a short position. Commodities, currencies and financial instruments can all be traded in forward contracts."
Forward market,An over-the-counter market that's used for trading assets when the price of the asset is fixed for delivery at a future date.
Forward Price-to-Earnings (Forward P/E),Analysts often use forward price-to-earnings (P/E) ratio as a form of valuation metrics that incorporates estimated future earnings. Here we take a look at the forward price-to-earnings meaning to understand the valuation technique in more detail.
Forward split,"It is a manoeuvre by companies to sub-divide their shares by exchanging a larger number of new shares for a smaller number of existing shares, for example one old share becomes 100 new shares. The total value of the investors' holdings will not change."
Founding partner,"The owner or owners of the initial company acquired by private equity buyers seeking to merge a number of firms in the same line of business into a larger entity. As they were in at the start of this consolidation, they are called founding partners."
Fractional-reserve banking,A banking system in which a bank only keeps a small amount of the money deposited on hand for withdrawal. The rest is used to make loans or investments.
Frankfurt Stock Exchange,"The Frankfurt Stock Exchange (FSE), previously known as the Frankfurter Wertpapierbörse – FWB, is the largest of Germany’s seven regional stock exchanges. It is the 12th largest stock exchange in the world with a market capitalisation approaching $2bn. Located in the business district in Frankfurt, the exchange is operated by Deutsche Börse, which together with the Börse Frankfurt Zertifikate, is the repository of the exchange."
Freddie Mac definition,"Freddie Mac, or Federal Home Loan Mortgage Corp (FHLMC) is a government-sponsored company, chartered by the US Congress in 1970 with the purpose of expanding the secondary market for mortgages in the United States."
Free cash flow (FCF),"Free cash flow represents the cash that a company produces through its business operations minus any capital expenditure on maintaining or improving its assets, such as plant and machinery. The cash remaining is thus 'free' to be deployed as the company and its owners decide."
Free float,"Also known as public float, a free float refers to the number of a company's outstanding shares owned by public investors, excluding locked-in shares held by company managers and officers, controlling-interest investors, governments and other private parties."
Free Market,"A free market economy means one that is mostly driven by supply and demand and has little or no governmental interference. In a free market, buyers and sellers can exchange goods and services without any obstruction."
Free Riding,An illegal operation in which an investor using a cash account buys and sells securities without having the cash to pay for the original purchase.
FreeCreditScore.com,"A website that enables users to check their Experian credit report and FICO Score online. Previously, users had to sign up to a monthly paid service, but this is no longer required."
Freelance Economy,"The freelance economy means an economic situation in which the labour market is increasingly saturated with short-term contracts rather than full-time employment. Instead of hiring for permanent positions, companies recruit self-employed professionals to perform specific tasks for a fee."
French auction,A type of auction used for pricing initial public offerings (IPOs) in which the firm offering shares works with the market regulator to agree a share price once sealed bids have been received.
Frequency Identification,"Radio frequency identification (RFID) refers to wireless technology used to send information between a pair of devices, generally a tag and a reader. It is used in medical devices, supply chain management and most commonly product bar codes."
Frictionless market,An ideal trading environment in which there are no costs or other restraints on transactions. A frictionless market is a theoretical concept.
FT30 Index,"The FT30 Index is one of the oldest stock indices in the world, initially made up of 30 of the largest British companies. It was intended to demonstrate the strength of the British economy, listing industrial and commercial sector businesses rather than government stocks and financial services institutions."
FTSE 100,"It is the shorthand name for the Financial Times Stock Exchange (FTSE) 100 share index. It's an average of the share prices of the 100 largest, most actively traded companies on the London Stock Exchange (LSE). It started with a base of 1,000 at the end of December 1983. It is sometimes also referred to as the Footsie."
FTSE Bursa Malaysia Index,"It’s a series of indices that cover every company listed on the main market of the Bursa Malaysia, formerly the Kuala Lumpur Stock Exchange. It’s designed to track the performance of shares offered by the major companies in Malaysia."
FTSE Fledgling Index,It’s an index made up of some of the smaller companies quoted on the main market of the London Stock Exchange. It's for enterprises that aren’t big enough to be included in the FTSE All-Share Index.
FTSE futures,Financial Times Stock Exchange (FTSE) futures are future contracts for FTSE indices. Future contracts are a form of derivative contracts in which participants agree to buy an asset on a future date at a specified price. Future contracts are barometers of price expectations.
FTSE MIB index,"It is the primary benchmark for Italian equity markets and comprises the 40 most liquid and highly-capitalised stocks listed on the Borsa Italiana, the Milan-based stock exchange. The FTSE MIB index contains some of the best-known names in Italian business and industry."
FTSE MID 250 Index,It’s a stock market index made up of the UK’s next largest companies after the top 100 quoted on the London Stock Exchange. It comprises 250 mid-cap businesses not big enough to be included in the FTSE 100.
FTSE techMark Index,"It's an index that tracks the performance of technology companies quoted on the London Stock Exchange’s techMARK market, which groups together innovative firms from a wide range of sectors into a single market with its own indices."
FTSE/Mondo Visione Exchanges Index,"This is a global index that measures the performance of stock exchanges and trading floors themselves rather than just the shares traded on them. It's designed to reflect market sentiment, and helps the owners of listed exchanges compare their performance."
FTSEurofirst Euro Supersector Indices,They’re a series of specialised industry-based indices that measure the performance of different sectors across Europe. They enable investors to trade 18 industry sectors on a real-time basis.
Fuel price risk management,"It's the process of assessing when and how an organisation can best hedge against exposure to fuel price volatility. Fuel price risk management is usually referred to as bunker hedging in the marine and shipping industries, and fuel hedging in the aviation and trucking sectors."
Fully Diluted Market Capitalisation in Cryptocurrency,"Market capitalisation – or market cap for short – is defined as the total value of an asset currently in circulation. To calculate the market cap of a publicly traded company, for example, you multiply the current share price by the total number of shares outstanding."
Fund,"Have you ever asked yourself “what does a fund mean?” Essentially, a fund is a sum of money or other resources set aside and earmarked for a specific purpose. It can be established by a person or organisation for any objective they are interested in."
Fund governance,A system of checks and balances that ensure an investment fund is operated in the best interests of the fund and its investors. Fund governance is the responsibility of the fund’s governing body (board).
Fund of Funds,"It's an investment strategy of holding a portfolio of other investment funds, as opposed to investing directly in stocks, bonds or other securities. A fund of funds (FOF) approach seeks to achieve broad diversification with investments in a range of fund categories all wrapped into one fund."
Fund platform,An online service that enables investors to view their investment portfolio and buy and sell a variety of assets.
Fund Processing Passport,"A short, harmonized document that provides ‘operational’ information on an investment fund. It is designed to improve the efficiency of fund processing in the European investment industry."
Fundamental Analysis,"Fundamental analysis is a thorough process of assessing the intrinsic value of a security such as a stock or currency, with the aim of discovering whether that security is undervalued or overvalued from an investor’s point of view. Any factor that can impact on a security’s value is scrutinised and evaluated by fundamental analysts. These can be macroeconomic factors such as the state of the economy and industry in general, or microeconomic factors such as corporate governance and financial conditions."
Fundo de Investimento em Direitos Creditórios,"An FIDC (Fundo de Investimento em Direitos Creditórios) is a type of fixed-income investment widely used in Brazilian credit markets. The funds are backed by receivables, including car loans, credit cards and trade assets. The majority of FIDCs come from loans to public and private pension beneficiaries."
Fundrise,A Washington D.C.-based real estate crowdfunding platform that enables individual investors to invest directly in private real estate.
Funds management,"Funds management can be simply explained as the task of managing a pool of money on behalf of others, with the aim of maximising the amount it grows by. This leads to the alternative name of investment management, which is also often used to describe this activity."
Futures Contract,"It’s a deal you agree with someone to buy or sell something in the future (the clue’s in the name) at a price agreed today. That 'something' can be anything – a share, a commodity, a currency – and delivery can be months away, if ever. The point is that the price is agreed here and now."
Futures Market,A futures market is an exchange where investors can buy and sell standardised futures contracts and commodities. These are financial products are bought or sold at an agreed price at time of the deal but delivered and paid for at a future date.
G10,"G10 stands for 'The Group of Ten', but is a group of the 11 leading industrial countries; namely: Belgium, Canada, France, Germany, Italy, Japan, the Netherlands, Sweden, Switzerland, the United Kingdom and the United States. They meet on an annual basis to discuss economic, monetary and financial matters."
G20,"The Group of Twenty (G20) is made up of representatives of 19 of the world's industrialised economies plus one from the European Union. Founded in 1999, the G20 aims to discuss policy issues around promoting international financial stability. The presidency rotates annually and meetings are held once a year for two days in the country of the president. In 2017, the Presidency is held by Germany, with Argentina next."
G7,"G7 is the shorthand name for the Group of 7 leading industrialised countries and is an elite group of powerful nations, that meet at least once a year to discuss solutions to issues that are in their mutual best interest. It tends to focus on economic rather than political topics."
G8,"G8 is short for the Group of Eight and is an informal organisation of 7 major countries and the European Union to discuss global issues across issues such as security, finance, health, social development, energy and the environment."
GAAP,"What does GAAP stand for? GAAP means Generally Accepted Accounting Principles, and is a set of widely followed accounting rules and standards for financial reporting."
Gaming Finance (GameFi),"GameFi is the combination of two words: gaming and decentralised finance. GameFi combines blockchain technology elements such as non-fungible tokens (NFTs) and  cryptocurrencies with gaming to provide economic incentives to players, therefore GameFi is also referred to as play-to-earn (P2E) gaming."
Gamma Squeeze,A gamma squeeze occurs when investors are forced to buy a stock because of a change in its price. This leads to the stock surging.
Gap Analysis,Gap analysis is used to assess a company’s current performance against what it wants to achieve.
Gas fees,"Ethereum is the most utilised blockchain for dApps. Ether, the platform’s native currency, is the second largest crypto in terms of market capitalisation. Ethereum is an open-source blockchain network that allows for the creation and execution of transactions and smart contracts. Ethereum is powered by ether. Logging transactions within the framework requires computational power. This computational power is referred to as gas, in that it powers the network like gas in a car, and the associated costs are referred to as gas fees."
GDP per Capita,It's a measure of a country's output using its gross domestic product (GDP) and dividing that figure by the population. It works out what the economic output is per person on average.
Gemini exchange,"Gemini is a cryptocurrency exchange founded by Harvard University graduate twins Cameron and Tyler Winklevoss, who are best known from their involvement in the inception of social media giant Facebook."
General partner (GP),A general partnership is an arranged between parties who jointly have unlimited liability. A general partner is a member in such a partnership and who has a hands-on role in managing the business day to day. They have personal responsibility for business debts if the business can't pay its liabilities.
General Standard,"General Standard is a market segment of the Frankfurt Stock Exchange (FRA), which is located in Germany. As part of the Regulated Market, businesses in the General Standard segment are required by law to meet high transparency requirements."
Generic advertising,Generic advertising is a type of marketing designed to promote a general product rather than a specific brand name. Such campaigns have been produced for everything from fresh milk to gemstones. This type of advertising does not mention particular brand names but attempts to build consumer support for the product in general.
Geographical diversification,Geographical diversification refers to investing in securities from various regions across the world with the primary aim of limiting losses.
GEOS,"The Global Entity Online System, more commonly known as the GEOS, is an online banking system developed by the Vienna, Austria based Software Daten Service. It is used for the processing and management of securities, and has been in operation since 1998."
Glacier National Park Fund,"The Glacier National Park fund, set up in 1999, aims to raise money to preserve and support the needs of the Glacier National Park located in West Glacier, Montana. The funds are used specifically in four main areas, as well as to help with park programmes and projects."
Global Depositary Receipts (GDRs),"How do you define GDR? In financial markets, the acronym GDR refers to a global depository receipt. Simply put, a GDR meaning is a certificate that a depositary bank issues and sells on a stock exchange to represent shares in a foreign company."
Global Financial Centres Index,"A competitive ranking of financial centres, compiled from over 29,000 financial centre assessments along with 100 indices including the Economists Intelligence Unit. It's sponsored by the Qatar Financial Centre Authority and is often quoted as the leading source for quoting financial centres."
Global Industry Classification Standard,"The Global Industry Classification Standard is an industry classification developed by American provider MSCI and Standard and Poor's in 1999. It's used globally by the financial community and has a structure that consists of 11 sectors, 24 industry areas, 68 industries and 157 sub industries."
Global labor arbitrage,"Global labour arbitrage is an economic occurrence that happens when the barriers to international trade are weakened or removed, allowing jobs to move to nations where the cost of doing business or the wage paid to employees is less expensive."
Global macro,"Global macro is a hedge or mutual fund strategy that bases its holdings on a country's overall economic or political state. For example, a fund manager may decide to sell short stocks on the AUD if it looked like Australia was heading for recession."
Global Registered Share (GRS),"Typically, a company’s shares are traded primarily in its country of origin, on a stock exchange in its local currency."
Global saving glut,"Global saving glut refers to when desired saving exceeds desired investment. Also referred to as cash hoarding, dead cash and dead money, global saving glut essentially describes the problems arising from countries saving more than they spend, leading to slower near-term economic growth."
Gold Standard,The gold standard is a monetary system where a country’s currency value is pegged to a fixed volume of gold.
Gold-Silver Ratio,"Gold-silver ratio is an essential tool and indicator in the world of precious metals. Here we take a look at the gold-silver ratio definition, how to calculate the ratio and what it indicates."
Golden Cross,"In trading, a golden cross is a price chart pattern based on the relationship between a short term moving average and a longer term moving average."
Golden Handcuffs,"Coined in 1976, golden handcuffs is a phrase used when financial allurements are offered to employees in a bid to keep them at the company. This financial incentive commonly involves stock options that only vest once the employee stays with the company for several years."
Golden Handshake,"A golden handshake is an agreement whereby an employee receives monetary compensation and/or stock options as a result of the termination of their employment. Originated in Britain in the mid-1960s, golden handshakes are typically only offered to high-ranking executives by major corporations."
Golden parachute,"A golden parachute is an exit package of benefits given to high-level employees when they're let go from the company, usually due to a merger or takeover. These benefits range from bonuses, shares in the company and, of course, highly lucrative severance pay."
Goldman Sachs,"Goldman Sachs is one of the world's most powerful investment banks, having founded in 1869. Head-quartered in New York City, it specialises in various financial services including global investment banking, investment management, securities, asset  management and mergers and acquisitions  advice."
Goldman Sachs asset management factor model,It’s a mathematical profiling technique used by financial analysts to assess the performance and financial health of a company. This kind of factor model is based on data obtained from financial statements.
Good Till Date (GTD) Order,"GTD stands for 'good 'til day (or date)' and is a type of order that is active until its specified date, unless it has already been fulfilled or cancelled."
Goods-in-Process,"To understand what goods-in-process really mean, it’s crucial to place it within a balance sheet, which is one of the most crucial financial statements that a company holds."
Government Bank Insurance Fund (Norway),It’s a fund that was set up in response to the Norwegian banking crisis of 1988-1992. This deposit insurance scheme was implemented by the country's government to protect bank deposits from losses incurred by financial institutions unable to pay their debts.
Government Bond,"Government bonds are an important component of a country’s financial structure and investors should understand what they are, how they work, and what kind of impact their performance can have in the economy and the stock market."
Government investment pool,"A government investment pool (GIP) is a scheme offered to public bodies to invest public funds. These pools are considered low risk, and offer reasonable returns."
Government risk,"It's a term used by investors to describe the potential impact of proposed changes to legislation or corruption by those in positions of power. Government risk can increase the costs of running a business, make an investment less attractive or alter the competitive landscape of a country."
Grantor,A grantor can be an options trader or an investor who makes a premium by selling options for an underlying asset. A grantor can also refer to someone who creates a trust and places assets in the trust on behalf of a beneficiary.
Great Depression,"It was a severe worldwide economic depression that began in 1929 and lasted for much of the 1930s in many countries. It was the longest, deepest and most widespread depression of the 20th century, and had devastating socio-economic and political consequences around the world."
Great Lakes Protection Fund,"It's a publicly capitalised, private corporation formed in 1989 by the governors of states around the Great Lakes in North America. The Fund uses a one-time contribution of public funds to test initiatives that improve the health of the Great Lakes and enable states to support their own Great Lakes priorities."
Great Recession,"The Great Recession describes the prolonged slump in economic activity during the late 2000s, and is widely acknowledged as being the most devastating downturn since the Great Depression of 1929. The financial meltdown began when the US housing market crashed, the ripples of which were felt far and wide."
Great Recession in Russia,"A culmination of unfortunate events that took place within the Russian economy in 2008-2009. The financial markets, the economic recession, the rapidly decreasing price in Urals crude oil and the fears that remained after the war with Georgia are contributed towards the great recession in Russia."
Greater Fool Theory,"As the name suggests, the greater fool theory means that there is always a bigger fool who will be willing to purchase securities at a higher price, whether or not these securities are overvalued."
Greek government-debt crisis,"The Greek Government Debt Crisis, also known as the Greek Depression, occurred after the financial crisis of 2007-2008. The weak structure of the Greek economy, the trouble from the recession and the unaccounted-for debt levels and deficits all had a part in the debt crisis."
Green sheet,This is a document put together by an underwriter when it is placing a new issue with investors. It is usually a summary of the prospectus with some brief comments on its advantages and disadvantages.
Green Tech,"Green tech is an abbreviation of green technology and it refers to technology that is used to make industrial processes, supply-chain operations and daily human activities more environment-friendly and less carbon-intensive. Increasing awareness about global warming, the depletion of natural resources and environmental pollution has pushed for innovation in green technology."
Green trading,"This is trading in companies that focus on improving the environment. It aims to speed up the change to a cleaner environment, so it includes sectors such as the renewable energy market and energy efficiency."
Greenshoe,"When an initial public offering is put forward, a greenshoe is a provision that may be included in the underwriting document. It gives the underwriter the option to sell investors more shares than originally planned by the issuer if demand is higher than expected."
GreenSky LLC,"It's a private financial technology company based in Atlanta, Georgia, which operates as a third party service provider and programme administrator for federally insured, federal and state chartered banks that provide consumer loans. It helps businesses to offer credit to their customers."
Grexit,"The Grexit definition refers to the proposal of Greece to withdraw from the eurozone. Being an abbreviation for ""Greek exit,"" the term gained massive popularity during 2012 – 2015 when several key players and some among the general public came up with the demand for leaving the eurozone and moving back from the euro to their own currency – Greek drachma. Proponents of the proposal believed that such an event would be a viable solution to the country’s debt crisis, helping to discourage expensive imports, while dramatically boosting exports and tourism."
Grey market,"A grey market exists outside of official exchanges for financial securities. It’s an unregulated, speculative market where traders can buy or sell stocks not officially listed through an IPO, or which have been delisted or suspended."
Gross asset value,This is the sum of the value of property owned by a company. It's mainly used by property funds.
Gross dealer concession,"Gross dealer concession (GDC) is the revenue paid to a brokerage firm when commissioned securities and insurance salespeople sell a product. The commission the agent receives is usually a percentage of this figure, though some firms use Production Credits, usually smaller than GDC, to determine payouts and retain more revenue."
Gross Dividends,"A gross dividend is the total dividend paid, including capital-gains distributions and non-taxable distributions, without subtracting taxes, fees and other expenses. Gross dividends stand in contrast to net dividends."
Gross Domestic Product (GDP),Gross domestic product (GDP) is arguably one of the most important economic indicators. It measures the performance of economic activity over time and is crucial in accessing economic health of a country.
Gross income,Gross income is the total amount of money earned over a set period of time before deductions are made.
Gross margin,"What is gross margin? Gross margin definition refers to the amount of money a company has after subtracting its cost of goods or services sold (COGS) from its net sales. Net sales are gross sales, less the cost of sales returns, allowances and discounts. Sometimes referred to as the gross margin ratio, gross margin is typically expressed as a percentage."
Gross Profit,"What is gross profit? It refers to the company’s total sales income after the costs of producing the goods or services sold have been deducted. Reported as a numerical figure, it gauges a company's efficiency at utilising its labour and supplies in producing services or goods. Unlike net profit, the gross figure includes other costs, such as overheads and tax."
Gross profit margin,Gross profit margin is a profitability ratio that shows how much revenue is left after a company's production costs have been deducted.
Gross revenue,"Gross revenue is the total income generated by a company from its normal business activities within a certain period of time, without taking into consideration any expenditures from any source. As different firms have different business models, gross revenue can include not just money made from the sale of goods or services but also interest, royalties and other fees.

Also known as top-line, gross revenue is the first entry filled in a firm’s income statement, which is one of four financial statements – along with the balance sheet, the statement of retained earnings and a cash flow statement – that publicly traded companies are required to publish at set periods of time, such as the fiscal quarter or year."
Gross spread,"It's the compensation that the underwriters of an initial public offering make to cover expenses, management fees, commission and risk. In practical terms, it's the difference between the underwriting price received by the issuing company and the actual price offered to investors."
Ground Lease,"A lease refers to a contractual agreement between two parties, the lessee and the lessor, wherein the former pays a specified sum for using property, land or services owned by the latter."
Growth Stock,A share in a stock is a financial instrument that provides the owner of the share with partial ownership equity in the company that issued it. Investors differentiate between stocks by classifying them into different categories such as defensive and growth stocks.
GSE All-Share Index,"The GSE All-Share Index used to be Ghana Stock Exchange’s principal stock index. In 2011 it was replaced by the GSE Composite Index, which calculates 31 December 2010 as the base date and 1,000 as the base index."
Gstock,GStock was a stock market analytics website developed in 2006 that provided clients with buy and sell signals on US-listed stocks.
Haitian Stock Exchange,"Founded in 2007, the Haitian Stock Exchange aims to foster growth and wealth within the Republic of Haiti through generalised liquidity, enlightened entrepreneurship and adequate access to capital. The overall aim is to reduce poverty and increase output, wealth and employment."
Halving,"In a general sense, coin halving refers to the reduction in the rate that new crypto coins are minted. To better understand crypto halving, let’s take bitcoin as an example. Bitcoin’s functionality is based on blockchain technology. Decentralisation is a critical component of bitcoin’s model and for this reason it requires a large network of independent computers to complete cryptographic mathematical equations to verify the authenticity of each new transaction."
Hang Seng index,The Hang Seng Index (HSI) is freefloat-adjusted market capitalization-weighted stock market index and is the main indicator of the market performance in Hong Kong. It monitors daily the 50 largest and most liquid stocks listed on the main board of the Stock Exchange of Hong Kong.
Hansen–Jagannathan bound,Hansen–Jagannathan bound is a theory stating that the ratio of the standard deviation of a stochastic discount factor to its mean is greater than the Sharpe ratio attained by any portfolio.
Hawks and doves,Monetary hawk and dove are terms used to describe two different approaches or attitudes towards monetary policy.
Head fake,"In standard terms, a head fake refers to when a player moves their head to fake a change in direction. In finance terms, it is when a market looks to be moving in one direction but then ends up moving in the opposite direction."
Hedge,Hedging in finance refers to the practice of reducing the risk of adverse price movements by taking an offsetting position in a related asset or financial instrument.
Hedge Fund,"A hedge fund is a limited partnership of private investors, whose money is managed by professional fund managers who engage in active investing strategies. Apart from stock picking, fund managers may use leverage and trade non-traditional assets to beat benchmark returns."
Hedge Fund Manager,A hedge fund manager is a key decision-maker of a hedge fund. Here we take a look at what a hedge fund manager is and what they do…
Hedging strategy,"A hedging strategy is the practice of purchasing and holding securities in a bid to reduce portfolio risk. When executed successfully, hedging strategies reduce uncertainty and the amount of capital at risk in an investment, without negatively affecting the potential rate of return."
Helicopter money,"Helicopter money is the widespread injection of cash into the consumer base. First used by economist Milton Friedman in 1969 to describe the effects of monetary expansion on an economy, it was adopted as an alternative monetary stimulus policy to quantitative easing."
High Mark Credit Information Services,"Founded in 2007 and operating since 2010, High Mark Credit Information Services is a Mumbai-based credit bureau. The majority stake was acquired in 2014 by CRIF, a leading global company specialising in credit reporting and business information systems."
High Speed vendor Feed,"Also known as HSVF, High Speed Vendor Feed is the market data vendor protocol of the Electronic Sola Trading platform. It broadcasts real-time trading and statistical information regarding the Boston Option Exchange's (or BOX) and four other major global exchanges."
High street bank,A bank that provides services for the general public as well as businesses and usually has lots of branches in towns and cities is often classed as a high street bank or retail bank. This is to distinguish it from banks with other functions in the banking system such as investment banks or central banks.
High-margin securities,"'High-margin securities' is an expression that refers to shares in companies that enjoy unusually high profit margins. Frequently, although not always, such companies operate in unglamorous fields such as mining, quarrying and waste management, meaning they can be overlooked by some investors."
High-yield stocks,"High-yield stocks are stocks whose dividend yields are higher than the yield of a particular benchmark average. There is no set standard for whether a dividend yield is low or high, therefore the set standard/criteria for determining stock yield depends on the individual analyst."
Historic Pricing,"Historic pricing means using the preceding price to calculate the value of a financial instrument, often when the current value isn’t available."
Historical returns,A historical return shows how well a security or index has previously performed. This data is used by analysts and investors to try and predict future trends.
Historical simulation,"In finance, historical simulation refers to a procedure predicting the value at risk (VaR) by 'simulating' or constructing the cumulative distribution function (CDF) of assets returns over time. Historical simulation is used in value at risk (VaR) analysis."
HODL,"If you follow Bitcoin (BTC) or other cryptocurrencies you’ve probably come across the term Hodl, or the hashtag #HODLING. You may have figured out that it’s intentionally misspelled, and means to HOLD."
Hoist Finance,"A trusted partner to international banks and financial institutions, Hoist Finance are debt reconstruction specialists. The Swedish credit market company specialising in solutions for acquisitions and management of non-performing and unsecured European consumer loans."
Holding period risk,"Holding period risk refers to the risk, whilst holding a bond, that a better opportunity will come around that you may be unable to act upon. The longer a bond's term, the more likely that a more attractive investment opportunity may arise."
Holy grail distribution,"This is a probability distribution considered the ideal distribution for so-called ""tail risk"" hedging funds."
Hong Kong Stock Exchange,The Hong Kong Stock Exchange (HKEX) is a very important exchange for Asia and one of the world's biggest by market capitalisation. It is part of the HKEX Group which is one of the largest financial market operators in the world.
Horizontal Merger,"A horizontal merger (also known as horizontal integration) is when two similar companies, operating in the same industry, combine to form one bigger firm."
Hostile takeover,"In an acquisition, or takeover, a target company agrees to be purchased and becomes part of an acquiring company. A hostile takeover, however, is an unsolicited acquisition of a company in which the acquirer makes an offer directly to the company shareholders without the approval of the board of directors, or moves to replace the management."
Hot debt periods,This is a time when a lot of companies issue new debt in the form of bonds. This is done to finance their operations as an alternative to borrowing from a bank.
Hot equity periods,"These are periods of time in which a lot of companies perform initial public offerings. It's been observed that IPOs often come in clusters, with organisations such as Nasdaq keeping calendars to show investors all the latest offerings."
House stock,This is a stock that all brokers who work in a particular firm have been instructed to promote.
HSBC Holdings PLC,HSBC is one of the world's largest banking and financial services organisations. HSBC Holdings PLC is the parent company of this organisation.
Human Capital,"Human capital definition refers to the quality of employees as an intangible asset of a business. Examples of human capital include employees’ experience, skills and talents. Although it has a direct relationship with economic growth, productivity, and profitability, it cannot be listed on a company's balance sheet."
Humped Yield Curve,"Gyrations in the market, negative butterflies or a non-parallel shift in the yield curve can cause a humped curve. But what does a humped yield curve mean? Read on for an in-depth humped yield curve definition."
Hybrid market,"This is a securities exchange that allows brokers to choose between the traditional floor broker system and a newer, quicker electronic system."
Hybrid security,"It's a type of security that combines elements of the two broader groups of securities - debt and equity. Hybrid securities pay a predictable rate of return or dividend until a specified date, following which the holder has various options including converting the securities into the underlying share."
Hyperbolic absolute risk aversion,Hyperbolic absolute risk aversion (HARA) uses mathematic modelling to measure risk avoidance.
Hyperinflation,"Most of you will already be aware that currencies lose their value over time. The prices of goods and services slowly rise year after year, and the purchasing power of your money decreases as time goes on."
Hysteresis,"In economics, hysteresis refers to an event that continues to exist even after the factors causing the event have been removed. This phenomenon often takes place due to a prolonged event or events, such as depression, recession or economic meltdown."
IBC (Índice Bursátil Caracas),"More commonly known as the General Index or the IBC, the Índice Bursátil de Capitalización is the most prominent and widely known stock index of the Caracas Stock Exchange (or Bolsa de Valores de Caracas), which is based in Caracas, Venezuala."
IberoAmerican Federation of Mutual Funds,A federation that brings together all of the collective or mutual funds organisations that operate out of the Ibero America region – the American countries and territories that are predominantly Spanish and Portuguese speaking. The federation was formed in 2007.
IBEX 35 index,The IBEX 35 index is a domestic and international benchmark for the BME Spanish Exchange. It is made up of the 35 most liquid stocks traded on the Spanish stock market.
IBITDA,"IBITDA stands for net income before interest, taxes, depreciation, and amortisation it is also known as EBITDA, where the E stands for earnings."
Ibovespa,"The Bovespa Index (Ibovespa) is an index of about 50 stocks that are traded on the Sao Paulo Stock, Mercantile & Futures Exchange. It's the oldest and most traditional indicator of average stock price behaviour in Brazil."
ICE Clear Credit,"ICE Clear Credit is the world's first CDS clearing house with funds and resources worth over $17 billion. Regulated by the CFTC and SEC, the company was ICE Trust US but transitioned to ICE Clear Credit in conjunction with the Dodd-Frank Act in 2011."
Ice futures Europe,"An electronic futures and options exchange operated by Intercontinental Exchange (ICE). Based in London, ICE Futures Europe is the third largest exchange group in the world and covers a wide range of sectors, with a particular focus on energy. Specifically, it provides access to oil, interest rate, coal, natural gas and equity derivative contracts."
ICO (Initial Coin Offering),"What does ICO stand for? ICO is the acronym for Initial Coin Offering, a type of unregulated fundraising used by companies in the crypto market to raise capital."
IDX Composite index,The IDX Composite index lists and measures the performance of all stocks listed on the Indonesia Stock Exchange (IDX). It is also known as the JSX Composite - the Jakarta Stock Exchange index.
IFund,"Offered and managed by venture capital company Kleiner Perkins Caufield & Byers (KPCB), iFund is a US$200 million capital fund. The fund is responsible for the creation and development of apps, services and components for Apple Inc.'s iPhone, iPod Touch and iPad platforms."
IGBC,"Formed in 2001, IGBC is a non-profit organisation with various stakeholders including architects, developers and academia agencies. The council aims to promote a green building movement in India to facilitate the country to become one of the global leaders in green buildings."
Illiquid assets,"An asset  is described as 'illiquid' if it can't be exchanged for cash easily. This might be because there aren't many investors willing to buy the asset, or it doesn't fit into an established trading market. Examples may include real estate and shares in private companies."
Illiquidity,"In the investment world, illiquidity refers to assets which can't be exchanged for cash easily. This might be because there aren't enough investors willing to buy them."
Immediacy,"The speed at which a large buy or sell order can be fulfilled in a particular market, e.g. a stock market. It means an order can be completed quickly, without time being spent lining up buyers or sellers in advance. Immediacy can be used to measure the liquidity of a market."
Immediate or cancel,"In investment banking and securities transactions, immediate or cancel (IOC) refers to a buy or sell stock order that must be executed immediately. Any portion of the order that can't be immediately filled is cancelled."
Immediate Order,"Known in full as an 'immediate or cancel' (IOC) order, this is a specific type of order given by an investor or broker. The order requires a certain security to be bought or sold immediately. As the name suggests, any part of the order which can't be immediately fulfilled is cancelled."
Immunization,"Developed by Frank Redington, immunisation is a strategy that ensures changing interest rates  do not affect net worth . Also known as multi-period immunisation, the strategy matches the duration of assets and liabilities, so that interest range changes do not impact portfolio value."
Impact investing,"The Global Impact Investing Network, or GIIN, defines impact investments as “investments made with the intention to generate positive, measurable social and environmental impact alongside a financial return”."
Implementation shortfall,"Also known as the 'slippage', implementation shortfall refers to the difference between the decision price and the final execution price of the trade, including taxes, commissions and other fees. In order to maximise profits, implementation shortfall should be as low as possible."
Implicit contract theory,"Implicit contract theory is a term used in economics, attempting to explain why there are redundancies and layoffs instead of price adjustments/decreases in wages in the labour market during a recession."
Implied repo rate,"Implied repo rate (IRR) refers to the rate of return that can be earned by buying an asset in the spot market using borrowed money, whilst simultaneously selling a bond futures or forward contract in the futures market."
Implied Volatility,Implied volatility (IV) is a commonly used technique in the trading world. It means measuring the current price of options contracts that will tell about a theoretical value to the current market price of the option of stocks in question.
Import ratio,"In economics and government finance, import ratio refers to the ratio of a country's imports to its total foreign exchange (FX) reserves. Also referred to the reserves to import ratio, import ratio can be inverted."
Imports and exports,What do imports and exports mean? Imports and exports definitions refer to two separate processes that form international trade.
Income,"In the case of businesses, gross income is the total receipts from services, products and any interest received regarding the cash accounts and reserves. Net income is calculated by deducting gross income from business expenses."
Income fund,"An income fund is a type of mutual fund or exchange-traded fund (ETF) that aims to provide income from investments. The fund emphasises current income rather than capital appreciated, working on either a monthly or quarterly basis."
Incremental capital-output ratio,"It is the ratio of investment to growth. The higher the incremental capital-output ratio, the lesser the productivity of capital, and the lower the incremental capital-output ratio is equal to the higher productivity of capital. This model is thought of as a measure of inefficiency with regards to capital."
Index,"In financial markets, an index is an indicator of the overall change in the values of some or all of the securities listed on a particular market. The index is constructed as a portfolio in which each security is weighted according to its market importance."
Index arbitrage,"Index arbitrage is an investment strategy designed to profit from the differences between the actual price of a stock and the theoretical futures price of the same stock. When successful, it can make a profit by exploiting market inefficiencies, which occur when the current price doesn’t reflect the most recent information about the stock."
Index cohesive force,The index cohesive force (ICF) is a concept developed by Dror Y Kennet and his Ph.D. Supervisor Eschel Ben-Jacob. It was introduced as a new calculable measure of the index effect on the financial market. It's described as a parity between raw stock correlations and residual stock correlations after discounting the index effect.
Index divisor,"An index divisor is defined as an arbitrary number chosen when an index is first established. As the name suggests, the divisor is used to divide the index’s total value to obtain an initial index value of a simple number, such as the number ‘100’. This will allow stock market indexes to reflect changes in the bourse’ value accurately."
Index Funds,"An index fund is a mutual or exchange-traded fund (ETF), which is designed to track the performance of a particular market index. The index tracks components of popular indices, such as the Dow Jones Industrial Average or the Standard and Poor’s 500."
Index-linked bond,"Also known as inflation-linked bonds, these securities offer interest payments which are adjusted for inflation. They work by linking their interest rates to a particular inflation index, such as the Retail Price Index in the UK."
Indian Trading League,The definition of Indian Trading League (ITL) refers to India's first online stock and commodity trading competition organised by Samco Securities. Participants compete against each other to demonstrate their skills in maximising trading returns.
Indication of interest,This is when an investor expresses their intention to buy securities that have not yet been issued but are still in the underwriting stage of being registered.
Indie Fund,This is a funding organisation set up to help independent video game developers. It was created in 2010 by a group of successful independents aiming to invest in the next generation of developers.
Indirect Bidder,An indirect bidder is usually an overseas and international monetary authority that places a competitive or noncompetitive bid for the purchase of Treasury securities sold at auctions through a primary dealer or broker.
Indirect Cost,"A cost which can't be directly traced to a particular department, activity or product within a company. Since they can't be attributed to one area, these costs may be pooled and split between different departments. Examples can include utility bills, office rental payments and security costs."
Indirect finance,"This is when a business borrows money from a third party, such as a bank, rather than directly from investors. The company pays the third party interest, which in turn pays interest to its investors or depositors."
Industrial and Commercial Bank of China,The Industrial and Commercial Bank of China (ICBC) is a Chinese multinational bank and the largest in the world.
Industry Classification Benchmark,"The Industry Classification Benchmark (ICB) is a practice begun by Dow Jones and the FTSE in 2005, used to separate markets into sectors within the macroeconomy. The ICB uses a model of ten industries, sectioned into 19 super sectors, which are then further partitioned into 41 sectors and 114 sub sectors."
Inet,Inet was an electronic trading platform based on a system developed by Instinet in the 1970s that merged with Island ECN in 2002 and was acquired by Nasdaq in 2005. The Inet name continues to be used by Nasdaq for later trading platforms.
Infection ratio,This is a financial management technique designed to measure the proportion of non-performing loans in a portfolio.
Inflation,"Originally, the term ‘inflation’ was used to describe an increase in the general price level induced by an imbalance between the money supply and trade needs. Today, economists use the term to refer to a rise in the price level. It describes the increase in the prices of goods and services over time."
Inflation Accounting,Inflation accounting is an accounting method designed to factor in the impact of high inflation or hyperinflation on the company earnings reports.
Inflation rate,Inflation is a measure of the rate at which money is losing its value in terms of buying goods and services. The inflation rate is used to calculate the rise in the cost of living.
Inflation risk,This is the probability of loss resulting from erosion of an income or in the value of assets due to the rising costs of goods and services.
Inflation-indexed security,Inflation-indexed security is defined as a financial instrument that guarantees a rate of return that is higher than the rate of inflation assuming its holder retains it until its maturity.
Information ratio,This is a way of measuring a fund manager's ability to generate excess returns  by measuring the return of their portfolio and dividing it by the amount of risk taken.
Information technology (IT),"This is the use of computers to store, transmit and study data, for example within a business or other enterprise. The IT sector is expanding rapidly in the UK, with the tech industry currently employing around 1.5 million people."
Initial Public Offering (IPO),By Capital.com Research Team
Innovis,"It's a US-based consumer credit reporting agency that helps individuals to manage their personal financial information, and works with businesses to help them make sound financial decisions and grow. It provides consumer data solutions for firms through identity verification, fraud prevention and receivables management."
INSEAD,"Business schools have been around since the 18th century.. These schools confer degrees in business administration or management and link academics to corporate-effective curriculums. Over the last few decades, the significance of business schools and business degrees such as the Master of Business Administration (MBA) has increased exponentially. Armed with management degrees from reputable business schools, students find a considerable boost in their careers and compensation prospects. Let’s take a look at one of Europe’s premier business schools and understand what INSEAD means."
Insider trading,"Insider trading is not uncommon and there are numerous insider trading lawsuits filed every year. Stock prices are heavily influenced by news and information, some of which are available to company insiders before becoming public knowledge, leading to insider trading."
Insolvency,"The situation a company or individual faces when they're unable to cover their debt repayments and other financial obligations. In the business world, companies often become insolvent due to cash flow issues or because of poor financial management."
Instinet,"It's an agency brokerage service that offers high-tech trading tools to investors and professional traders, enabling them to bid, quote and transact on the global stock markets. The organisation was originally founded in 1967 as Institutional Networks, however, it was renamed Instinet in 1985, the same year Reuters bought a minority stake."
Institutional investor,"An institutional investor is an entity that pools and invests money on behalf of its members in stocks, bonds, real estate and other investment assets. This type of investors is eligible to find investment opportunities with the aim of generating better-than-average market returns. Some of the most well-known institutional investors examples are hedge funds and mutual funds."
Intangible Asset,"An asset which doesn't take a physical form, with intellectual property the main example."
Intellectual Capital,"This is a term that refers to the intangible value of a company, its staff and their total knowledge. It can include its relationships (relationship capital), its staff (human capital) and what is left when staff go home (structural capital)."
Intellidex,An Intellidex is an index with built-in stock-picking intelligence. This means it can weight certain criteria in an effort to create excess returns.
Inter Pipeline,"Based in Alberta, Canada, Inter Pipeline is an energy infrastructure firm, transporting, storing and extracting fuels. It is one of the industry's leading firms in North America, although it has only been around for 20 years."
Inter-dealer broker,"Dealing solely with market makers, inter-dealer brokers or IDBs, are specialist brokerage firms that work within the over-the-counter (OTC) derivatives and bond markets as an intermediary between dealers, dealer banks and financial institutions."
Interbank lending market,"The medium by which banks extend loans to one another is called the interbank lending market. Most loans are made on a short-term basis, typically overnight. This has prompted the repayment interest rate to be dubbed ""the overnight rate""."
Intercontinental Exchange (ICE),"ICE is an acronym for the Intercontinental Exchange, an American business and finance company that owns electronic exchanges for financial and commodity markets and operates 23 regulated exchanges."
Interest rate risk,"Interest rate risk is the possibility of a loss that could result from a change in interest rates. In case the rate increases, the value of a bond or other fixed-income security will decline."
Interest rate swap,"In finance, an interest rate swap refers to a type of derivative contract, in which two parties agree to exchange one stream of forthcoming interest payments for another, over a set period based on a defined principal amount. The value of the interest rate swap is determined by the underlying value of the two streams of interest payments. The majority of swaps are based on bonds that have variable-rate interest payments that change over time."
Interest Rates,"Have you ever asked yourself “what is interest?”. The short answer to this question is that interest is a fee that is charged for the use of a second party’s money. For the lender, interest is the income that they will make from lending. For the borrower, it’s the cost of borrowing it."
Interest-Crediting Methods,Interest-crediting methods are formulas used to calculate interest in fixed index annuities.
Intermarket analysis,"When more than one financial market or asset class – such as currencies, stocks, bonds and commodities – are considered by way of an overview to determine measurable correlations or synchronicities, then this is called an intermarket analysis."
Intermarket sweep order,"It's an order that sweeps across the market place, picking up as many shares as possible at the best prices available using an algorithm. It's a sort of digital exception to the 'order protection rule' that says orders have to be filled at the lowest possible price."
Internal contradictions of capital accumulation,"This is an economic theory associated with Marxism. It's a crucial part of crisis theory, which is concerned with the rate of profit falling in a capitalist system"
Internal Financing,This happens when a company uses its own profits as a source of capital for a new investment  rather than getting the money from outside sources.
Internal models approach for market risk,"Internal models approach for market risk is one of two statistical approaches that banks can use to calculate or determine the amount of capital they require based on market risks. The greater the risk, the greater the capital requirement for a bank. The other one is the standardised approach."
International exposure indices,International exposure indices track the performance of companies that generate a significant part of their revenue outside of their domestic market. This offers investors much greater international exposure.
International lender of last resort,It's a facility that's prepared to step in when no other lender can or will lend in sufficient volume to provide or guarantee liquidity in order to avert a systemic crisis or sovereign debt crisis. An international lender of last resort (ILLR) would be able to bailout several countries at a time if need be.
International Monetary Fund (IMF),"The IMF is an international financial institution with the stated goals of “fostering global cooperation, securing financial stability, facilitating international trade, promoting high employment and sustainable economic growth while reducing poverty around the world.”"
International Petroleum Exchange (IPE),"Established in 1980 by a group of energy traders, IPE was a London-based exchange for futures and options of energy-related commodities, primarily Brent crude."
International Retail Service,"Traders of stocks are exposed to currency exchange rates when trading on the global markets, unless they use an international retail service (IRS) for their transactions. On an IRS, global companies are listed as though they are a domestic firm."
International Securities Exchange,"ISE is the name of an electronic options exchange as well as the name of the company – now a subsidiary of the multinational financial services corporation Nasdaq that operates the ISE exchange along with 2 others: ISE Gemini, and ISE Mercury."
International Securities Identification Number (ISIN),"ISIN stands for International Securities Identification Number this is an alphanumeric code with 12 characters that can be issued for shares, bonds, options, derivatives and futures."
International Underwriting Association,"The International Underwriting Association of London (IUA) represents companies that trade in the London insurance market outside Lloyd's. Its mission is: ""To promote and enhance the business environment for international insurance and reinsurance companies operating in or through London."""
Internet service provider (ISP),"What does ISP stand for? It is an abbreviation for internet service provider, meaning an organisation, often in the form of a company, providing internet access to consumers and businesses for a fee. The services provided by ISPs enable customers to surf the web and carry out online activities such as shopping, emailing and remote working."
Interpositioning,"Interpositioning means assigning an unnecessary third party, generally another broker, to act as a go-between with a customer and the best attainable market. Interpositioning is prohibited if the sole goal is to generate additional commissions at the customer’s expense."
Intrinsic value,"To define intrinsic value, we first need to understand value. Simply put, value is what someone is willing to pay for something. If you sell a product at too high a price point, it’s unlikely that customers will purchase it as they will believe that the price does not correspond to the value of the product. If you sell that same product at too low a price point, you may find that you sell out of stock rapidly as many of your customers will consider the product to be undervalued."
Inventory Turnover,"This is a way of measuring how many times a company's inventory, or total number of items in stock, is sold and replaced over a certain period of time."
Investment bank,"If you want to raise a large amount of capital to fund your company you will want to talk to an investment bank to find you the best solution. An investment bank will help raise the capital needed, but also acts as a financial adviser if you want to take your company public in an IPO."
Investment climate,"Investment climate definition explains the economic, financial and social-political conditions in a country that influence decisions by institutions, banks, or individuals to invest in businesses there."
Investment control,This can refer to the process of monitoring the performance of an asset management firm. The aim is to ensure that standards are high and the client's money is being invested correctly.
Investment Fund,"An investment fund is a type of financial product that pools capital from multiple investors to purchase a portfolio of various securities, such as stocks and bonds. This is usually done with the goal of earning higher returns than those offered by traditional investments."
Investment Management,"Investment management definition refers to the professional organisation of assets and securities, such as shares, bonds, commodities and real estate, to meet a defined financial objective for the benefit of the investor. In this scenario, both private investors (directly via investment contracts or via collective investment schemes, such as exchange-traded funds or mutual funds) and institutions (such as corporations, educational establishments, insurance companies, pension funds and charities) may act as investors.

Also referred to as money management or wealth management, it is a broad term for trading within a portfolio. Simply put, investment management meaning refers to the management of securities and assets in this portfolio as well as the strategy employed to meet the investor’s objectives."
Investment outsourcing,"This is the process of hiring someone else to manage your investment portfolio. It's usually done by institutional investors, organisations that invest money on behalf of their members."
Investment policy statement,An investment policy statement (IPS) is a document that is signed between an investor and a financial adviser. It stipulates the general rules on how to manage the investor’s money.
Investment Strategy,"Looking for the investment strategy definition? An investment strategy is a term used in the financial and investing world to describe an approach to investing. Essentially, an investment strategy is a plan for selecting financial vehicles tailored to the investor’s needs and goals, in addition to their risk appetite, specific interests and time horizon."
Investment thesis,"Any successful business starts with a clear mission statement. Same goes for investing. When choosing an asset to put your cash into, you need to have a clear investment objective, also known as an investment thesis."
Investor,"An investor is someone who wants a greater return on their money than bank deposits can deliver. To achieve this, they are prepared to run greater risks in the hope of greater eventual rewards. Wise investors never forget they may lose all their money."
Investor Sentiment,"The general mood among investors regarding a particular market or asset. You can gauge investor sentiment by reviewing the trading activity and direction of prices within a particular market. For example, rising prices would point to positive investor sentiment."
IPC index,"This blue-chip stock market index tracks 35 of the biggest companies trading on the Mexican Stock Exchange – also known as BMV (Bolsa Mexicana de Valores). Each company’s weight is determined by market capitalisation. it is refered to as the IPC index, which stands for Índice de Precios y Cotizaciones."
IPO ETF,An IPO ETF is an exchange-traded fund which tracks stocks that have recently conducted an initial public offering (IPO).
IPO spinning,"Spinning is a controversial financial manoeuvre that provides a ""kickback"" from investment banks in exchange for future business. Potential banking customers are offered low cost shares in initial public offerings (IPOs) of companies that are expected to do well on the stock market."
IPO underpricing,"When shares in a company are offered on the stock market for the very first time, this is called its initial public offering (IPO). When these stocks are offered during the IPO at less than their intrinsic value, this is a manoeuvre known as underpricing."
Iraq Relief and Reconstruction Fund,"Set up by the America's federal government on November 6, 2003, the Iraq Relief and Reconstruction Fund (IRRF) aims to rebuild infrastructure, that has been torn apart through years of war."
Irrational Exuberance,"Stock market movements are broadly dependent on the behaviour of traders, who buy and sell stocks aiming to profit from price fluctuations."
Irwin v. Gavit,"It was a controversial case that came before the United States Supreme Court in 1925 concerning the taxability, under US tax law, of a divided interest in a bequest. The case is still often cited today."
ISA Account,The Individual Savings Account (ISA) a UK-based investment or savings account exempt from income and capital gains tax up to a certain annual allowance limit. Here we take a look at ISA account definition in more detail.
ISDAfix,"Now known as the ICE Swap Rate, it’s a common global reference rate value for fixed interest rate swap rates. Developed in 1998, ISDAfix was established on voluntary quotations given by specific banks that determined the fixed rates they would receive or pay to pass into a reference swap."
ISM manufacturing,"ISM manufacturing index stands for the Institute for Supply Management index. Established in 1915, ISM was the first professional non-profit supply management organisation. Based in Tempe, Arizona, US, ISM has over 50,000 members across 100 countries."
ISO,"The International Organization for Standardization (ISO) creates and publishes a wide range of global technical, industrial and commercial standards."
Isoelastic utility,"It's a term in economics that's used to express utility in terms of consumption or another economic variable of interest to a decision-maker. The isoelastic utility function is the only class of utility functions with constant relative risk aversion, which is why it's also called the CRRA utility function."
Issue (Process),"It’s a company’s decision to raise funds by offering shares or bonds to investors. Often, but not always, the issue is a large public offering, which opens up a company to investors for the first time and gets a lot of attention."
Issue forward split,An issue forward split increases the number of shares a company issues. But it does this without changing a company's value because the shares have a lower value.
Issuer,"This is a company, government, or other organisation that is allowed to offer bonds or other securities for sale."
Japan Exchange Group – Tokyo,"The Japan Exchange Group is a financial services corporation whose subsidiaries include the Osaka Exchange, Tokyo Stock Exchange and the Japan Exchange Regulation. Based in Tokyo, the Japan Exchange Group facilitates financial trading in Japan – it has a market capitalisation of US$4.48 trillion."
Japan Post Bank,"Japan Post Bank is Japan’s largest financial institution. It is part of the Japan Post Holdings postal and financial services group, with headquarters in Tokyo."
Jarrow–Turnbull model,"Developed by Robert Jarrow and Stuart Turnbull, the Jarrow-Turnbull model is a reduced-form model for pricing credit risk. Some argue that it was the first reduced-form credit model, meaning it differs vastly from the other type of credit risk modelling: structural."
Jaws ratio,"The Jaws ratio is a measure in finance used to demonstrate the extent to which a trading entity's income growth rate exceeds its expenses growth rate. Strictly speaking, the ratio is not expressed in usual ratio format, but rather as a percentage."
Jensen's alpha,"Jensen's alpha is a formula used to calculate an investment's risk-adjusted value. Also referred to as Jensen's Performance Index and ex-post alpha, Jensen's alpha aims to determine the abnormal return of a portfolio or security, with 'security' referring to any asset including stocks, bonds and derivatives."
Johannesburg Stock Exchange,"The definition of a Johannesburg Stock Exchange or JSE Limited refers to a stock exchange based in South Africa. Established in 1887, it is the oldest and largest stock exchange in Africa."
Joint venture,"A joint venture (JV) is an arrangement between two or more organisations to work together on a particular aspect of their business. What does the joint venture mean? In a JV, the parties to the agreement combine their expertise and financial resources, usually to offer a product or service, sharing in the profits or losses it generates."
JPMorgan Alerian MLP Index ETN,The JPMorgan Alerian MLP Index ETN is an exchange-traded note that tracks the Alerian MLP Index. This is issued by JPMorgan Chase & Co.
JPMorgan Chase & Co,"Known as the 'Big Bank', it's one of the oldest, largest and best-known financial institutions in the world, with operations in over 60 other countries. Among its millions of customers, there are individuals and small businesses alongside institutions, government establishments and corporate clients."
Junk-bond,"A bond that has been given a particularly low credit score by a ratings agency. They're riskier than other bonds, since the companies issuing them are deemed more likely to face financial difficulties. But they may offer higher returns in exchange."
Jurisdictional arbitrage,"Jurisdictional arbitrage refers to the act of taking advantage of the disagreements between competing legal jurisdictions. The act takes its name from arbitrage, referring to when a security is purchased at a lower price in one market and sold at a higher price in another."
K-factor (actuarial),K-factor (actuarial) is a measurement referring to the ratio of the present value of deferrable expenses with present value (in economic terms) referring to the value of an expected income stream determined as of the valuation date.
Kamikaze Defence,"A kamikaze defence is a defensive merger and acquisition (M&A) strategy used by a targeted company to prevent its hostile takeover by another company, typically a bigger rival or an activist hedge fund."
Karachi 100 index,"This is the benchmark index of the Karachi Stock Exchange (KSE). It tracks the movement of 100 of the largest by market capitalisation and most actively traded stocks on the KSE, and is a key indicator of Pakistan’s economy as a whole."
Key Currency,"It’s a stable currency, one that doesn’t fluctuate too wildly, which can help set exchange rates and support international transactions. It’s also used to describe the world’s most prominent currencies. The British pound, US dollar, euro and yen are generally regarded as key currencies."
Key economic indicator,"A set of important economic data, put together by a reputable source, that helps investors gauge the fundamental strength of a particular economy. Often published monthly or quarterly, these data-sets can influence investor confidence, potentially pushing markets up or down."
Keynesian economics,"Keynesian economics, or Keynesianism, is a macroeconomic theory about how economic output is affected by aggregate demand, or total spending. The theory was introduced by British economist John Maynard Keynes in the 1930s in an effort to analyse and conquer the Great Depression. Keynes believed that lower taxes and increased government expenditure could spur demand and pull the economy out of the depression."
KMI 30 Index,"Consisting of 30 companies that have been screened for Islamic Shariah criteria, the KMI 30 Index is a stock market index on the Pakistan Stock Exchange. The index was created as a joint effort by the Karachi Stock Exchange and Al-Meezan Investment Bank."
Knockdown price,"When assets are sold very cheaply, they're said to be traded at a knockdown price. This may be the case if they experience turbulence and fall in value. It can also be because a seller is keen to get a quick deal and willing to accept a low price."
Korea Exchange,"It's one of the largest stock exchanges in Asia, and the only one in South Korea. It has more than 2,000 companies traded on it, including well-known global giants Samsung and Hyundai. It has its headquarters in the port city of Busan, with offices in Seoul."
KOSDAQ,"Established in 1996, KOSDAQ is an acronym of Korean Securities Dealers Automated Quotations and is an electronic stock market and the second trading board of Korea Exchange (KRX) in South Korea. The market's opening hours are 9.00am until 3.30pm KST."
KOSPI index,"The KOSPI is an index of all stocks traded on the Korean Stock Exchange. It is the representative stock market index of South Korea, like the Dow Jones Industrial Average or S&P 500 in the United States."
KSE 100 Index,"The Karachi Stock Exchange 100 index, commonly known as the KSE 100 index, is the main stock index that is used as a benchmark to compare prices on the Pakistani Stock Exchange over the course of a certain period of time."
KSE All Share Index,The KSE All-Share Index is the Karachi Stock Exchange’s Islamic index. This index is a combination of all three stock exchanges in Pakistan. It is thought that this index was the primary step in the sustained development of the Islamic capital markets.
KSE-30 Index,"The KSE-30 index is an index launched by the Karachi Stock Exchange (KSE) in 2006, based only on the free float of shares. It is an augmented version of the traditional KSE index – the main stock index used as a benchmark to compare prices on the Pakistani Stock Exchange."
Kuala Lumpur Composite Index,"The Kuala Lumpur Composite Index, now known as the FTSE Bursa Malaysia KLCI, was a market-valued-weighted stock market index made up of the thirty largest companies on the Bursa Malaysia. Only companies that meet the FTSE Bursa Malaysia ground rules can be eligible for entry."
Kyoto Protocol,"The Kyoto Protocol is an international treaty which provides a framework for reducing greenhouse gas (GHG) emissions by member countries through the 1992 United Nations Framework Convention on Climate Change (UNFCCC). The protocol was adopted on 11 December 1997 and ratified on 16 February 2005. At the time of writing (3 September 2021), there are 192 active members party to the agreement. Within the Kyoto Protocol definition there are set targets to reduce the GHG emissions of major industrialised countries and thereby curb excess CO2 in the atmosphere."
LabEx ReFi - European Laboratory on Financial Regulation,"LabEx ReFi (or the European Union on Financial Regulation) is an organisation and research centre led by Professor Christian De Boissieu. It is devoted to the evaluation of regulatory policies. It aims to advance, advise and guide the functioning of financial systems and their regulation."
Labour-sponsored venture capital corporation,A Labour-sponsored venture capital corporation is a type of Canadian corporation created by a labour union investing in small to mid-sized companies. LSVCCs are sometimes referred to as labour-sponsored investment funds (LSIFs) or simply retail venture capitals (RVCs).
Last twelve months,"Last twelve months (LTM) is the time period of preceding 12 months, also referred to as trading twelve months (TTM). LTM is widely used when referring to a company’s earnings and financial metrics such as revenue, profit or earnings per share (EPS) over the past year."
Late trading,"Late trading refers to when trade is executed after the standard local national exchanges have closed. Considered illegal and unethical, late trading should not be confused with after-hours trading, which is considered a legal practice."
Layering,"Layering is a technique used by security traders during high-frequency trading, in which they attempt to manipulate the price of a stock ahead of them executing a certain transaction. The act is considered to be a type of stock market manipulation."
Lead Underwriter,A lead underwriter is an investment bank or other financial institution that plays a vital role in helping companies to market new share offerings.
LEAPS,"LEAPS is a catchy acronym for the slightly less sexy phrase Long-term Equity AnticiPation Securities. These are basically stock options that have an expiry date of longer than a year, unlike more traditional options which usually expire within six months or so."
Ledger wallet,A Ledger wallet is defined as a hardware wallet in which cryptocurrency users can store their private keys securely. They’re developed by Paris-based The Ledger Company.
Legal risk,"This is the potential loss that a company or individual could face as the result of a legal issue. It could be a claim made against them, a change in the law or failure to take the proper legal measures to protect themselves."
Lehman Brothers,"It was a US-based financial firm that filed for bankruptcy on September 15, 2008. The collapse of one of the world's biggest investment banks sent shockwaves through world markets, sparked panic among investors and played a major part in the global financial crisis."
Leverage,Leverage is an essential concept in finance that refers to the use of borrowed capital to amplify potential returns or losses on an investment. It's a tool that allows businesses to increase their purchasing power and expand their operations beyond their existing resources.
Leverage cycle,"This is the rise and fall of leverage, or the use of borrowed money, over the course of the business cycle."
Leverage Ratio,Leverage ratio is an indicator of a company's financial health. It helps investors in assessing how much debt is used to fund the company’s operations. Hence leverage ratio is a crucial tool in fundamental analysis of stocks.
Leveraged Buyout,"A leveraged buyout, or LBO, is the acquisition of a company funded mostly with debt. The buyer only contributes a small amount of money and borrows the rest. To get the loan, they can put up the assets of the company they want to buy as collateral."
Leveraged recapitalization,Leveraged recapitalisation is a corporate strategy in which a company takes on significant new debt and uses the money either to pay a large dividend to shareholders or to buy its own shares.
Liability,"In business, a liability is something that a company owes. This can mean debt or another type of obligation such as taxes or outstanding wages. It can also cover money paid to the company for work which has not yet been carried out. This is known as deferred revenue, as the company cannot count it until they have done the work."
Liability-Driven Investment,Liability-driven investing (LDI) refers to a type of investment strategy that seeks to accumulate enough assets to pay current and potential liabilities.
Libor,"The London interbank offered rate, or Libor, stands for a benchmark interest rate in the international interbank market. It means that Libor is used by major international banks to lend to one another. Every bank estimates at what rate it would be charged in case it borrows from another bank, the resulting rate is abbreviated as Libor."
Libor scandal,"This refers to revelations that financial institutions and individuals conspired to fix the London Interbank Offered Rate (Libor), which compiles interest rates that banks use in order to assess the overall health of the financial system and set borrowing rates."
Lifeline Express China,"This is an organisation that runs custom-built trains providing free eye operations to people in China. It's China's first mobile charity eye hospital, and has helped hundreds of thousands of people since it was set up in 1997."
Like For Like,This is a way of measuring growth in sales. It’s widely used in the retail sector to assess how well companies are performing.
Limited partner (LP),"Often called a ‘silent partner’, a limited partner is someone who invests in a business partnership to get a share of the profits but takes no active role in managing the firm and has no personal responsibility for its debts."
Limited Risk,Limited risk is an investment strategy where the amount an investor could lose is capped. The limit is usually the amount invested initially.
Limits to arbitrage,Arbitrage means simultaneously buying and selling an asset to profit from a difference in its price. The theory of limits to arbitrage says that these prices may stay in an unbalanced state for a significant period of time due to restrictions on so-called rational traders.
Lipper average,Lipper average definition refers to a fund research tool developed by Lipper Inc. It is a set of Lipper indices used to measure how well an actively-managed investment portfolio is performing compared to its peers.
Liquid alternative investment,A liquid alternative investment is a way of diversifying your portfolio using mutual-fund-style liquid securities like bonds and bank loans. The main selling point of a liquid alternative investment is its liquidity – it can be bought or sold on a daily basis.
Liquid asset,"What are liquid assets? Liquid assets are assets that can easily be converted into cash without a negative impact on their value. Examples of liquid assets are: cash itself, money in a savings account and investments such as stocks, bonds, mutual funds or money market funds."
Liquidating distribution,"Liquidating distribution is a type of corporation-built non dividend distribution that is made to its shareholders during its partial or complete liquidation. The company’s entire amount of equity is distributed, rather than just the its profits being shared."
Liquidation approach,The liquidation approach is a method of business valuation. It measures the total worth of a company’s physical assets that could potentially be sold if it were to be liquidated in the immediate future rather than run as a going concern. Valuations may be affected by the timescale in which a liquidation would be assumed to occur.
Liquidation preference,Liquidation preference settles the order of payout of corporate liquidation cases. It is used often in venture capital contracts to stipulate which shareholders or investors get paid first and how much they each get paid in the case of a sale of a company.
Liquidation value,"It's the estimated value of an asset if it had to be sold quickly. When a company is going out of business, the liquidation value is the predicted total worth of all the physical assets – like cash, property, equipment or goods that the company owns and would be able to sell or liquidate to pay its debts or other liabilities."
Liquidity,"Every asset has a liquidity, from property to your collection of antiques and even the cash in your bank. However solid they may seem, they can be converted into money in your hands. And that's asset liquidity. How quickly an asset can be converted into money and how close to its original value it is after you've converted it."
Liquidity at risk,Liquidity at risk is a quantitative measure of financial risk. It was not a very well known theory until the financial crisis of 2007-2008. Liquidity risk is marked in two groups – market liquidity risk (asset or product risk) and funding liquidity risk (cash flow risk).
Liquidity crisis,"A liquidity crisis is economic and financial terminology for a shortage of liquidity. It can refer to various types of liquidity including funding, market and accounting liquidity. Certain economists state that a market is liquid if it can consume liquidity trades without large shifts in price."
Liquidity pool,What are liquidity pools?
Liquidity Risk,"Let us start by recalling what the term ‘liquidity’ stands for. Liquidity is the ability of a company or an individual to pay its debts by selling off its assets or securities without suffering tremendous losses. Basically, it describes how quickly something you own can be converted into cash."
Liquidity Trap,"A liquidity trap is an economic situation characterised by low-interest rates and high savings, where a negative sentiment causes people and businesses to hang on to their money resulting in a lack of investment."
List of bank stress tests,"Bank stress tests are devised by regulators who pose hypothetical future disadvantageous economic situations to banks in order to test them. Once the tests are ready for completion, they are handed over to the banks in the regulator’s jurisdiction. These tests are carried out under extreme supervision from the regulators."
List of CDO managers,"A CDO manager is a manager of Collateralized Debt Obligations, such as Citigroup. Collateralized debt obligations are a structured asset-backed security. They were originally established for the corporate debt market and they grew to cover the mortgage and mortgage backed securities market too."
List of companies paying scrip dividends,"A scrip issue is when a company’s reserve of cash is converted into shares and distributed to its existing shareholders. For example, a company that pays scrip dividends is Barclays Bank. A scrip issue can be a way of making new shares, which are given to shareholders free of charge."
List of electronic trading protocols,"Electronic trading is a method of securities trading, as well as the trading of foreign exchange and financial derivatives through electronic channels. The electronic trading protocols (ETP) were initiated to maintain thorough communication at every stage of a transaction."
List of public corporations by market capitalization,"Here you will find a comprehensive list of the top public corporations, ordered by market capitalization. It is important to remember that investment companies are not included, and only companies with a free float of at least 15% are included."
List of systemically important banks,"The official global list of systemically important banks (G-SIBs) has been produced each year since 2011 by the Financial Stability Board. There are also various national lists of systemically important banks, referred to by regulators as domestic systemically important banks (D-SIBs)."
Lit pool,"Lit pools are the opposite of dark pools or dark liquidity. While dark venues don't show prices at which participants are prepared to trade, lit pools display the various bids and offers in different stocks."
Load fund,"A load fund is a type of mutual fund that requires commission payment to purchase and sell its shares. Investing in the load fund, a trader pays the load, which serves as a compensation to a financial intermediary, either an investment advisor or a broker, for their expertise in finding a proper fund."
Loan,"A loan is money lent to you so that you can buy something, for example a car, a house or a business, when you can't afford to pay for it outright. You then pay the money you have borrowed back in regular instalments over a set time frame agreed with the lender."
Loan Note,"It's a contract for a loan stipulating when the loan must be repaid, and usually also the interest that's payable. It can also contain additional provisions such as convertibility into equity or other types of debt - in which case it's called a convertible loan note."
Loan-backed securities (LBS),"Loan-backed securities (LBS) are bonds backed by a pool of loans. The types of loans can be car loans, credit card debt, student loans and even solar power loans, but they do not include mortgages."
Loan-to-value Ratio,The loan-to-value ratio is used by mortgage providers to assess the risk associated with lending a mortgage. It's used to establish how much more it will cost a high-risk borrower to have a mortgage.
Lock-up period,A lock-up period is a period of time where investors are forbidden from selling their shares after an initial public offering. It's a way of avoiding liquidity and upsetting the price of shares in that company.
London Metal Exchange (LME),"The London Metal Exchange (LME) is the world’s largest and oldest futures and options exchange for trading industrial metals, including aluminium, copper, nickel and zinc. It's now based in Finsbury Square, just to the north of the City of London."
London Stock Exchange Group (LSE),"Wondering what the London Stock Exchange Group definition is? Simply known as the LSE Group, it is a major operator of international financial exchanges and most notably the London Stock Exchange, though it also include Borsa Italiana, MTS, the leading European fixed income market, technology platform MilleniumIT and the Financial Times Stock Exchange (FTSE)."
Long Position,"Looking for a long position definition? Investors take a long position in the stock market when they buy stocks and hold on to them, believing prices will increase. Going long indicates you’re bullish about an asset’s future."
Long squeeze,A long squeeze occurs where a security's price drops suddenly. Investors who have a long position on the security rush to sell their shares to avoid a huge loss.
Long-term rating,Credit rating agencies issue long-term ratings for gilts and bonds to denote the likelihood that a company or government will default on loans that last for longer than a year.
Long/short equity,"For almost as long as hedge funds have been around, they've been using long/short equity as a strategy because it's a way to manage investment risk and minimise market exposure."
Loss Aversion,Which is better – finding £10 or finding £20 and then losing £10? Loss aversion is when you’d rather avoid losses than accrue gains. Several studies have shown that most of us tend to feel the pain of loss more acutely than we do the pleasure of a gain.
Loss ratio,"In insurance, a loss ratio is the difference between how much an insurance company gets in premiums compared to how much it pays out to people who have claimed."
Low latency (capital markets),"In capital markets, firms need low latency algorithmic trading systems in order to increase profitability and react to market events quicker. Low latency means a faster data processing time, so that firms can catch events and profit from them before the market returns to normal."
Low risk investment,Precisely what it says on the tin. An investment where there is perceived to be just a slight chance of losing some or all of your money. Low risk investments offer you a security blanket as they’re not likely to suddenly drop in value.
Low-margin securities,Low-margin securities refer to shares in companies with low profit margins. They’re often overlooked by investors because it’s only natural you'd prefer a company that makes as much profit as it can from every pound of revenue. But some low-margin securities can turn out to be good investments.
Low-volatility anomaly,The low-volatility anomaly is the name given to the phenomenon that low-risk (low-volatility) securities seem to have higher returns than high-risk securities.
Luxembourg Depository Receipt,A Luxembourg depository receipt is a certificate issued that represents the purchase or ownership of foreign assets that are placed for deposit in a Luxembourg based account. These certificates signify the ownership of either a notional amount of bonds or an underlying number of shares.
Macedonian Film Fund,"Established in 2006, the Macedonian Film Fund was set up in the Republic of Macedonia to help and support the Macedonian film industry. The aim of the fund is to support both the artistic and economic aspects of the country's film projects."
Machine Learning,"Machine learning is the branch of artificial intelligence and computer science that uses data and algorithms to mimic the way human beings learn. The aim is for machines to ‘learn’ autonomously. It should be noted that machine learning is different from ‘deep learning’, another field of artificial intelligence."
Macro risk,"Macro risk refers to a type of financial risk associated with political or macroeconomic factors. Some of the macroeconomic variables generating macro risk include interest rates, exchange rates, unemployment rates, price indexes, housing starts and agricultural exports."
Macroprudential regulation,"Macroprudential regulation is an approach to financial regulation, aiming to mitigate risk to the entire financial system and thus avoiding and reducing the macroeconomic costs of financial instability. The approach is used by central banks and regulators around the world."
MADEX index,"Short for Moroccan Most Active Shares Index, the MADEX Index is a compact index, tracking the most active securities continually listed on the Casablanca Stock Exchange. The index is based on liquidity over the previous six months."
Magic formula investing,"Outlined by investor and Wharton graduate Joel Greenblatt, Magic formula investing is an investing technique that uses the principles of value investing in the stock market. The technique primarily aims to beat the market's average annual returns."
mai Index,A composite index representing the price movement of common stocks on the Market for Alternative Investment.
Mainnet,"When people refer to the Bitcoin network, they are generally referring to the mainnet. But, what exactly is the mainnet meaning in crypto?"
Maintenance Margin,Searching for a maintenance margin definition? A maintenance margin is the minimum amount an investor must keep in their account after buying securities with money borrowed from a broker. This acts as a buffer to reassure the broker that an investor can repay their debt. Brokers have maintenance margins because they want to mitigate the risk of an investor defaulting on a loan.
Making Home Affordable,A program launched by the US government in 2009 to help homeowners struggling with the effects of the subprime mortgage crisis to avoid foreclosure.
Makingup price,A historic term for the settlement price at which unpaid for securities are carried over from one account to the next.
Managed futures account,"A form of alternative investment in the United States, managed by a commodity trading advisor, that trades in the futures market."
Management buy-in (MBI),"A management buy-in, or MBI, is when outside executives a controlling stake in a business they don't already work for and become the company's new management team. As well as investing their own money in the company they've targeted, they will usually try to secure financial backing from a venture capital firm."
Management buyout (MBO),"If a management team buys a controlling stake, or the whole company, it already works for, it’s known as a management buyout or MBO. To help the management team finance the deal, they may have to turn to a venture capital firm for funding."
Management fee,"A management fee is the expense levied by asset managers to investors when you invest in a mutual fund or unit trust. The charges cover the cost of researching and selecting investments for the fund, along with admin and other operating costs."
Manager of managers fund,A type of multi-manager investment fund that uses multiple investment managers who are specialists in different asset classes.
Margin at risk,"Margin at risk is used in financial portfolio risk management, and is a measure of the risk associated with achieving expected margins. It calculates the risk value, against which investors can deploy alternative investment strategies or financial risk management tools, like hedging, to compensate."
Margin of safety,"It's the difference between the market price of a security and its intrinsic value. The term was invented by the founders of value investing, Benjamin Graham and David Dodd."
Marginal cost,"The marginal cost definition refers to the increase or decrease in the total costs a company will incur by producing one more unit of a good or serving one more customer. Also known as incremental cost, it includes the cost of any additional input required to produce the next unit at each level of production."
Marginal Cost of Funds,"The marginal cost of funds can be defined as the addition of financing cost for a business. It‘s the result of adding one more dollar of new funding to a business portfolio. It plays a crucial role when a business needs to make future capital structure decisions as it is an incremental or differentiated cost. Hence, financial managers use the marginal cost of funds when selecting capital sources or financing types to isolate the sources of financing methods."
Marginal Revenue,Marginal revenue measures the gain in income generated from the sale of one extra unit of a product or service. It’s calculated by dividing the change in total revenue by the change in output quantity.
Margining risk,Margining risk is a financial term to describe the risk of cash capital being smaller than anticipated because of the payments of margins. It can additionally be viewed as a form of short term liquidity risk.
Mark to market accounting,Mark to market accounting is the term for the accounting of an asset or liability based on the current market price or for assets and liabilities based on another justly assessed “fair” value. It became part of the Generally Accepted Accounting Principles (GAAP) in the early 1990s.
Mark Twain effect,"The Mark Twain effect refers to the pattern of stock returns being lower in October compared to the rest of the year. The term comes from a line in Mark Twain's novel, Pudd'nhead Wilson."
Market,"A common market definition is: a market is a trading place where people buy and sell goods and services, and where prices are agreed and communicated. Financial markets are where people trade different kinds of financial assets."
Market Abuse,Market abuse is an umbrella term used for situations where traders and investors have an unfair advantage over others. There's two key areas of market abuse: insider trading and market manipulation.
Market anomaly,"Also referred to as a market inefficiency, a market anomaly is a distortion on the price and/or rate of return that contradicts the efficient-market hypothesis (EMH). Anomalies can be technical, fundamental or calendar-related."
Market basket,"In finance, a market basket refers to a list of terms used to track the progress of inflation in an economy or specific market. Market baskets are used by economists, politicians and financial analysts to track prices over time and define inflation levels."
Market chart,"A market chart gives you a handy summary of how a stock market such as the FTSE 100 has performed over a period of time. Once you understand what has happened in the past, you’re able to make informed decisions about what might happen in the future."
Market clearing,"Market clearing is a fundamental concept in economics, a point of equilibrium where the quantity of goods, services or assets aligns perfectly with the demand. It's the sweet spot where supply and demand curves intersect on the economic graph."
Market Correction,"A market correction takes place when a stock, bond, commodity or index reverses (usually negatively) in movement by at least 10% to adjust for an overevaluation. Market corrections are usually temporary and have shorter durations than a bear market or recession."
Market Data,"Searching for a market data definition? Market data is the data issued by a trading venue, such as a stock exchange, to inform traders and investors about the latest prices of financial instruments such as shares, derivatives, commodities and currencies."
Market distortion,"A market distortion refers to an event in which a governing body intervenes in a market. Generally, it sees the market clearing price for an item significantly differing from the price that a market would achieve while operating under conditions of perfect competition."
Market economy,"It's an economy in which the majority of economic decisions - in terms of production, consumption, employment and investment - are taken by individuals or by privately-owned companies, based on a supply and demand relationship. The role of the state is to enforce contracts, ensure a stable currency and maintain public order."
Market efficiency,"The concept of market efficiency presupposes that if markets are efficient, all the available information is already reflected in prices. Therefore, nobody can beat the market, because there are no overvalued or undervalued securities."
Market forces,"In economics, market forces refer to factors that influence the price and quantity of goods and services, driving supply and demand in a market. These include competition, consumer preferences, technological advancements, economic growth, and government regulations."
Market Identifier Code,"Sometimes abbreviated to MIC, a market identifier code is a unique four-character code that identifies stock markets and other securities trading exchanges. Each code is defined in ISO 10383 by the International Organisation for Standardisation (ISO)."
Market if touched,"In finance, a Market-If-Touched refers to a conditional order that will only be executed if a security reaches (or touches) a specified price. Sometimes abbreviated to MIT, a Market-If-Touched is also sometimes referred to as a 'board order'."
Market impact,"In finance, market impact refers to the effect on a market caused by an asset being either bought or sold. The term is closely linked to market liquidity with 'liquidity' and 'market impact' often being synonymous."
Market impact cost,"In finance, market impact cost refers to the expense of trading a security or index. Market impact costs are a type of transaction cost and can be measured in the chosen numeraire of the market."
Market Leader,"When a company, brand, product or service has the largest market share or sells more of a particular product or service than its rivals, it’s classed as a market leader. Its position of dominance can help it sustain future revenue and shape the competitive landscape."
Market Maker,A market maker is an individual or organisation that takes on the risk of holding a particular security in order to allow investors to trade that security. They quote both a buy and a sell price of this product in the hope of getting investors to trade it.
Market microstructure,"Market microstructure, as defined by the National Bureau of Economic Research (NBER) is a branch of finance concerned with theoretical, empirical and experimental research on the economics of security markets. Issues addressed by the study include price formation, price discovery and investment behaviour."
Market moving information,"In finance, market moving information refers to information that would cause an investor to make a buy or sell decision. Market moving information is also sometimes referred to as material information."
Market Order,A market order is an order to buy or sell a financial instrument immediately at the best available current market price. These are completed as long as there are willing buyers and sellers. They tend to be used when the most important factor in the transaction is 'certainty of execution'. They are usually given by brokers or traders to exchanges.
Market Portfolio,"A market portfolio is a speculative cluster of investments that include every various asset available in the global financial market, with each asset measured in proportion to its total ubiquity within the market."
Market price,"In economics, the market price is the amount of money an asset can be sold for on an open market. A simple market price definition specific to financial markets is that it is the price of the most recent transaction for a security on a traded market such as a stock exchange."
Market profile,"The market profile is an an intra-day charting technique devised by J. Peter Steidlmayer. Steidlmayer was looking to analyse the development of the daytime portion of market value. Market profile is recognised as a bell shape, larger at the middle prices with sparser activity at the higher and lower prices."
Market Risk,"Looking for a market risk definition? The place to start is the name itself. Market risk is a type of risk associated with the market as a whole rather than with individual stocks or business sectors. In other words, it is the risk that the market overall will lose value, rather than that one or more stocks or sector will go out of favour to be replaced by those upon whom investors are smiling."
Market Saturation,"Market saturation is economic terminology for a situation where a product is released and distributed into a market. How saturated that specific market becomes depends on how well it is received by consumers and, subsequently, their purchasing power. Other factors such as technology, competition and prices also all have an effect."
Market Segmentation,Market segmentation is the process of dividing a specific market into subgroups based on a set of certain characteristics. The aim of this segmentation is to identify groups with the highest potential profit or growth.
Market Share,"A market share is a percentage or portion of the market earned by a company. In a nutshell, a company’s market share is the ratio of its total sales to the total sales of the industry in which it operates."
Market Trend,"Market trend is the asset’s price direction over a given period. Market trends apply to all assets and markets such as foreign exchange, commodities, stocks and bonds, where prices and trading volumes fluctuate."
Market value added,"Market value added (MVA) shows the contrast between the present market value of a company and the capital that has been added by investors. If the market value added is positive, the company has gained value. If the market value added is negative it has destroyed value."
Market-based valuation,Market-based valuation is a type of stock valuation method that speaks to market indicators. This is a well known way of calculating the theoretical value of a company and its stock.
Marketable securities,"Let’s look at the marketable securities definition. The term marketable securities refers to liquid financial securities, or assets, that can be easily traded for cash on major public exchanges, for example stocks, bonds and exchange-traded funds (ETFs)."
Marketcetera,"Marketcetera is a financial software company and the developer of the open source trading platform also named Marketcetera. This platform links financial exchanges to users through broker services, allowing the use of automated trading systems."
Markets in Financial Instruments Directive 2004,A European Union law that implements co-operative regulation for the investment services that are offered in the 31 member states in the European Economic Area. The main purpose of the directive is to increase consumer protection and competition in investment services.
Marlboro Friday,Marlboro Friday marks the day that Philip Morris USA announced a 20% price cut to their Marlboro cigarettes in a bid to compete with generic cigarette makers.
Martingale system,The Martingale system is a betting strategy that involves increasing the size of a bet continually after losses. The system became popular in France in the 18th century and is based on the premise that only one win is needed to recoup all losses and score a profit on the original stake.
MASI index,It's the Moroccan All Shares Index - a stock index that tracks the performance of all the companies listed in the Casablanca Stock Exchange. It's one of two main indices there - the other is MADEX (Moroccan Most Active Share Index).
Mass Index,What does mass index mean? In this article we will look at the mass index definition within the realm of trading.
Master transaction agreement,"A master transaction agreement is a contractual commitment reached by two parties in a financial negotiation, where all parties agree to the majority of terms that will rule future transactions."
Master-KAG,"A German phrase – originally Kapitalanlagegesellschaft, translating to English as capital management company – used to describe capital management companies that only practice administration for special assets. The Master-KAG founds the special assets, is in control of the fund accounting and decides the custodian bank for holding and valuing the assets."
Matchbook FX,"It was an electronic communications network that operated between 1999 and 2002, trading electronic currency in the FX or Foreign Exchange Market. With the decline of the dot.com bubble Matchbook FX struggled to raise continued operating funds, and in 2002 it was sold to multiple investors who made a collective choice to discontinue the brand."
Maturity,Most investments have a start date and an end date. Maturity is just another way of saying that an investment has reached its end.
Maximum Downside Exposure (MDE),"Maximum downside exposure, or MDE, is the evaluation of the maximum downside to a portfolio. It lets you know how much your portfolio could possibly lose in the event of a catastrophe. Because of this MDE alleviates the need to worry about the market’s volatile swings."
MCX,"The Multi Commodity Exchange of India is the country’s largest commodity futures exchange. Based in Mumbai, it trades in bullion, non-ferrous metals, energy and agricultural commodities including crude palm oil and cotton."
MDAX (Mid Cap),"The MDAX, also known as the DAX Midcap, is a stock index which includes companies based in Germany. This stock index is managed by Deutsche Börse AG, a multi-national company originally based in Frankfurt that provides transaction services, and organises the trading of securities and shares."
Medicaid,"Medicaid is a publicly funded health insurance programme which assists with healthcare costs for low income individuals in the United States. The Medicaid programme is administered at the state level to allow for flexibility in delivery models while being subject to federal standards. As of July 2021, there were over 76.7 million Americans receiving some form of benefits through the programme."
Medical underwriting,"Medical underwriting is a term used in health insurance to describe the use of a potential client’s previous medical information to evaluate their eligibility for coverage. This process is usually carried out by insurers when assessing whether or not to offer a client life or health insurance, and deciding how much to charge for the policy."
Merchant bank,"Rather than dealing with the public, merchant banks provide commercial loans, underwriting and investment for companies and wealthy individuals. They manage portfolios and deal with international transactions, as well as offering financial advice on issues such as company acquisition and takeovers."
Mergers and Acquisitions (M&A),Looking to learn more about mergers and acquisitions? This mergers and acquisitions definition is a great way to get started.
MERVAL,"The MERVAL Index is the most prominent stock market index of the Buenos Aires Stock Exchange – the organisation in charge of maintaining and running Argentina’s stock exchange, which is based in the country’s capital. The index takes its name fromMercado de Valores, the Spanish translation of ‘stock market’."
MESDAQ,"The Malaysian Exchange of Securities Dealing and Automated Quotation, also known as MESDAQ, was a securities market created in and operating in Malaysia. The market, which was launched in October 1997, was primarily focused on companies that were based in the technology sector."
MetaTrader 4,"MetaTrader 4, also known as MT4, is an electronic trading platform popular among online retail foreign exchange (forex) traders. The software is licensed to forex brokers who, in turn, provide the platform to their clients."
Mexican peso crisis,The sudden devaluation of the peso by the Mexican government in December 1994 resulted in a financial crisis that cut the peso’s value in half and triggered a severe recession.
Mexican unidad de inversión,A unit of account that’s controlled by the Mexican government and used in the Mexican credit industry because of its stability.
MIB Group,"It's a membership corporation owned by around 430 member insurance companies in the US and Canada. Founded in 1902, MIB provides services to protect insurers, policyholders and applicants from attempts to hide or omit information material to underwriting life and health insurance."
MICEX index,"The MICEX is Russia’s benchmark stock market index. It’s made up of 50 blue chip companies traded on the Moscow Exchange, including Gazprom and Sberbank. The index is denominated in Russian rubles."
Microcap stock,The stock of a US publicly traded company with a market capitalisation of between $50 million and $300 million.
Microexchanges,Electronic marketplaces which bring together buyers and sellers of niche products through an IT-based platform.
Microfinance definition | What is Microfinance (Microcredit),"Microfinance is a special category of financial services, targeting small businesses and individuals who lack access to traditional financial resources from banking institutions. Microfinance, also referred to as microcredit, is targeted for low-income or unemployed individuals who can’t otherwise access other financial services."
Microprudential regulation,Financial regulation at a firm level to make sure individual financial institutions are resistant to shock.
Mid price,A general market value for an asset which is calculated by taking the average of the current bid and ask prices being quoted.
MIDAS Technical Analysis,A form of technical analysis that’s used to calculate support and resistance levels for the price of a security to inform trading decisions.
Minimum acceptable rate of return,"A minimum acceptable rate of return (MARR) is the minimum profit an investor expects to make from an investment, taking into account the risks of the investment and the opportunity cost of undertaking it instead of other investments."
Minimum Efficient Scale,"A minimum efficient scale is the lowest level of output a company can achieve while taking advantage of economies of scale. Essentially, it's the point at which a company is running productively on the lowest possible cost."
Minority shareholder,"A shareholder who owns less than half the total shares of a company. Minority shareholders often don’t have any real say in the running of a business, and if a dispute arises over the sale of assets for example, the majority shareholders make the final decision."
Minsky moment,A sudden market collapse following a long period of increasing speculation using borrowed money.
Mirror trading,A method of trading in which a trader sets trading strategies that get automatically applied to their account. This often involves copying the strategies of more experienced traders.
Mischler Financial Group,A minority investment bank and institutional brokerage that’s owned and operated by service-disabled veterans (SDVs).
Mismatch Risk,"Mismatch risk is where the risk you've chosen for your investments is not suitable for your circumstances or goals. An example would be if you were looking to retire in the short term, but you put your savings into high-risk long-term investments."
Mitsubishi UFJ Financial Group,"It's the largest bank in Japan and one of the biggest in the world. Also known as MUFG, it’s one of the main companies of the Mitsubishi Group and headquartered in Tokyo. It provides a range of financial and investment services."
Mizuho Financial Group,"Mizuho, which means ‘abundant rice’ in Japanese, is the third-largest banking holding company in Japan and second-largest financial services group. Also known as MHFG, it provides a range of financial and investment services for both retail and corporate clients."
Model risk,"It's a form of risk that happens when a financial model used to measure a company's market risks or value transactions doesn't do the tasks or capture the risks it was intended to. In other words, it's the risk of loss resulting from using inaccurate models to reach decisions."
Modern portfolio theory,"MPT, also known as portfolio management theory, is an influential economic concept according to which risk-averse investors can build portfolios to maximise expected return based on a given level of market risk, as risk is an innate part of higher reward."
Modified accrual accounting,Modified accrual accounting is defined as an accounting method that combines accrual accounting and cash-basis accounting.
Modigliani risk-adjusted performance,"A measure of the returns of an investment portfolio, adjusted for the risk of the portfolio relative to a benchmark."
Monetary policy,"Monetary policy is the policy or actions taken by a country’s central bank to promote economic growth and support economic goals laid out by the government, such as low unemployment."
Monetary Value,Monetary value is the amount of money you would expect to receive from selling something. It’s what something is currently worth right in purely financial terms.
Monetisation,"Monetisation is the term used to describe turning an object, goods, service or asset into money. It usually refers to currency – i.e. metals made into coins and the printing of bank notes – but companies are increasingly looking to turn assets into sources of revenue, and websites can also be monetised."
Money Flow Index definition,"The Money Flow Index (MFI) is a technical indicator, which uses an asset’s volume and price data to identify oversold and overbought signals. The oscillator is also applied to find out divergences, which are capable of warning traders of a possible change in the asset’s price."
Money Market,"The financial market is made up of several sub-categories like capital market, derivatives market, commodity market, foreign exchange market and spot market. The money market is another sub-sector that is less-known to most retail investors."
Money Market Fund,"It's an open-ended mutual fund  that invests in short-term debt securities  such as US Treasury bills . Money market funds are important providers of liquidity to financial intermediaries, and are widely regarded as being as safe as bank deposits - though this isn't always the case."
MoneyBee,"It was a distributed computing project that produced stock forecasts using artificial intelligence with the help of artificial neural networks. MoneyBee is also the name of an emerging investment advisory company based in India, which provides portfolio management services."
Moneyness,"An important aspect of options trading, it describes the relationship between the strike price of an option and the current trading price of its underlying asset such as a stock."
Monopolistic Markets,The monopolistic market definition describes a market where only one company sells particular goods and services to customers.
Monopoly,"Monopoly definition is a market structure in which a single company or entity has complete control over the supply of a particular product or service. A monopoly describes a situation in which a company is either the sole supplier of a product or service or one of a small number of such suppliers. Governments across the world have legislated to ban, break up or regulate monopolies."
Montana Management,"It's a trust fund once owned by the late Iraqi president Saddam Hussein. It has a 2% holding in Lagardere Group, but all of its holdings were frozen under moves targeting the Saddam regime's leading figures."
Monthly income preferred stock,"A hybrid security, popular in the 1990s, that combines features of preferred stock and bonds."
Moody's rating,Moody’s is a leading credit rating agency that awards grades to a country or large corporate borrower indicating the probability of default. The system of rating securities was founded by John Moody in 1909 to provide investors with a simple way of evaluating credit risk.
Moral hazard,"The risk that one party to an agreement will take greater risks, knowing that another party will bear the costs if the risk doesn’t pay off."
Mortgage,"A mortgage is a type of loan that helps buyers to purchase a home. Mortgage loans are either used to buy a home, or borrow money against the value of a home you already own."
Mortgage underwriting,The process of assessing the risk of a borrower being able to make the proposed mortgage payments. Mortgage underwriting is carried out by the mortgage lender.
Mortgage underwriting in the United States,The process of assessing the risk of a borrower being able to repay their mortgage. Lending criteria may be set both by the mortgage bank and whoever the bank sells the loan onto.
Mortgage yield,"It's the amount of returns that are generated from a set of mortgage-backed securities, such as mortgage-backed bond issues. Mortgage yield is usually calculated as a monthly rate, though it's also possible to project the yield for a longer period of time."
Mortgage-Backed Securities (MBS),"Also known as MBS, they're fixed-income investments backed by a pool of mortgages. When a bank lends money to someone to buy a home, it sells that loan to an investment bank, which bundles a lot of loans with similar interest rates together to sell to investors."
Most Recent Quarter,Knowing the most recent quarter definition (MRQ) is essential as investors and traders are likely to see MRQ information in a company's financial statements.
Mountain Chart,"Searching for a mountain chart definition? A mountain chart is a financial chart or graph with peaks and dips, which makes it look like the side of a mountain."
Moving average,"If you are an investor, you may already know that predicting trends in the stock market is not a simple process. While you can’t foresee what the future holds, you can give yourself better odds using research tools and technical analysis."
Mr. Market,"He's a character created by investor Benjamin Graham in his 1949 book 'The Intelligent Investor'. Graham imagines that he and Mr Market are co-owners of a business. Mr Market, who is ultra mood-swingy, regularly offers to sell his share of the business or buy the reader's share."
MSCI EAFE,"This is a stock market index that measures the performance of shares in developed markets outside the US and Canada. It gets its rather sedate title from index provider MSCI Barra, and the regions that make up EAFE - Europe, Australasia and the Far East."
MSM-30,A stock market index that tracks the performance of the 30 most liquid companies listed on the Muscat Securities Market.
MTF,"MTF stands for multilateral trading facility. This is an EU regulatory term for a financial trading platform that isn’t a traditional stock exchange. It enables investors to buy and sell a variety of shares, bonds and derivatives that might not have an official market."
Multi-manager investment,An investment product consisting of multiple funds managed by different specialists. This enables even small-scale investors to achieve a diversified portfolio.
Multiple factor models,Financial models that uses two or more uncertain variables to calculate the impact of different factors on returns from an individual security or investment portfolio.
Municipal bond,"A municipal bond is usually referred to as a loan investors make to local governments. These bonds could be issued by cities, states, countries or other governmental bodies. The interest paid on municipal bonds is usually tax-free."
Municipal bond arbitrage,A strategy in which an investor takes advantage of the tax exemption on municipal bonds to hedge the duration risk associated with these bonds by short selling interest rate swaps.
Mutual fund,"A mutual fund is an investment fund that pools money from a number of investors to invest in various securities, including equities, bonds and money market instruments. To many investors, choosing individual securities to invest in and manage can seem rather intimidating and risky. As a solution, mutual funds were created. Mutual funds are priced-based on a net asset value (NAV), which is calculated at the end of each trading day by dividing the total value of the securities by the number of the fund's shares outstanding."
Naive diversification,"An approach to investing in which an investor selects a number of different assets to invest in, in the hope that this lowers the overall portfolio risk."
NASDAQ Biotechnology Index,"Initiated in 1993 at the base value of 200.00, the NASDAQ Biotechnology Index is a stock market index comprising securities of NASDAQ-listed companies that have been classified as either Biotechnology or Pharmaceuticals by the Industry Classification Benchmark."
Nasdaq Composite,"The Nasdaq Composite index tracks the performance of about 3,000 stocks traded on the Nasdaq exchange. It's mainly used as an indicator of how well companies in the tech sector – both large and small – are doing."
NASDAQ Stock Exchange,"The NASDAQ Stock Exchange, located in New York City, is the world’s second-largest stock exchange in terms of market capitalisation."
NASDAQ Transportation Index,The NASDAQ Transportation Index is a capitalisation-weighted index created to measure the performance of all NASDAQ stocks in the transportation sector. The parent index of the NASDAQ Transportation Index is NASDAQ Composite Index.
National Association of Health Underwriters,A US professional association that represents the interests of those employed in the health insurance industry. They also have a lobbying role on issues relating to healthcare reform.
National best bid and offer,"Under a regulation by the US Securities and Exchange Commission, brokers have to execute customer trades at the best available ask price when buying securities, and at the best available bid price when selling them. This is known as National Best Bid and Offer (NBBO)."
National Credit Regulator,"It's an organisation responsible for the regulation of the South African credit industry. The NCR was established under the National Credit Act of 2005, and is charged with carrying out education, research, policy development, registration of participants, complaint investigation and enforcement of the Act."
National Futures Association,The self-regulatory organisation for the US derivatives industry. Membership of the National Futures Association (NFA) is mandatory for anyone operating in the futures market.
National market system plan,"A US system which governs the collection, processing and dissemination of data relating to securities transactions."
National Stock Exchange of India,"Known as the NSE for short, it’s the main stock market in India. Based in Mumbai, it offers trading in corporate bonds and derivatives as well as equities."
NEMAX 50,A discontinued index which represented the 50 largest companies listed on the Neuer Markt segment from 1999 to 2003.
Neon Swan,"A neon swan definition refers to a rare but highly predictable event of serious consequences. As opposed to a black swan event, a neon swan event typically follows a series of warning signs that lead up to it, and therefore, in theory, may be prevented."
Net Asset Value (NAV),It's a way to measure the value of a fund. It takes into account the number of shares outstanding in the fund and its liabilities. It's used particularly to measure the assets of a mutual fund or exchange-traded fund.
Net capital outflow,"It's the net flow of funds being invested abroad by a country over a certain period of time. When the net capital outflow (NCO) is positive, domestic residents are buying more foreign assets than foreigners are purchasing domestic assets."
Net credit sales,"A measurement of the sales a company makes to its customers on credit, minus the value of any returned items and allowances. Investors can use a firm's net credit sales when working out how much credit it's allowing its clients."
Net debt repayment,A measure of a company’s ability to repay all its debts simultaneously. It’s often used as an indicator of a company’s financial health.
Net income per employee,"A company’s net income divided by the number of employees. High values indicate an efficient use of the company’s resources, but valid comparisons can only be made between similar companies."
Net interest income,The difference between the income a bank earns from interest and the expenses (including interest payments) associated with its liabilities.
Net interest margin,The ratio of a company’s net interest income to the value of its invested assets. It’s used to measure the success of investment decisions.
Net interest spread,It's the difference between the average yield a financial institution gets from loans and other interest-accruing activities and the average rate it pays out on deposits. The net interest spread is an important indicator of a financial institution's profitability.
Net operating assets,A method of valuing a business based on its operating activities. It’s calculated by subtracting the company’s operating liabilities from its operating assets.
Net Operating Income (NOI),A profitability calculation based on a property’s revenue-generating ability. It reflects the income from a property after operating expenses have been deducted but before tax.
Net Profit,"Net profit is a company’s actual profit, once all expenses are taken away from its revenue. It is used as the ultimate measure of how profitable a business is. Since it appears at the very end of financial statements, it is also known as the bottom line."
Net value asset,"A measurement showing the value of a mutual fund's or closed-end fund's assets, once its liabilities have been subtracted. It's generally worked out on a per-share basis, meaning it shows the market value of a share within a fund."
Netherlands Film Fund,"The Netherlands Film Fund is, as the name suggests, as fund created to subsidise the production and creation of films in the Netherlands. The fund was founded in 1993 and is primarily funded by the Dutch Ministry of Education, Culture and Science."
Networking,Networking is defined as the exchange of information or ideas in a social setting among people who are engaged in a common profession or industry. Networking always begins with a shared interest point.
Neuroeconomics,"Neuroeconomics is the study of economic decision-making that combines the fields of neuroscience, economics and psychology."
New Energy to Reinvent and Diversify Fund,"The New Energy to Reinvent and Diversify Fund, more commonly known as the NERD fund, was a short-lived, secretive and controversial government expenses fund which ran in the State of Michigan from 2011 to 2013."
New York Stock Exchange (NYSE),"Looking for a New York Stock Exchange definition? Also known as the “Big Board” or the NYSE, the New York Stock Exchange is considered the world’s largest and most well-known equity market based on the total market capitalisation of its listed securities ($21.3 trillion as of June 2017). It is located on Wall Street in lower Manhattan, New York City."
NEXUS,"NEXUS is defined as a Trusted Traveller Program designed to expedite border clearance processes for entry into US and Canada for low-risk, pre-screened travellers."
Nifty 50 index,"No, it's not a list of the most eligible fiftysomethings! The Nifty 50 is the flagship index of the National Stock Exchange of India, it is a free float index and market capitalisation weighted. It’s made up of 50 of the largest and most actively traded stocks representing more than 20 industry sectors."
Nifty Fifty,"The term refers to the 50 popular large-cap stocks on the New York Stock Exchange in the 1960s and 1970s that were widely seen as solid buy-and-hold growth stocks. Most of them are still solid performers, but a few are now defunct or worthless."
Nikkei 225 index,"Usually just simply referred to as the Nikkei, this is the flagship stock market index of Japan. It tracks 225 top blue-chip companies listed on the Tokyo Stock Exchange from a range of industries."
No free lunch with vanishing risk,It is a mathematical concept based on arbitrage used in asset pricing and investment modelling. Arbitrage is the practice of taking advantage of price differentials between two or more markets.
No-par stock,"The term refers to shares of common stock that are issued with no-par (or face) value. This was once important, but nowadays it's very common for companies to issue capital stock with no-par value because the prices of stocks vary constantly."
Noddle (credit report service),"Noddle is a UK-based service offering credit reports for their customers. Unlike competitors such as Equifax and Experian, Noddle has always given customers the opportunity to view their full credit report for no charge, with the promise that they will never charge for their basic service."
Node,"In the cryptocurrency world a node is a computer, or group of computers working together, that supports a crypto network through the verification of transactions and maintenance of the blockchain, or the digital ledger."
Noisy market hypothesis,The noisy market hypothesis is a financial theory that argues that the true underlying value of a company is not always efficiently calculated by looking solely at the prices of its securities. This is in contrast to the more widely acknowledged efficient market hypothesis.
Nominal vs real GDP,"Real GDP and nominal GDP are two key measures of a country's economic performance, both derivatives of the gross domestic product (GDP). While real GDP accounts for inflation, nominal GDP reflects the current market prices. For traders, understanding the differences between these measures remains valuable, as it allows them to accurately assess a country's economic health and make informed trading decisions based on the true growth of the economy."
Nominal yield,"The interest or 'coupon' that an investor can expect to receive from a bond. The nominal yield is based on the original value of the bond, rather than its current market value. The interest rate is fixed and lasts for as long as the bond does."
Non-competition agreement,"This type of agreement seeks to prevent ex-employees from competing with a company for a certain amount of time after they've left the business. This can cover stopping someone from setting up a rival business - or even, in some cases, working for a rival business in a similar role."
Non-disclosure agreement (NDA),A non-disclosure agreement (NDA) is a contractual agreement to keep secrets secret. If an individual or business does not want confidential information shared they can ensure that other parties aware of that information sign an NDA.
Non-fungible token (NFT),"How do you define a NFT? Simply put, a non-fungible token (NFT) is a type of cryptocurrency that runs on a blockchain."
Non-operating income,"Non-operating income is a part of a company’s income that is not derived directly from its major business activity. It can include profits or losses from investments, sale of assets and property, currency exchange, asset write-downs or dividend income."
Non-performing Loan (NPL),"NPL or a non-performing loan is a bank loan, which will not be repaid by the borrower in full or is subject to late repayment. The Non-performing loans meaning presupposes that the borrower is in default and does not pay the monthly interest or principal repayments for a specified period."
Non-renounceable rights,"A non-renounceable rights issue is an offer issued by a company to stockholders to purchase more shares of the company at a discount. Unlike a renounceable rights issue, a non-renounceable rights issue cannot be sold or bought and is therefore non-transferable."
Non-solicitation agreement,Businesses use non-solicitation agreements to try to stop employees from poaching clients or suppliers when they leave the company. The enforceability of such agreements will depend on the legal jurisdiction in which they are drawn up and its attitude to curbing competitive activity by former employees.
Non-voting stock,It's stock that gives the shareholder little or no vote on corporate issues such as mergers or the election of the board of directors. This kind of share might appeal to investors who want to reap rewards from a company's performance but are less interested in influencing its direction.
NOPAT,Net operating profit after tax (more commonly known as NOPAT) is the calculation of a company’s profit if the costs and tax benefits of that company’s debts are not taken into account. This is often used as part of an economic value added (EVA) calculation.
Nora Nash,"Based in the US, Nora Nash is a nun and an activist shareholder. She is a Sister of St. Francis of Philadelphia – where she also holds the title of director of Corporate Responsibility – and she is also a member of the Interfaith Center on Corporate Responsibility."
Normalised earnings,"Normalised earnings show the company’s financial results without the effects of non-recurring charges or gains, which could result from unusual one-time events or seasonality."
Norwegian Banks' Guarantee Fund,The Norwegian Banks' Guarantee Fund covers deposit insurance in the European country of Norway. It was created to ensure that people depositing money into Norwegian banks would have a security if their bank lost their money or could not pay its debts.
Nouveau marché,It's a French equity market that was founded in 1996 to provide access to the financial markets for new start-ups with insufficient financing but high growth potential. Nouveau Marché (New Market) was intended to be a French equivalent to the US Nasdaq.
NTX index,"The NTX stands for the New Europe Blue Chip Index and is a free float weighted price index. It’s listed on the Vienna Stock Exchange and consists of the 30 largest companies in Central, Eastern and South-Eastern Europe in a range of sectors, including banking, oil and gas and telecommunications."
Numéraire,"Numéraire is an economic term referring to the standard to which value is computed. Numéraire is a French word, specifically translating to 'money', 'face value' or 'coinage' and ultimately, makes it possible to compare values and identify which goods are worth more/less than others."
Nuncupative Will,"Whether you have sizeable assets or a few thousand pounds in the bank, when you’ve passed away, you’ll want your legacy to be inherited by your rightful heirs. One of the most direct ways to plan your legacy and gifting is through drafting a will document."
NYMEX,"NYMEX stands for the New York Mercantile Exchange, a US-based futures market that specialises in physical commodities. Its NYMEX division allows for trading in energy, platinum and palladium, while its COMEX division focuses on gold, silver and copper markets."
NYSE Arca Major Market Index,The NYSE Arca Major Market Index is a price-weighted stock market index consisting of 20 Blue Chip industrial stocks of major US corporations. The index was established in 1983 with a base price and base value set at 200.00.
NYSE Arca Tech 100 Index,"Tracked since 1982 (when it was initiated by the Pacific Exchange), the NYSE Arca Tech 100 Index is a price-weighted index featuring common stocks and ADRs of technology-related companies currently listed on US stock exchanges."
NZX 50 Index,The NZX 50 Index is the main stock market index in New Zealand. The index was introduced in 2003 and comprises the 50 biggest stocks by free-float market capitalisation on the New Zealand Stock Market (NZSX).
US Tech 100 Volatility Index,The popularity of volatility indices like US Tech 100 Volatility Index is growing as investors look for instruments to hedge against unexpected losses.
OBX Index,The OBX Index is a stock market index listing the 25 most liquid companies on the main index of the Oslo Stock Exchange in Norway. The companies listed on the index are reviewed and rotated twice a year.
Odd lotter,It's an investor who buys shares or other securities in small or unusual quantities. Shares tend to be traded in multiples of 100 - known as a round lot. A small investor who purchases fewer than 100 is known as an odd lotter.
Office of Financial Research,"Established in 2010 by the Dodd-Frank Wall Street Reform and Consumer Protection Act, the Office of Financial Research (OFR) is an independent bureau within the United States Department of the Treasury. As of 2016, the bureau had 225 employees and a $99 million budget."
Ohlson o-score,It's a financial formula for predicting bankruptcy that was proposed by Dr James Ohlson of the New York University Stern Accounting Department in 1980. He suggested it as an alternative to the Altman Z-score for forecasting financial distress.
Omega ratio,"It's a risk-return performance measure of an investment asset, strategy or portfolio, that was devised in 2002 by Con Keating and William Shadwick. It's defined as the probability weighted ratio of gains versus losses for a given return target."
OMX Nordic Exchanges,"They comprise a stock exchange that covers the Nordic financial market. Stocks sold by companies in countries including Sweden, Finland and Denmark can be traded in one place. It’s one of the biggest exchanges in Europe."
OMX Nordic Mid Cap,"Short for NASDAQ OMX Nordic, OMX Nordic is a provider of financial services and marketplaces for securities in the Nordic and Baltic countries. The list structure of OMX Nordic is organised into three segments: large cap, mid cap and small cap."
OMX Stockholm PI (OMXSPI),"Formerly known as SAX All Share, OMX Stockholm PI (OMXSPI) is a stock market index of all shares that trade on the Stockholm Stock Exchange. The aim of the index is to reflect the current status and changes in the market."
OMX Vilnius,"Established in 1993, the OMX Vilnius is a stock market index operating on the NASDAQ OMX Vilnius Stock Exchange in Vilnius, Lithuania. The stock exchange is owned by the NASDAQ OMX Group, which also operates Helsinki Stock Exchange and Stockholm Stock Exchange."
OMXC20 index,The Copenhagen Stock Exchange is a member of the OMX Exchange group and the OMXC20 is the top-tier stock index of the Copenhagen Stock Exchange.
OMXS30 index,"The Stockholm Stock Exchange is a member of the OMX Exchange group and this stock index is attached to it. The OMX Stockholm 30, to give the index its full name, is made up of the exchange's 30 most-traded stocks. The index is market value weighted."
One-Time Charge,"Want to learn how to interpret companies’ financial results and identify poor accounting practice and real earning potential? Companies could misuse one-time charges, which may make their financial health appear better than the reality and mislead investors."
Onerous Contracts,Contracts are written or spoken agreements that are binding on the signing parties. They are carried out for some consideration or value to the parties involved.
Online Auction,"An online auction is an auction that takes place via the internet, allowing users to sell or bid for products and services online. Online auctions allow sellers to reach larger audiences, in different locations and geographical areas."
OPEC,The Organisation of Petroleum Exporting Countries (OPEC) is a cartel comprised of 13 oil-exporting countries. A cartel can be defined as a coalition of independent parties formed to promote a mutual interest through market control or price manipulation.
Open outcry system,"A traditional way of communicating information across the trading floor of a stock, commodity or futures contract exchange. Traders communicate verbally and use hand signals. For example, one trader might signal they're keen to sell at a particular price and another may respond that they're willing to do a deal."
Open Position,"What is the meaning of the term ‘open position’? In trading and investing, an open position is an active trade that’s yet to be closed. The position remains open until an opposing trade is made."
Open Technology Fund,"Often abbreviated to OTF, the Open Technology Fund is a US Government-funded program designed to support global internet freedom technology companies. Created in 2012 at Radio Free Asia, the fund has reviewed and responded to over 1,500 requests for support since its launch."
Operating Cash Flow (OCF),"Operating cash flow, or OCF, refers to the amount of cash generated by a company's general business operations. The figure refers to revenue that the company brings in and excludes any costs associated with long-term investment on capital items or securities."
Operating cash flow ratio,"The operating cash flow ratio, also known as a liquidity ratio, is an indicator which helps to determine whether a company is able to repay its current liabilities with cash flow, coming from its major business activities."
Operating cost,The operating cost definition refers to expenses associated with the maintenance and administration of a business on a daily basis.
Operating partner,An independent adviser hired by a private equity firm. These partners work with portfolio companies to improve their strategies and help them develop their operations. They tend to have wide experience of leading a business.
Operating profit,"What is operating profit? Operating profit is an accounting term that refers to a company’s income from revenue after the variable expenses of running the business are subtracted, and before fixed costs like interest and tax are deducted."
Operating ratio,"Operating ratio is the measurement of a company's operating expenses, calculated by comparing operating expenses to net sales. The ratio is expressed as a percentage, with smaller ratios demonstrating a greater ability for an organisation to generate profit should its revenue decrease."
Operational Risk,"Operational risk is the risk a company faces because of what its employees may or may not do, either deliberately or through human error. In other words, it relates to the risks resulting from failures in internal procedures, people and systems. It is different from financial risk and systematic risk and varies from industry to industry."
Opinion of Title,"A common legal term used in real estate, opinion of title is defined as a property’s title deed, the validity of which has been attested by an attorney."
Optimal capital structure,Corporate finance defines optimal capital structure as the best combination of equity and debt financing that helps to maximise a company’s market value and minimise its cost of capital.
Optimised indices,A type of market index tracked by an index-linked investment fund or an exchange-traded fund.
Option,"An option is a financial instrument giving the right, but not the obligation, to buy or sell an asset, such as a share or currency, for a predetermined price at a fixed future date. Options are a type of derivative."
Options arbitrage,Arbitrage is the practice of buying an asset and then selling it immediately to take advantage of a difference in price. Options arbitrage involves the simultaneous buying and selling of options either between exchanges or the same exchange.
Options broker,"Options broker is an occupation in finance that specialises in offering options trading, education, research and other tools to individual investors. Many option brokers also offer trading services in stocks, bonds, mutual funds and exchange traded funds (ETFs)."
Options Price Reporting Authority,"Often abbreviated to OPRA, the Options Price Reporting Authority is a committee of representatives that provides last sale information and current options quotations from participating stock exchanges. Quotes and information are provided through market data vendors."
Order,"Looking for an order definition? Ordering, whether goods, services, currencies or anything else, is central to the workings of a market economy. An order is an expression of one party’s wish to obtain whatever is specified in the order. In essence, therefore, an order is an instruction to a broker or brokerage firm to buy or sell. But the types of orders used in the investment world, finance orders, tend to be more complex, given that they are designed to perform an array of tasks."
Order Book,An order book is an electronic register of buy and sell orders for specific securities at all price levels. It's updated in real time and is an important indicator of market depth. The order book helps traders gauge the state of play at any one time.
Order matching system,"An order matching system is an electronic system that matches buy and sell orders for a security on a stock market, a commodity on a commodity market and any other electronically traded financial instruments."
Ordinary shares,"Ordinary shares are also know as equity shares, or as common stock in the US, and is a share that carries voting rights in the company concerned. These rights derive from the fact that an equity share represents part-ownership of the company."
Organisational economics,"Organisational economics is an area of economics that studies an individual company and its operations, transactions, policies, management decisions and organisational structure."
ORRF Risk Research Forum,"Established in 1999 as an independent think tank and organised by the ORRF, the ORRF Risk Research Forum is a forum on risk research, which aims to expand and develop the boundaries of knowledge in the field of risk."
Out of the money,"A term applied to an option which is yet to reach its strike price. Since an investor would make a loss if the option was exercised, they're said to be 'out of the money'. For example: an option has the strike price of £5, but the trade value is £3, the investor is considered to be 'out of the money' by £2 as they are making a loss."
Output,"Output is a measure of the production of goods and services, whether of a particular firm or industrial sector, of a nation as a whole or of the global economy. There are various methods of calculating output, and in general measurement becomes less precise the larger the entity whose output is being gauged."
Outstanding shares = shares outstanding,"Also known as 'shares outstanding', this term refers to the shares that are owned by a company's shareholders. They include those which are owned by institutional investors, as well as restricted shares owned by company officials. The details of outstanding shares are listed on a balance sheet as 'capital stock'."
Over-The-Counter (OTC),"Looking for a over-the-counter definition? Over-the-counter, also referred to as OTC and off exchange trading, is a particular type of security that isn't traded on a formal exchange, like the New York Stock Exchange or the NYSE MKT (formerly AMEX). The term over-the-counter can be used in reference to stocks that are traded by a dealer network instead of on one centralised exchange. OTC also refers to other financial instruments, such as derivatives (which are traded using a dealer network) or to debt securities."
Over/Under Trading,"In business, overtrading is when a company grows too quickly for its finances to support it, causing a loss of working capital and risking collapse."
Overextension,Overextension definition refers to a financial situation in which a consumer or a company have more debts or loans than they can pay.
Overnight,"Looking for an overnight definition? In the most simple terms, it is the buying and selling of currencies between 9.00pm and 8.00am local time. Overnight trading usually happens when an investor decides to take a position at the close of a trading day, in an overseas market that will remain open while the local market is closed. The trade is done at some point that evening or the following morning."
Overnight funding adjustment,Overnight funding adjustment is the interest payment that applies if one holds a trading position open overnight. The interest is based on the size of your exposure to the market and is calculated daily.
Overnight market,"It's the area of the money market with the shortest term loans, in which lenders make funds available only overnight, meaning the borrower has to repay the loan - plus interest - at the start of business the following day."
Overnight Rate,"The overnight rate definition refers to the interest rate at which banks lend and borrow money from each other in the overnight market. The main goal of such interbank activities is to maintain the reserve requirements of central banks. In addition, banks and other financial institutions may borrow money to meet short-term cash needs when, for instance, their customers plan to withdraw big cash in the coming days."
Own Risk and Solvency Assessment,"Often abbreviated to ORSA, Own Risk and Solvency Assessment is a set of internal processes aiding decision-making and strategic analysis. Own Risk and Solvency Assessments are driven by regulatory requirements, capturing best risk management practice conducted by companies."
Ownership dispersion,"It's where no single investor owns enough stock to control a company. With dispersed ownership, an entity has at least several owners/shareholders, and the running of the entity is delegated to the management team and a board of directors."
P (Fifth-Letter Identifier),"When used as the fifth letter in a ticker symbol, the letter P indicates it is a preferred stock."
P&L attribution,It's short for 'Profit and Loss Attribution' and it's a back-testing method for evaluating a bank's risk management models. It compares a bank's hypothetical profit and loss as predicted by that risk management model with the actual profit and loss incurred.
P/B ratio,It's shorthand for price-to-book ratio. Analysts use it to compare a stock's market value and its book value. P/B Ratio tells equity investors how much they're paying for each dollar in net assets.
Pakistani rupee,"The Pakistani rupee (PKR) – also known as rupaya or rupaye – is the official/national currency of Pakistan. It is the basic unit of money in the South Asian country, and is equivalent to 100 paise. The symbol of the Pakistani rupee is Rs or Rp."
Paper valuation,"Paper valuation describes how much a privately held share which cannot be traded at an exchange, is worth 'on paper'. It tells a buyer or investor how much the owner thinks their business is worth."
Paris Bourse,"It's the old name for Paris Stock Exchange, and it refers to the grand nineteenth century Brongniart palace located in the Place de la Bourse. It now refers to as Euronext Paris, part of the Europe-wide Euronext NV stock exchange."
Participating preferred stock,"It's a type of stock with certain privileges. When dividends are paid, non-participating shareholders come first, then participating preferred shareholders, then common shareholders. It's the same order of preference when a company is liquidated, except that debts must be paid before any shareholders benefit."
Partnership,"A partnership is a type of business formed by two or more individuals in which the ownership, liability, management, profit and loss are shared."
Partnership for New York City,"It's a non-profit members club for CEOs from New York City's top corporate and investment firms. It represents the city's business leadership and its largest private sector employers to government, usually to try and protect New York's status as a commercial powerhouse."
Passive Investing,Passive investing refers to an investment strategy with a minimal amount of trading.
Passive Order,"An order is passive when traders set a price that stock must reach before they go ahead with buying or selling. In contrast, aggressive orders are when a trader executes the order to buy or sell straightaway."
Paul Singer,"He's an American hedge fund manager, investor and philanthropist, who owns Elliot Management Corporation."
Payback Period,It's the length of time it'll take for an investment to recover its initial outlay.
Paydown,"A paydown reduces overall debt and can be implemented in several ways. For individuals, a paydown refers to gradually decreasing the underlying principal amount owed on loans by making monthly repayments. For corporations, a paydown could refer to issuing new corporate bonds worth less than the previous issue, thereby reducing the company’s debt load."
Payment for order flow,"Abbreviated to PFOF, it's the payment a broker gets for sending orders to be executed. The payment doesn't come from the broker's client, but the third party that the order goes to."
Payment schedule,"A payment schedule is the agreed timing of payments from one party to another. There is always a payment schedule agreed when an investor invests in stocks, bonds or derivatives. Payment schedule is either parameterised or customised."
Peer-to-Peer (P2P) Lending,"The internet has been a boon for many sectors, and undeniably it has facilitated the adoption of several alternative methods of financing. Websites and even mobile applications  are promoting social lending or crowdlending, and the existence of peer-to-peer (P2P) lending platforms is shifting interest from mainstream lending practices."
PEG Ratio,"A PEG ratio refers to the price/earnings to growth ratio - a valuation metric for determining the value of a stock, the earnings generated per share and the company's expected growth. It is considered to provide a more complete picture than the P/E ratio."
Penny Stocks,"A penny stock is any low-priced stock of smaller public companies with a low market capitalisation. In the US, the Securities and Exchange Commission has declared any stock valued at under $5 and not traded on a national exchange to be a penny stock. In the UK it includes anything under the value of £1, and traded on the general market."
Pension,"A pension is a fixed fund that is paid to an individual at regular intervals in consideration of past services, age, merit, injury, poverty or loss sustained etc. There are many types of pensions including employment-based pensions, state pensions and disability pensions."
Pension buyout,A pension buyout is a type of financial transfer allowing companies to completely wind up their pension schemes by paying a fixed amount to free themselves of any liabilities associated with the funds. The funds are transferred to the hands of an insurance group.
Pension Fund,"A pension fund is an investment product into which contributions are paid to build up a lump sum, which can either be cashed in or paid at regular intervals upon retirement. In addition, the government pays back income tax deducted from these contributions."
Percentage depletion,"Percentage depletion is a tax deduction placed in order to reflect the depletion of mineral resources, fossil fuels and other sources of non-renewable energy over time. It is only applicable to independent producers and royalty owners of the said non-renewable resources."
Performance attribution,"In finance, performance attribution refers to a set of techniques used to explain why a portfolio's performance differed from the benchmark. The difference in return between the portfolio and the benchmark is referred to as the active return."
Period of financial distress,"A period of financial distress takes place when a company is struggling to meet financial obligations, either due to the company, an asset or an index of a set of assets declining in price or crashing in value."
Perpetual option (XPO),"Perpetual options (XPO) are option contracts without an expiration date. Typically, a standard option contract gives its holder the right to purchase or sell a specific amount of an asset for a predetermined price, before or at an expiration date. The life of a standard option contract could range from days to years."
Pfandbrief,"A Pfandbrief is a type of bond issued by German mortgage banks that's collateralised by long-term assets (property mortgages or public sector loans, for example). After public sector bonds and unsecured bank debt, pfandbrief bonds make up the third largest segment of the German bond market."
PFTS index,"The PFTS Index is a benchmark index of PFTS Ukraine Stock Exchange, the leading bourse in Ukraine. Calculated since 1997, it is widely recognised and closely tracked by the international financial community."
Philadelphia Gold and Silver Index,The Philadelphia Gold and Silver Index is a stock market index containing thirty precious metal mining companies that trade on the Philadelphia Stock Exchange. It is one of the most watched gold indices on the market.
PHLX Semiconductor Sector,"The PHLX Semiconductor Sector is a Philadelphia Stock Exchange capitalised-weighted index. The companies listed on the index generally specialise in the sectors of the designing, distribution, manufacturing and sale of semiconductors."
Physics of financial markets,"Physics of financial markets refers to the study of financial markets from a physics perspective. This discipline should not be confused with quantitative finance or econophysics, which only seek to build financial instruments rather than seeking to understand them."
Piotroski F-Score,"A Piotroski F-Score is used to assess the strength of a firm's financial position and help financial investors locate the best-value stocks. The score can be any number between 0 and 9, with 9 considered to be the best."
Pip,"A pip is the smallest recorded fraction of a currency’s value. In most cases, a pip is equal to 0.0001, as values are given to the fourth decimal point. There are, however, exceptions, such as the Japanese yen (JPY), where a pip is recorded as being worth 0.01 JPY. Pips are used in foreign exchange trading. The word pip is an acronym, standing for price interest point or percentage in point."
Pledge fund,"A private equity investment where members provide investment on a deal-by-deal basis, with a certain investment goal. This allows them to be selective with the projects they invest in, which isn't necessarily the case with more traditional private equity funds."
Policy Mix,A policy mix refers to a combination of fiscal and monetary policies that a country implements to manage its economy.
Political arbitrage,Political arbitrage refers to trading activity that involves trading securities based on knowledge or estimates of future political activity. Political arbitrage can be country- or region-specific and is considered unethical since legal trading must be based on publicly available information.
Pool factor,The pool factor describes the remaining balance of principal debt left to be repaid on a pool of mortgages. It is expressed as a proportion of the total original sum that was lent.
Portfolio,"A financial portfolio is a collection of investments or financial assets held by an individual, investment company, financial institution or hedge fund."
Portfolio Diversification,"Looking for a portfolio diversification definition? As the name suggests, the basic definition of portfolio diversification is that it involves spreading investments across a broad selection of assets in order that losses in one part of the portfolio are offset by gains elsewhere."
Portfolio Entry,"The simplest way to define portfolio entry is as a list of all liabilities a reinsurer is liable for when entering into treaty reinsurance. A portfolio entry is used to account for unearned premiums from inactive policies during an accounting period, as well as unearned premiums that carry over into a future accounting period."
Portfolio Investment,"According to portfolio investment definition, it is a passive or a hands-off investment. With portfolio investment, an investor buys assets with the sole purpose of financial gain, without any involvement in the company’s internal decision making."
Portfolio Management,"Looking for a portfolio management definition? It’s the organisation of an investor’s financial assets to reduce risk and maximise return. This involves making calculated, informed decisions about investments and using trading strategies."
Portfolio margin,"Portfolio margin is the margin requirement on a portfolio of derivative products with the risk against which the margin level is set being calculated using the portfolio as a whole, rather than individual positions. This usually reduces the total amount of margin required."
Portfolios with Purpose,"Portfolios with Purpose is an organisation that promotes a 'fantasy' stock picking game that raises money for charity. The competition is held every year, with contestants assembling notional portfolios of shares. The best-performing portfolio wins the game."
Position,"You can take one of two positions when trading assets. If you think an asset’s value will go up, you’ll take a long position. If you think an asset’s value will go down, you’ll take a short position."
Position Trading,"Position trading is a trading style that's used over a long term. The investor holds on to a security or financial instrument for a period of months to years, in the belief that short-term fluctuations will even out in favour of long-term growth."
Post-earnings-announcement drift,"Post-earnings-announcement drift describes the tendency of stock prices to continue to behave as if investors were still anticipating corporate results, good or bad, despite the fact that the results have been published and are widely known."
Potential future exposure,Potential future exposure (PFE) is a measure of risk in relation to default by a counter-party to a financial transaction. It begins from the assumption that the transaction is proving beneficial to the party concerned and then calculates the potential loss should the counter-party default.
Power brokers,Power brokers are individuals who wield considerable influence over decisions of other parties. Power brokers lobby for a particular decision through their personal or professional connections.
Prague interbank offered rate (PRIBOR),The Prague interbank offered rate (PRIBOR) is the average interest rate at which lending takes place on the Czech Republic's interbank money market. Six banks provide data to enable a daily calculation.
PRBC,PRBC is an American consumer-credit reference agency. It allows individuals to enrol without charge and file their own data on payment of various bills to build up a positive credit file.
Pre-market,What does pre-market mean? Pre-market is the period before an exchange opens for the official trading day when investors can start to buy and sell assets.
Pre-tax profit figure,"The pre-tax profit figure shows a company’s profit after operating costs and interest on debts has been paid, but before taxes have been deducted."
Precautionary demand,"Precautionary demand describes the demand for financial assets to be held against an unforeseen event. This event can be relatively trivial, such as a professional person facing delays in collecting fees, or very serious, such as war or political upheaval."
Precious metals,"Precious metals include gold, silver, platinum, iridium and palladium. These metals are valuable because of their rarity, or because of their use in industrial processes, car manufacturing, technology (such as computers and phones) or as investments."
Preference Shares,"Preference shares, also known as preferred stock, are shares of a company’s stock that take precedence over common stock or ordinary shares."
Preferred dividends,Preferred dividends are the part of a company’s earnings that are paid to preferred stock or preference shareholders. These are prioritised over ordinary shareholders.
Prepayment of loan,"As the name suggests, it describes the early settlement of a loan obligation. This may come about for any number of reasons, from a windfall gain for the borrower to a refinancing of the loan at lower interest rates."
Prestige Bulletin,Prestige Bulletin is a financial journal published in South Africa and was founded in 1989. Its content covers a much broader range of subjects than the traditional investment magazine and it claims to be 'the only publication of its kind in the world'.
Price action trading,"Price action trading, as the name suggests, is a type of trading that relies upon reacting to price movements as they happen. The investor uses accumulated knowledge on past events to make an informed judgment on the likely path of the price of a particular security."
Price Ceiling,"Price ceilings are restrictions placed on how much a seller can charge for a product, commodity or service. They are used by governments to protect consumers from high costs and are especially implemented for essential items like fuel, rent, food and medicine."
Price Change,"Price change describes the difference in price of the same asset during a trading period. That period is usually a single day's trading, but price changes can be computed across months, years and other lengths of time."
Price discovery,"Price discovery is a term that describes the process whereby the current market price of any good, service or financial security is established. There is no price that is ""correct"" for all time, so price discovery is a continuous process."
Price Level,The definition of a price level in economics refers to the average cost of all goods and services offered for sale. A price level can help determine where economic indicators like the gross domestic product (GDP) could trend.
Price limits,"As the name suggests, price limits represent the maximum level by which a security can rise or fall during a trading session. Price limits are set by the securities exchange in question."
Price optimisation,This is a way for companies to work out how much they should charge for their products or services. It involves using data to work out how customers will respond to different prices and which will best meet the company's objectives.
Price sensitivity,"Price sensitivity is the relationship between the price of goods and services and the willingness of consumers to buy those goods and services. In its essence, price sensitivity looks at how demand changes with price."
Price signal,A price signal is a change in the price of goods or services which indicates that the supply or demand should be adjusted.
Price-Growth Flow,Price-growth flow is a financial ratio that identifies whether a company’s investment in research and development (R&D) is converting to earnings.
Price/cash flow ratio,The price/cash flow ratio measures the relationship between a company's share price and its cash flow. It is calculated by dividing the share price by the cash flow per share. A low ratio may indicate the shares are under valued.
Price/earnings (P/E ratio),"The price/earnings (P/E) ratio describes the ratio of a share price to the company's earnings per share (EPS). Usually the price per share will be greater than the earnings per share, thus the P/E ratio is often called the 'multiple'."
Price/sales ratio,"The price/sales ratio measures a company's share price against its revenues, also known as its turnover. The price/sales ratio is sometimes called the 'sales multiple'."
Primary Dealer Credit Facility,"The Primary Dealer Credit Facility is a service provided by the Federal Reserve Bank of New York, the most important of the 12 regional reserve banks. It is an overnight loan facility made available to those individuals and institutions - 'primary dealers' - who are approved bidders for US government stocks."
Primary Market,Primary markets are where new assets are offered to investors for the first time. The price you'll see is set by the seller – usually a company or government. One of the most famous primary markets is at the London Stock Exchange.
Primary shares,'Primary shares' is an expression that describes the first issuance of stock by a company seeking to raise capital from investors. Those buying the shares become part-owners of the business and the cash they subscribed for the stock is paid over to the company.
Prime rate,"Prime rate, also known as prime lending rate, is the interest rate that banks charge their best customers – these are usually the most credit-worthy corporations"
Prime Standard,The Prime Standard refers to that sector of the Frankfurt Stock Exchange on which are listed companies that comply with a higher standard of disclosure and reporting than that required by German law. All companies included in Germany's blue-chip DAX index must meet Prime Standard requirements.
Principal trade,This is when a brokerage house buys securities on the secondary market and holds on to them long enough for a price appreciation. They can then sell them later on to make money.
Principled reasoning,"This is an alternative way of assessing risk. It’s based on the idea of honouring fundamental principles of human flourishing, rather than the most common methods of portfolio risk assessment which are normally based on variability or volatility."
Private electronic market,This refers to a network of pre-qualified buyers and sellers who are linked in a market via the internet. The aim is to provide competition on prices while also allowing flexibility on proposed deals.
Private equity,"What is private equity? It is a popular alternative type of investment. It involves capital, which is not listed and traded publicly on traditional stock exchanges. Investors and funds directly invest in private companies, contribute venture capital and take part in public companies’ buyouts."
Private Equity Fund,"A private equity fund is a kitty of money pooled from a partnership of private equity firms that is used to invest directly in private companies. Although normally used to buy private companies, these funds can also be used to buy the majority stake in a public company and, in this way, gain the controlling interest."
Private sector,"The private sector is usually referred to a part of a country’s economy, which is run by individuals and companies, rather than the governmental authorities. The majority of private sector businesses operate with a primary goal to make a profit."
Probability of default,"It's an estimate of how likely it is that a borrower won't be able to make the repayment obligations on a debt or loan. If a borrower is considered to have a high probability of default, then lenders will probably charge a higher interest rate."
Procyclical and countercyclical,"These are terms used to describe the effect of something on the economy. Procyclical means something with a positive effect, while countercyclical means a negative effect. The terms can also be used to refer to a government’s approach to spending and taxes."
Producer price indexes (PPI),"The group of indexes that measures the average change in selling prices received by domestic producers of goods and services is called the Producer Price index (PPI). PPIs are different from other indexes, such as the Consumer Price Index, that measure price change from the purchaser's viewpoint as they measure price change from the point of view of the seller."
Producer Surplus,A producer surplus is the difference between what a producer of a good is willing to sell their product for and what they actually do sell it for.
Productivity and Costs,Productivity and costs are economic data metrics that are used to measure and predict inflation trends. Productivity measures labour efficiency and health of the manufacturing and services sector in a nation. Cost measures unit labour cost for producing each unit of goods and services in an economy.
Professional Liability Underwriting Society,This is a non-profit organisation based in the US which aims to support people working in professional liability insurance. Professional liability insurance aims to protect individuals and companies facing negligence claims from clients.
Profit at risk,"This is a risk management strategy used in energy trading. The exact way it's calculated varies between different firms, but it usually considers both price risk and volume risk."
Profit risk,"This is a risk management tool focusing on a firm's income statement. If the income statement is too highly concentrated in a specific area, this could lead to a high level of profit risk."
Profit taking,This is a way that a company can turn paper profits into actual profits or cash by selling a security after its price has risen.
Profit warning,This is when a listed company alerts its shareholders that its profits will not meet previous expectations. The warning is normally issued shortly before the figures are released to the public.
Profitability,"This is the ability of a business to make money. Without profitability, a business cannot survive in the long run. Profitability can be measured with income and expenses and recorded in a business’s income statement."
Profitability Index,This is a financial tool which shows whether a business project is worthwhile by calculating the relationship between its cost and benefits. You can calculate it by dividing the present value  of the project’s expected cash flows by the present value of the capital investments.
Projected sales,They're an estimate of how much revenue a company expects to earn by a set point in the future. They highlight any upward or downward trends and help give an indication of a business's overall health.
Proof of Authority,What is proof of authority (POA)? The term was coined by Ethereum co-founder Gavin Wood in 2017. Proof of authority definition in cryptocurrencies refers to an alternative consensus mechanism that attempts to make networks more scalable by leveraging the identities of its participants.
Proof-of-stake,"Proof-of-stake (PoS) is a consensus mechanism used by blockchain networks. The most common consensus mechanisms are proof-of-stake and proof-of-work (PoW). Why is a consensus mechanism necessary? In a distributed network, these mechanisms help determine ‘the truth’ because there is no central entity to validate transactions."
Proof-of-stake Sharding (PPOSS),Proof-of-stake sharding is the process of horizontally splitting blocks or databases of a proof-of-stake (PoS) consensus blockchain in order to improve the network’s scalability and capacity.
Proof-of-work (PoW),"There has to be some consensus mechanism in a distributed system so that the ‘truth’ can be established. This is an issue with decentralised cryptocurrencies, where there’s no central entity to determine this ’truth’. This is why many cryptocurrencies rely on the proof-of-work (PoW) consensus mechanism."
Proprietary Trading,"This is when a financial institution makes trades for its own gain rather than on behalf of its clients. It happens when a company decides to try and make money directly from the markets, rather than the commission it can make from processing trades on behalf of others."
ProRealTime,This is a type of technical analysis software. Traders can set up an account to access its charting software which is designed to help them with their trading decisions.
Proxy fight,"A contest for control over an organisation involving a group of shareholders joining forces to gather enough proxy votes to win a corporate vote and effect change in a company, usually by replacing board members."
Proxy statement,"This refers to a document that a public-listed company must provide to its shareholders ahead of an annual or general meeting. It gives investors information relevant to the agenda at the meeting, often ahead of voting for board members."
Proxy Vote,"It's a vote cast on another person's behalf. If a shareholder of a corporation is unable to attend the any important meeting, such as an annual meeting, they can instead cast a proxy vote, by choosing somebody else to attend in their place and vote in line with their directions."
Prudential Regulation Authority (PRA),"The Prudential Regulation Authority (PRA) is one of two key regulatory bodies presiding over the financial services industry in the UK. It is responsible for the regulation of more than 1,500 banks, credit unions, building societies, insurance companies and investment firms."
PSE All Shares Index,This is a stock index in the Philippines. It forms part of the Philippine Stock Exchange (PSE) and includes almost all common stocks listed on the exchange.
PSE Financials Index,This is the main stock market index of the Philippine Stock Exchange for banks and other financial institutions.
PSE Index (PSEi),This is Philippine Stock Exchange Composite Index. It was previously known as the PHISIX and is now more commonly called the PSEi.
PSI 20 index,A stock index that's linked to the Euronext Lisbon Stock Exchange in Portugal.
Public inquiry,"Any public hearing into an issue of local or national importance, usually with the power either to make recommendations to higher authority or to issue binding rulings. Such inquiries do not assemble themselves but are 'called', usually by government ministers or public officials."
Public offering without listing,This is an equity offering made by non-Japanese firms in Japan without having to list their stock on a local exchange. It's a popular mechanism used to gather demand from public investors without the added complexity of listing shares in Tokyo.
Public Sector,"It is the sector of the economy that is, to a greater or lesser degree, controlled by the state. It comprises the machinery of government, including the armed forces, civil service, police and other public servants, and any business enterprises in public ownership."
Puerto Rico Industrial Incentives Fund,This was an investment fund set up by the governor of Puerto Rico to encourage economic development. The Caribbean island has faced debt for decades and this was part of its bid to keep offering tax incentives for businesses.
Pump And Dump,"This is a type of fraud that involves boosting stock prices using false information. The fraudsters can then sell their stocks at an artificially inflated price, causing investors to lose their money once the price falls."
Purchase price adjustment,This is a term referring to a change in the value of an asset in between the time when a deal to purchase the asset is initially agreed and when it is finally closed.
Purchasing Power,"The purchasing power definition refers to the value of a currency expressed in terms of the number of goods and services that one unit of that currency can buy. If you have $10 in a supermarket, how many items will you be able to purchase with those $10?"
Purchasing power parity,"Purchasing power parity, or PPP, is a theoretical way to measure and compare economic variables between different countries through the so called “basket of goods”. The concept of PPP represents a theoretical rate that allows you to buy the same amount of services and goods in every country."
Purple chip,"This is a term used to describe instruments considered to be the best and safest of blue-chip stocks - ie the 'blue-chip royalty'. It usually refers to businesses with steady, long-term growth rather than short-term success."
Put Option,"A put option is a type of an option contract, which gives the holder the right, but not the obligation, to sell a defined quantity of an underlying asset at a specified price (also known as the strike price) within a fixed period of time until its expiration date. This is the opposite of a call option."
Qualified institutional placement,"This is a way for companies, usually in India, to raise money by issuing securities to qualified institutional buyers. It was designed to help Indian companies raise capital from the domestic market, rather than overseas."
Quality investing,This is a strategy where investors use clearly-defined criteria to identify companies likely to provide excellent returns on investment at a relatively low risk. The strategy aims to identify the companies of highest overall quality rather than the best in a specific field.
Quantitative easing,"Quantitative easing, or QE, is a special form of monetary policy undertaken by central banks. It involves purchasing long-term government bonds and other financial assets, such as mortgage-backed securities (MBS), with the aim of injecting money into a struggling economy."
Quarterly revenue growth,Quarterly revenue growth is an increase in revenue or sales of a company reported in a given quarter when compared to a different quarter. Investors typically compare metrics on a year-on-year (YoY) or a quarter-on-quarter (QoQ) basis.
Quick ratio,"In finance, the quick ratio definition is the indicator that represents a company’s short-term liquidity position. Also known as the liquidity ratio or the acid-test ratio, it measures the company’s ability to pay short-term liabilities by selling its quick assets."
QuickFIX,This is a messaging engine designed to help traders exchange securities information in real-time.
Quote (Price),"This is the price of the most recent trade of a security or commodity, the last amount that a buyer and seller agreed on. For example, if Trader A agrees to sell Trader B a single share for $1, the stock quote will be $1, and it’ll stay the same until another trade is made for a different amount."
Quote stuffing,This is a tactic used by high-frequency traders. It involves overwhelming the market with huge numbers of quotes at the same time in order to create confusion and slow down competitors.
Rachev ratio,"This is a risk-return performance measure used for investment assets, portfolios or strategies. It’s named after its creator, the Bulgarian mathematician Svetlozar Rachev."
Random Walk Index (RWI),Random walk index (RWI) is a technical indicator used to compare the price movements of a security to random movements to determine whether the security is in a trend. It is used by traders to determine whether the underlying asset is in a strong uptrend or downtrend.
Rate of return on a portfolio,This is how much money you earn from your portfolio of investments. Calculating your rate of return allows you to measure how well you've invested your money.
Rate of return pricing,"This is a way for companies to arrange their pricing structure so they meet a target rate of return. Once the company has set an objective, it can then change its prices to help it achieve its goals."
Rate risk,This is the chance that the value of an investment will change due to a fluctuation in interest rates.
Rating,"A credit ratingis an assessment of a borrower’s ability to repay its debts. The borrower in question can be an individual, a business, a municipal body, a public authority, a sovereign government or an international organisation. The rating is usually given by one of the credit rating agencies, is valid for a limited period of time and is kept under review. Credit ratings can strongly influence the rate of interest that borrowers have to pay."
Rational Behaviour,Rational behaviour definition describes a decision-making process that is centred on choosing decisions that provide the highest level of value or utility for an individual. Individuals who exhibit rational behaviour make decisions that provide them with the greatest level of personal satisfaction.
Rational herding,"This refers to a phenomenon where participants in the financial markets react to the behaviour of other participants, rather than taking their cues from the markets themselves."
RD (credit rating),"Short-hand for 'restricted default', RD is a credit rating which can be given to a company by Fitch if it's defaulted on certain financial obligations, but is still trading and hasn't entered into insolvency proceedings."
Re-investment risk,The risk that an investor will get a lower rate of return if they decide to reinvest the money they've made from one investment in another. This problem is more likely to arise during periods of falling interest rates.
Real Estate Investment Trust,"A real estate investment trust (REIT) is a company that owns, operates or finances income-producing real estate assets."
Real options analysis,"This is a way of applying option valuation techniques to investment decisions. A real option is the right to undertake a business initiative, such as setting up a capital investment project."
Real-time economy,"This refers to the concept that all business transactions take place in a digital format, generated automatically and taking place in real-time, rather than being delayed by documents being processed."
Receivables turnover ratio,Receivables turnover ratio is a calculation used in accounting. Its main function is to measure how effective a company is in extending its credit and collecting debts.
Recession,"A recession can be explained as a significant decline in economic activity over a period of months or years, in a particular country or region."
Record date,"The date when investors need to hold shares in a company in order to receive a dividend from it. Since a company's shareholders can change frequently as stocks are bought and sold, the record date is a cut-off point that firmly establishes those who are eligible for a payout."
Red herring prospectus,"Red herring prospectus is a document that a company files with the US Securities and Exchange Commission (SEC). It normally contains information about the firm and its planned initial public offering (IPO). It is a preliminary document, so key details are usually absent."
Redemption mechanism,A process which aims to ensure that exchange-traded funds (ETFs) can resolve the differences between net asset value (NAV) and market values when shares of the ETFs are bought and sold. This mechanism allows ETFs to be different from mutual funds or unit investment trusts as they can trade more fluidly.
Redlining,"This was when banks and other financial firms such as insurers made it difficult for people living in certain areas to access loans or other services. It was most associated with the US, where it mainly affected residents living in low-income urban areas."
Redundant assets,"Any assets that have the potential to provide income or ROI, but are not tied to the running of a company, are classed as redundant or non-operating assets. They hold value for the company but they are not essential to the company's core operations."
Reference Data,"This is a general term used to describe information which helps traders classify different financial instruments. This can include information such as the name of a security, the exchange it's traded on, its expiry date and other useful details."
Refinancing risk,This refers to the possibility that a borrower may not be able to refinance an existing loan in order to repay their debt. This can create potential problems for both the borrower and the lender.
Registered professional liability underwriter,"This is someone who has gained a qualification to work in the professional liability insurance industry. Also known as professional indemnity insurance, or errors and omissions in the US, this type of insurance aims to protect individuals and companies who provide professional advice or services from bearing the full cost of defending a negligence claim made by a client or any damages that may be awarded in a lawsuit."
Registered share,"This is a share that has been issued in the name of a shareholder, who has their address and details recorded in the company’s shareholder register. If the owner decides to sell the share, it must be re-registered under the name and address of the new owner."
Regressive Tax,The regressive tax definition explains it as a tax that is uniformly imposed regardless of the income. Regressive taxes are often flat. The amount of taxes paid by the taxpayers can decrease as their income increases.
"Regulatory (Regulated, Controlled) Market","Are you looking for a regulated market definition? A regulated market, also known as a controlled market, is one in which the government or another public authority exercises some degree of oversight. This supervision can be very detailed, including the effective management of the market by public officials, or at relatively arm’s length, with the authorities establishing a basic set of rules and little more. In some cases, public relation may rely largely on taxes and other charges to ensure compliance. Regulated markets are found in, among other activities, financial services, the utilities and transport."
"Regulatory market (regulated market, controlled market)","A regulated market is one that is supervised or controlled to some extent by the government or established public body. Most financial trading exchanges such as stock markets are regulated, although over-the-counter markets tend to be lightly regulated or even unregulated."
Reinvestment risk,"This is the chance that the cash flows from an investment might have to be reinvested in a way that does not match the proceeds of the original, for example at a lower interest rate."
Relative strength index (RSI),"The relative strength index (RSI) is one of the most popular technical analysis indicators. It works as an oscillator, measuring current price strength relative to previous prices. As a momentum indicator, the relative strength index tracks magnitude of recent asset price fluctuations."
Relative valuation,This is a way of valuing an asset which involves comparing it with other assets. It’s sometimes known as comparable valuation.
Relative value,This is a way of working out the value of an asset by looking at the value of other similar assets.
Remonetisation,"Remonetisation is the restoration of a commodity, such as gold or silver, or banknotes and coins that are not money to be used as a legal tender. It is the reverse of demonetisation."
Replicating portfolio,A replicating portfolio for a particular asset or a series of cash flows in mathematical finance is a portfolio of assets sharing the same properties as the reference assets.
Replicating strategy,The replicating strategy is explained as a way that traders use to find the value of an asset by replicating its cash flow and price movement using other assets whose values they know.
Report of Anton R. Valukas,"This was a report into the 2008 collapse of Lehman Brothers. The 2,200-page document was made available to the public in March 2010."
Representative money,"The concept of money has developed over time. A thousand years ago, money was based on gold or silver coins. Today, there are different types of money, including fiat and representative money."
Repurchase agreement,This is a short term loan where securities are sold to investors before they are bought back a short time later. The seller pays an interest rate when buying back the securities.
Reserve Currency,"Foreign exchange reserves are assets such as foreign currency, bonds or gold. They are held by central banks and financial institutions to facilitate trade and investment or to have an effect on domestic exchange rates."
Reserve requirement,"This is a regulation which sets the minimum amount of money that banks must hold in reserve. It’s usually decided by a country’s central bank, and based on the amount of deposits each commercial bank holds."
Reset,This is when a reference rate is determined and recorded by two parties so they can work out the settlement value of a payment schedule. It's sometimes also known as fixing.
Residential mortgage-backed security,This refers to a collection of mortgage loans pooled by banks and building societies. The money received from customers' mortgage repayments are grouped together and packaged up into assets that investors can buy.
Residual income valuation,"Residual income valuation (RIV) assesses a company based on its cost of equity capital. It determines the amount of operating profit remaining once equity capital’s paid. Cost of equity capital is the rate of return required by stockholders, and reflects the risk exposure of their investments."
Resilience,One of the measures of a market's liquidity. It can describe how quickly prices in a particular market return to normal following a large order.
Retail foreign exchange trading,Retail foreign exchange trading is a segment of the foreign exchange market where investors aim to profit from exchange rates between different currencies.
Retail price index,"The Retail Price Index is compiled each month by the Office for National Statistics and is closely monitored by investors. It is one of the main measures of inflation used in the UK. This index is produced by combining about 180,000 price quotes for over 650 representative items that constitute a fixed basket of goods over a period of time and tracking the changes in the cost of the items."
Retracement,"Retracements are a small movement away from the overall direction of a price. They are temporary in nature and do not reflect a wider market trend. While, over a certain period of time, the value of an asset might rise or fall overall, it very rarely does so consistently."
Return on assets (ROA),"When thinking about whether to invest in a stock, you should consider several financial metrics to analyse the company’s performance, including its return on assets (ROA). That raises the question, what is ROA and how is it calculated?"
Return on capital employed,Return on capital employed (ROCE) is a profitability ratio that measures how well a company uses its equity and debt to generate a return.
Return on equity (ROE),Are you searching for an answer to the question what is ROE? A return on equity definition is useful to investors because ROE represents a measurement of a company’s ability to return profits on the equity investments it receives from its shareholders. It is a ratio that investors can use to compare firms operating within the same industry to assess which one presents better investment opportunities.
Return on Investment (ROI),Return on investment (ROI) is a simple and popular measure of the performance or profitability of an investment. It expresses the return of an investment relative to the investment's cost as a percentage or ratio.
Return on modeling effort,Return on modelling effort (ROME) is a measurement used to assess the return generated from modelling. It’s typically used to determine whether further modelling is cost-effective and of benefit to the business.
Return on net assets,Return on net assets (RONA) is a ratio that measures a company’s financial performance. It determines how much net income a company’s generating from its assets. Investors use it to benchmark a business against its competitors and to assess efficiency.
Return on tangible equity,Return on tangible equity (ROTE) describes the return generated on money shareholders have invested in a company.
Returns,"The gains or losses you make on your investments over a certain period of time. Returns can take the form of income, such as interest payments, or capital gains if your investments rise in value."
Reuters 3000 Xtra,"Reuters 3000 Xtra was an electronic trading platform and information hub active from 1999 until 2013. It’s been replaced by Eikon, which is another Thomson Reuters service that allows users to monitor and analyse financial markets."
Revaluation,"A decision to deliberately adjust the exchange rate of a particular currency. This can occur in countries with fixed exchange rates, with a central bank or government making the decision."
Revenue,"Revenue, also known as turnover, is the total amount of money that a business has taken in over a defined period, such as a year, from the sale of its products or services."
Revenue per employee definition,Revenue per employee is an important metric used to define the revenue generated by each individual working at a company. It is used as an efficiency ratio helping to estimate the productivity of the average employee.
Reversal,"A reversal is a change in the direction of an asset's price. It can be positive or negative, e.g. when an upward trend loses momentum and the price of an asset starts to move downwards. It is the opposite of a continuation, when an asset's price carries on moving in a certain trajectory."
Reverse auction,"In a reverse auction the role of buyers and sellers is reversed; sellers bid against each other to win a buyer.
A buyer advertises the services they need and the price they’re willing to pay, and sellers compete for the business by undercutting each other."
Reverse due diligence,"When a company carries out due diligence on itself, in order to determine if it's ready to be put up for sale. Through this process, the business can decide whether it'll prove attractive to prospective buyers."
Reverse greenshoe,A reverse greenshoe is a provision in a public offering agreement that allows the underwriter to sell shares back to the issuer at a later date. It’s used as a safety mechanism to support the share price should the stock price fall after the initial public offering (IPO).
Reverse repurchase agreement,"A reverse repurchase agreement, usually referred to as a “reverse repo”, represents the purchase of securities with the agreement to sell them at a higher price at a specified date in future."
Richard Bookstaber,"Richard Bookstaber is a risk manager, academic and author who highlighted the vulnerability of the financial system before the 2008 crash."
Rights Issue,"In a rights issue – also called a rights offering – a company gives it shareholders the chance to buy additional shares, proportionate to the amount they already hold, and usually at a discounted rate compared to the current market price. The shareholders have a fixed time period to decide whether they want to 'take up their rights'."
Risikohandel,"Es ist ein – oder vielleicht sogar das – Schlüsselkonzept für Investitionen. Zwar trägt das Wort den Begriff „Risiko“ in sich, ist aber gar nicht so negativ besetzt. Während man unter Risiko einen unumgehbaren Aspekt der Finanzmärkte versteht, der wann immer möglich minimiert werden sollte, können Investoren den Risikohandel in verschiedenen Anlageklassen gezielt für sich wählen."
Risk,"Looking for a risk definition and want to know what risk means? Risk is when there’s a possibility that an investment’s real return will differ from its expected return. This includes the prospects of losing the total of the original investment, or at least a portion of it. There are various different versions of risk and the most common way of measuring it is to calculate the average or historical returns of an investment’s standard deviation. Contribution margin ratio, operating leverage effect ratio and financial leverage ratio are all additional ways to calculate risk."
Risk Arbitrage,A speculative investment strategy normally adopted by hedge funds rather than individual traders.
Risk assets,"Risk asset is a broad umbrella term used to describe any financial security or instrument that is not risk-free, and generally refers to assets that are likely to fluctuate in prices."
Risk Diversification,"A strategy used by investors to manage risk. By spreading your money across different assets and sectors, the thinking is that if one area experiences turbulence, the others should balance it out. It's the opposite of placing all your eggs in one basket."
Risk exposure,Risk is the possibility that an investor will receive a return that is less than their initial investment. Risk exposure is a measure of the amount of potential risk an investor has assumed by making a particular investment.
Risk financing,"It determines how a business will pay for unforeseen or unexpected losses in the most cost effective way possible. It entails identifying potential risks, establishing how those risks would be financed if they happen, and keeping track of the chosen financing technique's effectiveness."
Risk free asset,"Although all investments carry some degree of risk, the term risk free is used to describe assets that are considered to be sufficiently safe that investors can be reasonably certain in expecting a return on their investment that is similar to the return predicted."
Risk Management,"Looking for a risk management definition? Risk management is the process of identifying potential risks in your investment portfolio, and taking steps to mitigate accordingly. This requires knowledge both of the different types of financial risk, and of the tools that are available to calculate and assess them."
Risk management in Indian banks,Risk management is a relatively new practice in the Indian banking sector. It began in 1999 when the Reserve Bank of India (RBI) issued guidelines on it. Risk management in Indian banks has already been proved to have increased efficiency in this emerging economy.
Risk measure,"Risk measures are statistical tools and formulae that assess the risk involved in potential investments. They are a core part of Modern Portfolio Theory (MPT), the standard methodology used by financial and academic institutions when assessing the performance of an investment."
Risk metric,"A risk metric is used when calculating the risk of an investment. It is a quantifiable concept used in risk measure formulae. In this context, the measure is the method or formula being used, and the metric is that which is being measured or quantified."
Risk of ruin,The probability of an investor losing all his or her investment capital without the chance of recovery. It's calculated using the probability of making a return on investment (ROI) with that of making a loss and the proportion of an investor's capital that's at stake.
Risk parity,It is an approach to portfolio management strategy that is based around targeting levels of risk and equally dividing that risk across an investor's entire portfolio. This is done to achieve optimal portfolio risk diversification for individual investors.
Risk pool,"A form of risk management usually practised by insurance companies to mitigate risk. Insurance companies come together to form a common pool, itself used as protection for the companies against catastrophic events, usually natural disasters. They are also used by government agencies for similar purposes."
Risk score,It is a number that measures the risk involved with investing in a certain company. It's a measure of volatility that is linked in the UK to the FTSE 100. Risk scores comprise a company's credit history and expected future performance.
Risk Tolerance,"All investments involve a degree of risk: there's always a possibility of loss as well as profit. Before you invest, you need to understand how much risk you are comfortable with. This is known as your risk tolerance."
Risk transformation,"Risk transformation processes expand upon the traditional view of risk management within a financial institution. Taking a more holistic view, risk transformation implements risk management capabilities together with regulatory and business objectives. It views risk management as a strategic asset to be embedded across a firm, not just a corporate function."
Risk vs Reward Ratio,"Investors accept risk because they believe the reward is worth it. The balance between the amount investors could lose, compared with the amount they could gain, is calculated as the risk vs reward ratio."
Risk-adjusted return on capital,Risk-adjusted return on capital (RAROC) is a metric that can be used to calculate return in relation to the level of risk taken on. It can be used to compare the performance of multiple investments with differing levels of risk exposure. It is calculated by dividing expected return by risk.
Risk-free bond,"A risk-free bond refers to a bond issued by an entity that’s considered absolutely certain to pay back both its principal and interest, with no risk of default. Generally, bonds issued by governments of sovereign developed nations, such us U.S. Treasury bonds, are considered to be risk-free."
Risk-free interest rate,"The risk-free interest rate is the rate of interest paid on the least risky financial instruments, normally considered to be the shortest-dated risk-free bond. For instance, in the U.S. the risk-free interest rate is generally assumed to be that paid on a three-month Treasury bill."
Risk-neutral measure,"The risk-neutral measure is a probability metric widely used in quantitative financial mathematics to price derivatives and other financial instruments. It assumes that the present value of a derivative is equal to its expected future value discounted at the risk-free rate, generally that of three-month U.S. Treasury bills."
Risk-On Risk-Off,The definition of risk-on-risk-off (RORO) is that it's an investment setting in which price behaviour responds to and is driven by changes in investor risk tolerance.
Risk-weighted asset,"Risk-weighted assets (RWAs) are a way of measuring a bank’s assets according to their different levels of risk. Safe mortgages, speculative loans and holdings in complex derivatives will all carry a different risk weighting. Every holding in the bank’s portfolio is measured, and the resulting blended figure is its risk-weighted assets."
RiskLab,RiskLab is an international partnership of laboratories that undertake research in risk management in the financial markets. It is a partnership between university research divisions and private financial institutions and develops not only original academic research but also financial software and financial consulting projects across the globe.
RiskMetrics,"RiskMetrics Group LLC is a company specialising in providing risk management tools that allow financial institutions to measure their market risk in real time. The product became an industry standard in the early 2000s, but its reliance on Value-at-Risk (VaR) modelling came under scrutiny following the 2008 financial crisis."
RNPV (Risk-adjust net present value),RNPV (Risk-adjust net present value) is a tool that adjusts a regular net present value (NPV) calculation to account for additional risks. As the NPV calculation discounts the future value of an asset or cash flow to give a discounted cash flow (DCF) RNPV effectively risk-adjusts the discount rate.
Robber Baron,"What is the meaning of the term ‘robber baron’? In finance, robber barons are defined as businesses or executives who gained their wealth through unethical means, and often holds a negative connotation.

The term ‘robber baron’ dates back to feudal lords (barons) in the Middle Ages who robbed passing travellers and was later used in American newspapers in the mid-19th century. Its modern usage stems from Matthew Josephson’s The Robber Barons: The Great American Capitalists 1861–1901, which used the term to refer to industrialists."
Robustness,It's an attribute of financial markets where they continue to perform as expected despite the change of certain parameters in an economic model of that market. It means that a model of a market works even as conditions change beyond the original ones.
Roll-up (merger),It's often a merger of two or more smaller companies in the same industry or a related industry by an investor to make the larger company more resilient to market forces and to take advantage of economies of scale.
Round lot,"It's shares of a security in a trading order that numbers 100 or multiples of 100, such as 1800 or 2300. A round lot on an exchange is the normal trading unit. It is used for convenience when trading large amounts of shares."
Roy's safety-first criterion,It's a technique to manage the difference in risk between one investment option and another. It's a criterion based on minimizing the lowest return expected from a certain portfolio compared with another one.
Royal Bounty Fund,"It was a charitable fund set up by Edmund Burke in his 1782 Civil List Act for the relief of those in distress and for ""miscellaneous confidential purposes"". Some of it was used to help pay for the wedding of Prince Charles to Princess Diana."
RTS index,"A stock index attached to the Moscow Exchange in Russia. The Russia Trading System Index (RTSI), to give it its full name, includes 50 of the most liquid Russian stocks listed on the Moscow Exchange. It's calculated in real time and is denominated in dollars."
Rule of Thumb,"A rule of thumb is a general, simplified principle to help guide your investments. For example, always save 5% of your earnings to use in case of an emergency. The phrase is often said to come from an English legal ruling that allowed a man to beat his wife with a stick so long as it was no thicker than his thumb. This is thought to be untrue, and instead the phrase derives from one of the numerous ways that thumbs have been used to estimate things over human history, such as temperature of beer, judging alignment or distance of an object."
Russell 2000,"A stock index that's made up of the small-cap 2,000 companies in the wider Russell 3000 Index, and also known as SmallCap 2000. Operated by FTSE Russell, the index is free-float and capitalisation weighted. Its members account for around 8% of the Russell 3000's total market capitalisation."
Russell Indexes,The Russell indexes are a group of global equity indices run by FTSE Russell. They are used by investors as equity benchmarks and they allow investors to follow the performance of specific market segments around the world. There are a number of exchange-traded funds and mutual funds based on the Russell indexes.
S&P 500,"They are, by some measure, the top 500 quoted companies in the United States. The S&P 500 take their name from the S&P 500 index of which they are constituents. The companies are chosen by economists at Standard's & Poor, the credit rating agency."
S&P 500 VIX index,The VIX Index – or Volatility Index measures how volatile the S&P 500 Index is. It judges the expectations of the stock market over the following 30-day period.
S&P Midcap 400,"The S&P MidCap 400 is a stock market index that gives investors a benchmark for mid-sized companies in the United States valued at between USD 1.6 billion and USD 6.8 billion. Together with the large-cap S&P 500 and the S&P SmallCap 600, the index constitutes the S&P Composite 1500."
S&P Midcap 400/BARRA Growth,"The S&P MidCap 400/Barra Growth is a stock market index that gives investors a benchmark for mid-sized companies in the United States valued at between USD 1.6 billion and USD 6.8 billion, that are also defined as being in the growth sector due to their higher price-to-book ratio."
S&P Midcap 400/BARRA Value,"The S&P MidCap 400/Barra Value is a stock market index that gives investors a benchmark for mid-sized companies in the United States valued at between $1.6 billion and $6.8 billion, that are also defined as being in the ‘value’ sector due to their lower price-to-book ratio."
S&P SmallCap 600,"The S&P SmallCap 600 is a stock market index that gives investors a benchmark for small-sized companies in the United States valued at between USD 450 million and USD 2.1 billion. Together with the large-cap S&P 500 and the S&P MidCap 400, the index constitutes the S&P Composite 1500."
S&P SmallCap 600/BARRA Growth,"The S&P SmallCap 600/Barra Growth is a stock market index that gives investors a benchmark for small-sized companies in the United States valued at between $450 million and $2.1 billion, that are also defined as being in the growth sector due to their higher price-to-book ratio."
S&P SmallCap 600/BARRA Value,"The S&P SmallCap 600/Barra Value is a stock market index that gives investors a benchmark for small-sized companies in the United States valued at between $450 million and $2.1 billion, that are also defined as being in the value sector due to their lower price-to-book ratio."
S&P Vietnam 10 Index,"The S&P Vietnam 10 Index was a stock market index from Standard & Poors that provided investors with a narrow exposure to the ten largest and most liquid companies in Vietnam. Launching in 2008, the index soon became obsolete as investors required a broader market exposure, and was eventually delisted."
S&P/ASX 200 index,"This index is the benchmark for the Australian stock market. It covers around 80% of the country's equity market capitalization, with companies drawn from the Australian Securities Exchange."
S&P/ASX 300,"The S&P/ASX 300 is a stock market index managed jointly by Standard & Poors and the Australian Stock Exchange. It gives investors a benchmark for Australian companies with market capitalisations above AUD 100 million. It contains small, mid and large cap firms and includes approximately 80% of all Australian equities."
S&P/Case-Shiller Home Price,The S&P/Case-Shiller Home Price Indices are a key measure of US house prices. Here we take a look at the S&P/Case-Shiller Home Price Indices definition…
S&P/TSX index,"The S&P/TSX index is Canada's benchmarking index for its equity market. With about 250 companies listed, it covers around 70% of the market capitalisation on the Toronto Stock Exchange. It is also known as the S&P/TSX composite index."
S&P/TSX Venture Composite Index,The S&P/TSX Venture Composite Index is a stock market index managed jointly by Standard & Poors and the Toronto Stock Exchange. It gives investors a broad indicator of the performance of Canadian micro cap companies listed on the Toronto Venture Exchange with a strong bias toward the materials sector.
Safe Asset,Safe assets refer to low-risk assets that can weather market volatility. The word itself justifies what safe asset means.
Safe Haven,“Safe haven” is a very versatile term that could have multiple meanings depending on the context in which it is used.
Sales density,"Sales density is a term used most commonly in retailing. It refers to a way of measuring performance, and is calculated by looking at the revenue generated by a particularly specified area of sales space within a store. This is then used to assign a monetary value per square metre."
Same-day affirmation,"Same-day affirmation, also commonly known as SDA or T0, is a term used in trading to describe when the full trade verification process is completed on the same day that the trade took place, thus completing a large part of the trading process within a single day."
Sampling,"Sampling is the process or technique of selecting a subset of a larger group to assess the group’s characteristics. Getting information from a huge data set might take a long time, so sampling data is a faster way to get equivalent results."
Sampling Error,A sampling error is a statistical error that occurs when a sample used in a study does not represent the entire population. These errors occur often in the process of sampling which is analysing a selective number of observations from a larger population.
Samurai Bond,What are the ways foreign companies can access Japan’s debt capital market? Non-Japanese companies can issue Samurai bonds in Japan and obtain funds for their businesses. Read on for an explanation of Samurai bonds.
Santa Claus rally,The Santa Claus rally is when there is a rise in the price of stocks during the last five trading days in December and the first two trading days in January.
Savings,"Savings represent funds available to spend now but instead put aside for future use. In economics jargon, savings represent 'deferred consumption'. In modern societies, savings usually attract a rate of interest, which is ultimately paid by those who have borrowed the money, usually from the bank in which the savings are stored."
Savings account,A savings account is an account where you deposit money with a bank or other financial institution that pays you a small amount of interest while you leave the money with them.
SBF 120,"The SBF 120 definition refers to a French stock market index. Also known as Société des Bourses Françaises 120 Index, it is based on the 120 most actively traded French stocks listed on the Euronext exchange."
SBF 250,"The SBF 250 (an abbreviation of the Société des Bourses Françaises) is a French equity index. The index covers all aspects of the French economy, from science and technology to transport and energy, and is calculated and run by NYSE Euronext Paris. The index was launched on 28 December 1990."
Scheduled Recast,"Before getting to know the meaning of scheduled recast, it is important to know that this term refers to the process of a mortgage – a loan sanctioned by banks for people looking to buy a house."
Schufa,"Schufa Holding AG is a private credit bureau based in Hessen, Germany. The company is supported by creditors, and is recognised as Germany's leading information and service partner to industry and consumers. At present, Schufa has around 479 million records on approximately 66.2 million people – around three quarters of the population in Germany."
Scrip issue,A scrip issue is an offer of free shares to current owners of a company's stock. It’s a way for firms to save cash but still provide an income to shareholders as an alternative to paying a dividend.
SD (credit rating),"A credit rating that can be given to a company by Standard & Poor's, if it's deemed to have selectively defaulted on certain financial obligations but is still likely to meet its other commitments in good time."
SDAX (Small Cap),"The SDAX is a stock market index that gives investors a benchmark for companies in Germany ranked between the 81st and 130th largest by market capitalisation. Together with the large-cap DAX and the MDAX (MidCap), the index constitutes the Prime All Share index of companies on the Frankfurt Stock Exchange."
Seasoned equity offering,A seasoned equity offering is when additional shares or bonds are offered for sale by an existing publicly traded company. It's usually made by an established business whose securities already trade on the secondary market.
Secondary Market,"A secondary market is one where investors can trade financial products with other investors. It works like a second-hand market, in that investors buy and sell used – rather than new – stock, bonds, options or futures."
Secondary market offering,"Also called a secondary distribution, it's the sale of a large block of shares that has previously been offered to the public. The shares will generally have been held by institutional investors since an initial public offering."
Secondary shares,"They’re a company’s shares that are already being traded on a stock market rather than those that are newly issued, which are known as primary shares. The proceeds of a sale go to other investors rather than the company that issued the stock."
Sector indices,These indices give summaries and benchmarking data certain sectors or industries. It allows investors to track a stock against specific sectors.
Securities and Exchange Commission (SEC),"In researching which companies to invest your money in, have you ever come across references to the SEC and wondered: what does the SEC stand for? The Securities and Exchange Commission (SEC) is an independent agency of the US federal government. It was created at the height of the Great Depression in 1934, to protect US investors and maintain market transparency."
Securities fraud,"Securities fraud is a white-collar crime which covers a wide range of illegal activities mainly involving the misrepresentation of information, deception of investors or manipulation of markets. Securities fraud is also known as investment fraud or stock fraud."
Securities market,"A financial securities market is a marketplace where various securities such as stocks, bonds, and derivatives are bought and sold by individuals and organisations."
Securities market participants,"They are the corporations, governments, people and organisations that issue, buy, sell, regulate, record, facilitate the trading of or store securities. They include brokers, exchanges, regulators, investors and banks."
Securities offering,A securities offering can sometimes be known as a funding or investment round and it is where businesses attempt to raise money to fund operations or expansion of their enterprise.
Security agreement,This is the document that confirms that a lender has a security interest in a loan against a specific item or collateral.
Security Analysis,"It is valuing the assets, debts, warrants and equity of companies from the prospective of an outside investor using publicly available information. Security analysts also try to calculate the effect of market fluctuations on the value of securities."
Security interest,"Security interest is the legal claim a lender places on the collateral against which a loan is raised, to ensure that a borrower continues making repayments on the loan."
Sell-Off,"A market sell-off takes place when investors get rid of large volumes of an asset quickly. The sell-off definition refers to a period of time when selling activity prevails over buying, pushing the price of an asset down."
Selling climax,"A selling climax is the culmination of a protracted period of selling of a stock, characterised by a sharp fall in price alongside increased volume. It is often the result of forced margin selling by individual investors. The climax is often followed by marked move higher once the selling is over."
Semiconductors,Semiconductors are an essential part of today’s electronics and information technology sectors as it is used in thousands of modern devices. Here we take a look at the semiconductor definition.
Sensitivity Analysis,"Sensitivity analysis attempts to predict the effect of a decision on a range of variables. It is sometimes called ""what-if"" analysis and studies how changes in one variable affect the other variables."
Sentiment Trading,"Sentiment trading or sentiment analysis is a method that some traders use to try to gain an advantage about what to buy or sell, by reading the signals about how other investors are feeling about a particular market or stock."
Sentimental,"In an investment context, being sentimental means using emotions in making investment decisions. This can manifest itself in both individual investment decisions and in the wider investment community - where it is then known as market sentiment."
Sentimental value,"Sentimental value is how much worth is placed on an item without properly taking into account its monetary value. For example, photographs usually cost very little, but their sentimental value can be priceless. The value is emotional, not logical."
Sesame Credit,"Sesame Credit is a Chinese social credit-scoring service developed by Ant Financial, part of the Alibaba family of companies that also includes Alipay, a third-party payment app with 350 million users. Users with higher scores can access a range of benefits including VIP reservations with hotels and car rental companies."
SET Index,It’s a composite index that brings together the prices of all stocks trading on the Stock Exchange of Thailand. Excluded are stocks that have been suspended from trade for more than a year.
SET100 Index,"The SET100 Index is a stock market index which gives investors a broad benchmark of investment in the Stock Exchange of Thailand. The top 100 stocks ranked by average daily market capitalisation constitute the index, the top 50 of which also appear in the narrower SET50 Index."
SET50 Index,The SET50 Index is a stock market index which gives investors a narrow benchmark of investment in the Stock Exchange of Thailand. The top 50 companies ranked by average daily market capitalisation constitute the index. These 50 stocks also appear in the broader SET100 Index.
SETHD Index,"The SETHD Index is a stock market index which gives investors a narrow benchmark of the performance of high dividend stocks traded on the Stock Exchange of Thailand. The top 30 stocks ranked by dividend yield constitute the index, and must also be part of the broad SET100 Index."
Settlement date,This is the date on which a trade is settled. On this day stock or other investments are transferred to the buyer's account and cash to the seller's account.
Shadow banking system,"The shadow banking system is comprised of financial institutions which perform the same roles as traditional banks but which are subject to minimal, if any, regulation. Like traditional banks, shadow banks, such as hedge funds, provide credit and liquidity but they do not have access to central bank funding."
Shadow stock,"A shadow stock, or phantom stock, is a synthetic equity used by U.S. companies as an employee benefit. It grants the employee a right to receive compensation based on the value of the company’s listed stock. If the firm’s shares aren’t listed, the benefit plan specifies how the shadow stock is valued."
Shanghai index,"Also known as the Shanghai Stock Exchange Composite Index, this index measures the value of all stocks (A-shares and B-shares) traded on the Shanghai Stock Exchange."
Shanghai Stock Exchange,"The Shanghai Stock Exchange (SSE) is China's largest mainland stock exchange and the fifth largest in the world. The market trades stocks, funds and bonds from companies that have been in business and profitable for three years. Run by the China Securities Regulatory Commission (CSRC), the Shanghai Stock Exchange is a nonprofit organisation."
Shape risk,Companies try to plan to ensure they have lower the risk that they don't have enough or have to pay too much for energy to deliver the products or services their clients want through hedging.
Sharding,"Sharding is a database partitioning method used by blockchain firms to improve scalability and spread workload, allowing them to process more transactions per second."
Share,"A share is a unit of ownership of a company. In order for a public company to raise money, it can sell shares to investors, who then become equity shareholders in the business."
Share buyback,"A share buyback, also known as a stock repurchase, occurs when a firm buys its own stock either directly from shareholders or on the open market. The company then usually retires the stock, reducing the number of shares in circulation. The buyback is a way of returning surplus cash to shareholders."
Share purchase issue,"It is when a company announces it will gives current shareholders the right to buy a certain number of its shares at a set price, usually at a discount."
Shared Appreciation Mortgage,"Buying your own house is a dream for many people. Most can afford houses only by way of borrowing through mortgages. A mortgage essentially allows the buyer to purchase the property without having to pay all the money up front. Marketed as a proposition for the asset rich but cash poor, a shared appreciation mortgage works in a similar way to a traditional mortgage but with certain key differences."
Shareholder,"Looking for a shareholder definition? Anyone who owns at least one share in a business or company is a shareholder. A controlling shareholder owns more than half of a company's shares, while a minority shareholder owns fewer than half."
Shareholder Equity,"A shareholder is a person who owns shares or equity in a company. This means they reap the benefits when things are good, but will be the last to be compensated if things go wrong."
Sharpe Ratio,It's a technique to gauge the return on an investment by adjusting for risk. Nobel laureate William F. Sharpe developed the ratio in 1966 and revised it in 1994. It was originally called the reward-to-variability ratio.
Shelf registration,"A shelf registration is U.S. practice whereby a firm can register a new share issue up to two years before a public offering. Usually there is no present intention by the company to sell the shares being registered, but the registration enables the issuer to act quickly when market conditions are optimal."
Shenzhen Stock Exchange,"Shenzhen Stock Exchange (SZSE) is one of the three main stock exchanges operated in China. As the name suggests, the exchange is found in the city of Shenzhen."
Short Position,"Looking for a short position definition? This is an investment or trading technique commonly used when an investor believes the value of a stock is about to drop. First, the investor borrows stock from a broker and then sells it on the market. Later on, they buy the stock back and return it to the broker. If the price of the stock has dropped, the investor makes a profit."
Short selling,"Short selling is a popular way of making a profit from securities going down in value. This strategy is also known as “going short”, “selling short” or “shorting” and is usually undertaken by experienced traders and investors."
Short squeeze,"A short squeeze means that the price of a heavily-shorted asset has jumped unexpectedly forcing short sellers to cut losses and exit their positions, which in turn leads to a rise in the price."
Short-Term Gain,Short-term gain means a capital gain or a profit from the sales of personal assets or investments held for one year or less.
Short-term investment fund,"A short-term investment fund (STIF) is a type of fund that typically holds low-risk assets with short-dated maturities. The primary function of the fund is preservation of capital although a moderate return is normally achieved. STIFs normally invest in assets such as U.S. Treasury bills, notes and bonds."
Short-term rating,"A type of credit rating given to a company or sovereign state, indicating the likelihood of defaulting on their debt within one year. This type of rating tells investors how likely a borrower is to meet all of its short-term debt obligations."
Shrinkflation,The definition of “shrinkflation” was first coined by British economist Pippa Malmgren in 2009 to explain the process of diminishing a product’s size while maintaining its price.
Silk Route,"Due to advances and innovations in technology and transportation, globalisation has accelerated in the past few decades. As citizens of the 21st century, we enjoy food, clothes and many other things imported from countries geographically distant from us. To define the Silk Route, we have to travel back to the second century, when trade and exchange of goods and services between different countries was far less simple."
Silver exchange-traded product,"A silver exchange-traded product is a type of security that aims to track the price of silver. These include exchange-traded funds (ETFs), exchange-traded notes (ETNs) and closed-end funds (CEFs), which can be traded on major stock exchanges."
Silver Parachute,A silver parachute is a compensation package paid to low level executives or senior managers if they are made redundant as a result of a merger or acquisition.
Simple Interest Bi-Weekly Mortgage,A simple interest bi-weekly mortgage is a type of repayment method for a mortgage loan.
Single-loss expectancy (SLE),Single-loss expectancy (SLE) refers to the expected monetary loss each time an asset is at risk. It’s a term that’s most commonly used during risk assessment and attempts to put a monetary value on each single threat.
Single-tranche CDO,"Single-tranche CDO is a type of collateralised debt obligation deal that can be customised to an investor's preferences. It involves the sale of one tranche to an investor, which is a single portion of debt or structured financing."
SITRA,"SITRA is Finland’s innovation fund, and aims to increase the nation’s competitiveness on the world stage, ensuring well-being and prosperity for Finnish citizens. It operates independently from the government and brings together networks of legislators, researchers, businesses and NGOs to conduct trials, provide training and develop preconditions for reform."
Six Sigma Certification,"Are you interested in learning more about quality-management methods and how to get a Six Sigma certification? Read on for an explanation on the methodology, the training and certification levels."
SIX Swiss Exchange,"The main stock exchange in the country of Switzerland. Based in Zurich, the exchange allows for the trading of government bonds and derivatives, as well as stocks."
Size indices,"They are stock indices which only include companies of a particular size, e.g. large-cap, mid-cap, or small-cap businesses for global or regional markets. They're built around the fact that many investors favour companies of a certain size."
Slippage,"Slippage is the difference between the price a trader expected to pay or receive and the actual price they paid or received because the market moved while their trade was being executed. This can happen even when trading online, in the split second it takes between an order being given and received."
Slush fund,"A slush fund is an unregulated fund used at the discretion of someone in a position of power, such as a senior executive or elected official. It’s sometimes called a “black fund” and is usually kept separate from other funds. The presence of a slush fund usually implies dishonest or fraudulent use of money for personal gain."
SmallCap 2000 index,Another name given to the Russell 2000 by investors.
Smaller reporting company,A smaller reporting company (SRC) is the smallest category of a business that must report to the Securities and Exchange Commission (SEC) annually under the Securities Exchange Act of 1934.
Smart Contracts,"A smart contract can be defined as a computerised transaction protocol which automatically executes the terms of a contract when certain conditions are met. Stored within a blockchain such as Ethereum, smart contracts allow for the contract to be executed without the need for intermediaries or human intervention, minimising fraud losses, arbitration and enforcement costs, and malicious and accidental exceptions."
Social dividend,"A social dividend is the return on capital assets that are owned by society in a socialist economy. In a socialist economy profits are distributed equally among citizens in the form of dividends, and can be used to provide a basic income for all."
Social earnings ratio,Social earnings ratio (S/E) is a metric used to measure the social impact of an organisation. This non-financial ratio concentrates on measuring sentiment and converting it into financial value.
Social Enterprise Investment Fund,The Social Enterprise Investment Fund (SEIF) provided investment for social enterprises that delivered frontline health and social care services in the UK.
Social Impact Statement,"A social impact statement, also known as a corporate social responsibility (CSR) statement, is a report issued by a company that describes the steps it has taken to address the impact of its operations on the communities in which it operates. It also describes its plans to improve its operations to meet social and environmental standards."
Social return on investment,"Social return on investment, more commonly known as SROI, is a method of measuring and accounting for forms of value that are not solely based on traditional financial accounts. This can include social, cultural and environmental factors, and accounts for the ways our actions and activities can create and destroy value."
Social trading,"Social trading is a method where an online investor may lean on user-found financial content gathered from different internet sites as their main source of information for making strategies and financial choices. This allows investors to analyse financial data by comparing and copying trades and techniques, amongst other things."
Socially responsible investing (SRI),"Socially responsible investing (SRI), also known as ethical investing, is any investment scenario which takes into consideration investment return and social good, in the aim of social change. There is also a sub category of this called impact investing, which aims to bring about a positive social impact through investing."
Société Générale,"A major banking group that's headquartered in Paris. Retail banking, corporate and investment banking, asset management, financial & security services and private banking are among the services offered by the French company."
SOFIX,"The SOFIX, also known as the BSE Sofia, is the official stock market index for the Bulgarian stock exchange. It was formed on 20th October 2000 with a start value of 100, and it uses the current Bulgarian currency, the Bulgarian lev – abbreviated to BGN."
Sola Access Information Language,"The Sola Access Information Language, often abbreviated to SAIL, is a native communication protocol and the main front end access electronic communication protocol for the Sola Trading platform. It has developed specifically for the platform by Sola Trading – the platform also supports FIX protocol and STAMP protocol."
Solvency cone,"A concept often used in financial mathematics that models financial trades. This model pays particular consideration to the impact of transaction costs while trading financial assets. Specifically, it is a set of positions that can be exchanged into a non-negative portfolio at a certain time after taking bid-ask prices into consideration."
Solvency II Directive 2009,A legal act in European Union Law that summarises and harmonises the EU insurance regulation. The aim of this legislation is to combine the EU insurance market and better consumer protection. An EU passport was established which enables insurers to operate in all fully conditioned member states.
Solvency Ratio,Solvency ratio is a metric that measures a company’s ability to finance its long-term debt obligations. Solvency ratio is an important indicator of an enterprise’s financial health and is used to evaluate a company’s creditworthiness.
Solvent,"Solvency has two distinct but linked meanings, both equally important. The first describes the state in which a company's current assets exceed its current liabilities. The second describes the state in which a company is able to meet its liabilities as they fall due."
Sortino ratio,It's a technique to measure the risk adjusted return on an investment. It's a modification of Sharpe's ratio. It was developed by Frank A. Sortino. This ratio concentrates on bad risk rather than the volatility of a price up and down.
Sovereign,"In the broadest terms, it refers to a body of people (e.g. a government) that has ultimate authority over a state."
Sovereign credit rating,A credit rating specifically given to a country or other sovereign entity.
Sovereign default,"A sovereign default is an event where a sovereign nation fails to pay back its debt. In particular, the term is used when a government refuses to pay either or both the principal or interest on the bonds it has issued to finance its spending due to an economic crisis."
Sovereign investment fund,A sovereign investment fund refers to a type of sovereign wealth fund (SWF). Sovereign investment funds tend to focus purely on investments in foreign companies. This can cause political concerns in the foreign country and led to the U.S. Foreign Investment and National Security Act of 2007.
Sovereign Wealth Fund,"A sovereign wealth fund (SWF) is a state-owned investment fund created by the revenues from commodity exports and transfers of foreign exchange reserves. Rather than let capital sit in the nation’s central bank, the SWF invests it in the global financial markets to return a profit and benefit the economy."
Special Dividend,"When a company makes a one-off payment to shareholders outside of the standard dividend cycle, it is known as a special dividend. They’re normally paid in cash, are greater than the regular dividend payment, and are a result of exceptional performance and profits in a given period."
Special memorandum account (SMA),A special memorandum account (SMA) is a line of credit that an investor in U.S. equities can use to buy more shares on margin. The credit is created when the market value of securities in the investor’s margin account increases in value. Its use is governed by Federal Reserve Board Regulation T.
Special purpose acquisition company (SPAC),"Are you looking for a SPAC meaning? A special purpose acquisition company is an investment vehicle formed expressly with the intention of raising funds to buy a company in a particular industry. The aim is to take the acquired company public, so the SPAC does not have any of its own operations."
Specialized investment fund,A specialised investment fund (SIF) is a Luxembourg domiciled and regulated investment vehicle aimed at sophisticated investors and offering tax efficiency and a light supervisory regime. There are no limitations on the type of assets that can be held in a SIF but it must provide active portfolio management.
Specific risk,"Specific risk, or unsystematic risk, refers to a risk that affects only one company or a group of companies that represent a sector of the stock market. This is as opposed to market, or systematic risk, which affects the market as a whole along with other asset classes."
Spectral risk measure (SRM),"A spectral risk measure (SRM) is a risk measure that is calculated as a weighted average of outcomes, the weights of which depend on the user’s risk aversion. Unlike value at risk (VaR), for example, it is an example of a ‘coherent risk measure’ as described in the field of mathematical finance."
Speculative attack,"A speculative attack occurs in the foreign exchange markets when speculators attack the currency of a country attempting to maintain a fixed, or pegged exchange rate. If the country does not hold enough foreign currency reserves to buy enough of its domestic currency, the attack can result in the peg failing."
Speculative demand,"Speculative demand is a term from Keynesian economics which describes the desire to have money for the purpose of investing in assets. For Keynes, all assets other than money are categorised as ‘bonds’. His other two needs regarding demand for money are precautionary demand and transactions demand."
Speculative grade liquidity,"It’s a rating of a company’s ability to meet its financial obligations that are due over the following 12 months. Also called SGL, the appraisal is issued by credit rating agency Moody's to indicate a firm's liquidity risk and chances of default."
Spin-off,"A spin-off is the creation of a new company from part of an existing one. It's spun off as an independent business in its own right, and shareholders in the original company will usually be given stock in the new entity."
Split Payroll,The split-payroll meaning is especially relevant for employees on international assignments or those located in countries far away from the main office of their employer.
Split share corporation,"It’s a business entity established for the specific purpose of transforming the dividends and capital gains of the shares it owns into streams of revenue for two different groups of investors. To strike the best balance, a split share corporation will usually issue both common and preferred stock to its investors."
Spot,"Looking for a spot definition? Well, in trading terms, a spot price is the market’s current price – the price at which a particular commodity, currency or security can be sold or bought for prompt delivery. Spot prices are always unique to the time and place where they are being held; that said, with the nature of the global economy, spot prices tend to be quite similar worldwide. The spot market is also known as the cash market and is a form of financial market where commodities and financial instruments can be traded for immediate delivery."
Spot contract,"It’s effectively a ‘buy now, pay now’ deal. The contract is for the immediate delivery of a commodity or currency. The settlement is called the spot price, as in 'on the spot', which is how much the asset will change hands for if it’s sold straight away."
Spot date,"This is the day on which the funds involved in a spot transaction are transferred. With a contract to buy or sell a commodity or currency straight away, the spot date is normally two working days after the deal is agreed."
Spot Trading,"A spot trade, also referred to as a spot transaction, can be defined as an acquisition or sale of an equity, foreign currency, commodity, or other financial asset which is due to be immediately delivered on a particular spot date."
Spread (Difference),"Despite sounding like something you might put in a sandwich, the spread definition is the difference between the bid price and ask price of an asset, security or commodity."
Spread trade,"A spread trade is when two related securities are bought and sold simultaneously as a single unit. Each of the transactions is referred to as a ‘leg’. The idea is that you profit from the difference in the two legs, but you can also lose of course."
Squeeze-out,A squeeze-out is an action undertaken by a company’s majority shareholders to force minority shareholders to sell their stakes in the company in order to gain complete control of the firm.
SSE Composite Index,It’s an index made up of all stocks – both A-shares and B-shares – that trade on the Shanghai Stock Exchange (SSE). It gives a broad overview of the performance of companies operating in the Chinese market.
Stable value fund,"It’s a type of low-risk investment, hence the name ‘stable’. Stable value funds invest in fixed-income products and enter into contracts with banks or insurance companies that are specifically designed to offer rate protection. The returns can be small compared with other investments though."
Stablecoins,"Stablecoins are cryptocurrencies whose price is pegged to the value of a reserve asset, such as a fiat currency or commodity price. The idea is to reduce volatility by tying a cryptocurrency’s price to another asset."
Stagflation,Stagflation is a period characterised by high inflation and weak economic growth.
Stagnation,Stagnation is a term in economics that describes an economy that has little or no growth for a prolonged period.
Stakeholder,"A stakeholder is an individual, a group or an organisation with an interest in a company. Stakeholders are typically a company’s investors, employees, customers and suppliers."
Staking,Staking is a response to the growing energy demand from Proof-of-Work (PoW) protocols used by the bitcoin (BTC) blockchain to validate transactions. Staking is when a user locks funds in a cryptocurrency wallet to participate in a blockchain system based on the proof-of-stake protocol.
Stalking Horse Bidder,"A stalking horse bidder is an initial bidder or purchaser on the sale of a distressed or bankrupt company's assets. The initial bidder negotiates a purchase agreement with the debtor, conducts due diligence on the assets, and sets the terms of the transaction."
Standard & Poor's,It's one of the big three credit rating agencies that score countries on their ability to pay back debt. It’s also a leading provider of stock market indices. The flagship S&P 500 contains the largest stocks in the US.
Standard & Poor's rating,One of the three big credit rating agencies that score countries and companies on their ability to pay back debt. The credit rating given is generally seen as a bellwether on the strength of a nation's economy.
Standard Deviation,"A simple standard deviation explanation is that it is a statistical measurement of how far data is spread out from the mean, or average. Standard deviation is calculated as the square root of the variance in the data points. It can be used to quantify certain outcomes relative to the average, so it is a useful measure in stock and options trading where a high standard of deviation is associated with high market volatility and, therefore, higher risk. Standard deviation is low when stock prices trade within a narrow range."
Standardised approach (credit risk),"In the context of credit risk management, it refers to a set of recommendations proposed by the Basel Committee on Banking Supervision (BCBS), which sets the global standard on how much capital banks should hold."
State prices,A state price security is a contract that agrees to pay one unit of a commodity or currency if a particular state is reached but otherwise pays zero. The price of this type of security is called the state price.
Statistical arbitrage,"The premise behind statistical arbitrage is that there’s a disparity between a stock’s ‘natural’ price based on its intrinsic value, and its actual market price. So if a situation arises where there’s a statistical mispricing between a set of securities, traders may look to exploit this."
Statmetrics,Statmetrics is a free software tool that provides technical analysis of the financial markets. It’s basically a one-stop shop of graphs and statistical information to help traders make informed decisions about when to buy and sell.
Statutory liquidity ratio,"Also known as SLR (although nothing to do with cameras), it’s the amount of liquid assets, such as cash and precious metals, that a financial institution must maintain in its reserves to comply with banking regulations set out by a national government."
Sterling ratio,The Sterling ratio is a way of measuring the risk attached to a hedge fund. The higher the ratio the better as this indicates that the hedge fund has a greater return relative to the expected level of risk.
Stimulus package,"Stimulus package is a term used to represent a variety of government spending programmes and taxation measures used to stabilise the economy or encourage growth in a particular industry. Generally, government economic stimulus is used to recover from a period of economic stagnation or recession by encouraging spending and investment and as a result, employment."
Stochastic RSI,"The Stochastic RSI is an indicator which applies the formula of the stochastic oscillator to a set of Relative Strength Index (RSI) values, rather than a set of stock prices. Both the stochastic oscillator and the RSI are considered momentum indicators. They’re used in the technical analysis of a stock."
Stock certificate,"It's a legal document proving that you own shares in a company. It includes the name of the company, who it’s issued to, date issued and number of shares owned. It also features a serial number, corporate seal and signatures of company officers. It will usually tell you if it’s common stock  or preferred stock ."
Stock Code,"A stock code definitionis an item of stock on a stock quotation scheme. Each unique code is made up of either numbers and letters or both. For example, Alphabet Inc, the owners of Google, are listed as GOOG and Apple Inc is listed as AAPL on Nasdaq."
Stock correlation network,"It’s a type of scientific research used to predict movements in the stock market. It looks at the relationship between stocks using linked data such as daily closing prices, trading volume, opening prices and price returns."
Stock Dividend,It's a dividend payment that a company gives to its existing stakeholders from the profit or earnings it made during a financial year which is paid in additional shares rather than cash. They're also called scrip dividends or bonus shares.
Stock ETF,"A stock ETF is an exchange traded fund that tracks hundreds or thousands of stocks. It can be compared with Index ETF, Bond ETF, and Commodity ETF."
Stock fund,"It’s a type of investment fund that invests chiefly in stocks. Some stock funds also hold bonds and cash but most allot at least 80% of the portfolio's assets to stocks. They’re run by professional money managers, who invest the fund’s capital with the hope of making gains for their investors."
Stock Index,"So, you’re looking for a stock index definition? At its simplest, it is a measurement of the value of some or all the shares in a stock market. Such an index is usually weighted, in order to reflect the relative size and importance of different stocks. Such market indices have traditionally been used to compare an investor’s performance against the market as a whole. More recently, ‘tracker’ funds have mimicked these indices."
Stock Market,"Looking for a stock market definition? The world stock market is a set of exchanges and markets who trade and issue bonds, equities and various other securities. An integral part of the global economy, it affords companies and investors the access to a transaction of capital for a certain amount of legal ownership. The stock market is also known as the equity market, with stocks can be defined in different ways, of the most common being from the country where the stock is contained. As of 2015 the total market capitalisation was worth £52 trillion."
Stock market bubble,"A stock market bubble refers to a surge in share prices to levels significantly above their fundamental value. Because there is disagreement between market participants as to that value, bubbles can be hard to detect as they are taking place. Once a bubble bursts, a stock market crash often follows."
Stock market data systems,"Stock market data systems provide market data from a stock exchange to a wide range of consumers including third-party financial data vendors, investment banks, hedge funds and private investors and traders. The data includes last, high and low trade prices, volume and details of the order book."
Stock market prediction,"A stock market prediction is an attempt to forecast the future value of an individual stock, a particular sector or the market, or the market as a whole. These forecasts generally use fundamental analysis of a company or economy, or technical analysis of charts, or a combination of the two."
Stock market simulator,A definition of a stock market simulator refers to a programme that replicates a live stock market. It allows users to create virtual portfolios of stocks and other financial instruments without undertaking financial risks.
Stock Picking,Stock-picking is an important investment strategy in the world of finance. Here we take a look at the stock picking definition and different strategies to pick stocks.
Stock quote,"A stock quote is the price of a stock as quoted on a stock exchange. A stock quote usually includes its bid and ask price, last-traded price and volume traded."
Stock selection criterion,"A stock selection criterion is one specific factor that an investor examines before they decide to trade a given stock. Investors generally consider multiple criteria before entering a trade, including factors regarding that specific stock, the sector in which the company trades, and the overall health of the economy."
Stock Split,"A stock split is a corporate action that involves the division of each of a company's shares into multiple shares, increasing the total stock in the company. This revalues the price per share to ensure the market capitalisation of the company does not change."
Stock transfer agent,"A stock transfer agent is a financial institution which maintains records of investor holdings in a public company. The agent is responsible for issuing and cancelling stock certificates as shares are bought and sold, for replacing lost documents and for distributing cash and stock dividend payments to shareholders."
Stock valuation,Stock valuation is the process of calculating how much a company stock is worth using methods that consider economic factors such as past prices and forecast data. This can help you predict future market prices.
Stockbroker,"A stockbroker is a licensed investment provider that executes the trading of financial instruments such as stocks, bonds and funds on stock exchanges on behalf of individual or institutional clients. Trading directly on stock exchanges can only be done by member companies and the stockbrokers that work for them."
Stockjobber,A stockjobber was a slang term for a wholesale dealer on a stock exchange who sold securities to brokers without dealing directly with the public. Jobbers conducted business on the floor of the exchange while stockbrokers acted on behalf of clients.
StockTwits,It's a social media platform for investors. You can sign up for it to read in real time what finance professionals and amateur traders are doing in response to market conditions. You'll find feeds from the most well-respected investing firms and media outlets.
Stop Order,"A stop-loss order in trading is a directive you give to your broker to close a losing position when the price falls (in case of a long position) or rises (in case of a short position) to a certain predetermined price level. This way, traders can manage their potential losses if the market doesn't move in their favour"
Stop Out,"Stop out is an expression with two different meanings in different financial markets. In the foreign exchange market, it is the level at which all of a trader's positions are automatically shut because their margin has decreased to the point whereby it cannot support a continuing open position."
Stop-Limit Order,Stop-limit order is a core risk management tool used by traders to minimise losses and maximise returns. The tool allows traders to set the highest or lowest asset price that they are willing to accept. The stop-limit order combines features of a stop-loss and limit order.
Strategic financial management,"Financial management refers to the process of managing, controlling, or directing the finances of an organisation. But what is strategic financial management?"
Strategic sustainable investing,"Strategic sustainable investing is a strategy that integrates environmental, social and governance considerations – ESG factors – into investment management. Environmental factors include companies’ energy use and efficiency, social factors comprise human rights and gender equality whilst governance factors incorporate issues such as CEO compensation versus average pay."
Strategy indices,"They are indices that are based upon a specified trading strategy. Just as other indices track the performance of a particular sector or market, a strategy index will measure the results of a particular trading strategy."
Street name securities,"Street name securities is a US term that refers to your broker holding securities in its name after you purchase them, rather than your own. You’ll be recognised as the ‘beneficial’ owner in the broker’s records and receive statements, but no certificate. In the UK this is a ‘nominee account’."
Stress Test,"A stress test is a means for a financial institution to assess its exposure to potential stressors and shocks to the markets. Central banks compel large investment banks to undertake stress tests as part of their regulatory requirements, whilst portfolio managers at investment funds run daily tests to measure risk."
Strike price = exercise price,"Also known as the exercise price, the strike price is the pre-determined price at which the holder of an option can buy or sell the underlying asset when the option is exercised."
Structured Finance,"Structured finance is an area of the financial industry which creates complex investment products aimed at large corporations and institutions. Often, existing assets and products are packaged together to create a new financial instrument with unique risk and reward profiles. Common examples include products based on credit or mortgages."
Structured investment vehicle,A structured investment vehicle (SIV) was a type of fund that proved popular until the financial crisis of 2008. Funds borrowed short-term securities at a low interest rate and invested in long-term securities at a much higher rate. New financial regulations introduced after the crisis caused SIVs to cease operating.
Structured note,"A structured note is a financial instrument created to provide exposure to one or more underlying assets. Whilst most structured finance products are aimed at large corporations and institutions, structured notes are designed for individual investors seeking to invest in asset classes not normally available to them."
Structured Product,"It's a type of fixed-term investment that ties up your money for a set period, such as five years. It relies on the performance of an underlying asset, such as an index, commodity or currency. The aim is to maximise your return while also controlling risk."
Stub,"A stub period refers to a short or partial period in a swap or loan, or coupons on a bond. When the asset has a recurring payment schedule, but the first or last period is shorter because it was traded mid-payment, this short period is known as the stub."
Student Investment Advisory Service,"It is a student managed investment fund run by graduate students undertaking the Master of Science in Finance program at the Simon Fraser University/Beedie School of Business in Vancouver, Canada. The student-run fund manages over $17 million of the university’s endowment portfolio."
Student managed investments,"Student managed investments refers to investment funds run by students as part of their degree course. Some funds manage university endowment assets whilst others have private clients. The investment funds are designed to develop real-life portfolio management, economic analysis and risk management skills that students can transfer to their careers."
Style Indices,"It is an index designed to provide a yardstick for the performance of portfolio managers on a particular stock market pursuing a particular investment style: growth investing, income investing, value investing and the rest."
Subprime mortgage crisis,The subprime mortgage crisis originated in the United States and from 2007 to 2010 developed into a full-blown financial crisis that caused panic around the world. It was caused by an expansion of mortgage credit in the early to mid-2000s and a poor understanding of credit risk by financial institutions.
Subscription,"A subscription is a term that refers to the issue of new shares in a company. It can relate to either an Initial Public Offering (IPO) or to a rights issue. In both cases, the subscriber to the offering receives a given amount of the company’s stock."
Subscription price,It’s the price at which existing shareholders can buy additional shares of company stock in a rights offering before they go on sale to the general public. The subscription price is fixed and usually set at less than the market price to encourage a successful sale of the new shares.
Subscription rights,Subscription rights are agreement that gives the investor the right to maintain his or her percentage ownership of a company by buying a proportionate number of shares of any future issue of the security.
Success trap,"This refers to companies that rest on their laurels and rely too heavily on their past successes. As such, they neglect to pursue new avenues to strengthen their long-term viability and end up reacting too slowly to changing customer needs."
Sum of squares,Regression analysis helps us determine how a data series can be fitted into a function. This may help explain how the data series was generated. The sum of squares is used to find the function that best fits the data. It’s a statistical technique used in regression analysis to determine the dispersion of data points.
Sumitomo Mitsui Financial Group,"It's a Japanese banking and financial services company. Headquartered in Tokyo, the bank was established in 2002 by the Sumitomo Mitsui Banking Corporation, one of the largest banks in the country."
Superannuation,"Superannuation is a company pension scheme developed for the benefit of a company’s employees. Also referred to as a pension plan, it presupposes that funds deposited in a superannuation account will grow until withdrawal or retirement, usually without tax implications."
Superhedging price,"Like hedging, superhedging is all about managing risk. It describes the smallest price that can be paid for a hedged portfolio with certain constraints whose value will be greater or at least equal to a portfolio without constraints at a specified time in the future."
Supermajority amendment,It's a corporate amendment to a company’s charter requiring the approval of a substantially high proportion of shareholder votes to bring about certain changes that will affect the future of the organisation.
Supply,Supply in economics is the quantity of a particular product or service that suppliers offer to consumers at a specified price at a certain period of time.
Support and resistance,"Support and resistance indicators are very important and popular instruments in technical analysis. Essential to any financial market, support and resistance levels represent the order flow, i.e. demand and supply, which can rapidly shift."
Sustainable growth rate,"It’s a measure of how much growth a company can achieve using only its own sources of funding. Growth is seen as a good thing, but it needs to be sustainable. Runaway growth can make it harder for a business to get financing to sustain that growth. On the other hand, a business that grows too slowly will stagnate."
Swap,A financial swap is a formalised agreement between at least two parties to exchange the cash flows or obligations of an asset or liability for another. Swaps started out as a fairly niche financial instrument in the early 1980s but have become one of the largest derivative markets in the world with billions of dollars worth of new contracts being traded monthly.
Swap dealer,Swap dealers make markets for swaps. Swaps are derivative contracts that allow financial instruments to be swapped between two parties - usually financial institutions.
Swap Execution Facility,"A swap execution facility (SEF) is regulated platform or trading facility which is designed to enable multiple participants to execute swap transactions by accepting bids and offers. Historically, swaps have been traded as an over-the-counter (OTC) product with minimal transparency. The development of SEFs aims to increase trade transparency significantly."
Swap Rate,It’s the rate associated with the fixed element of a swap. It’s generally calculated based on what’s happening in the market where the securities involved are traded. You’ll typically have interest rate swaps or currency swaps.
Swap spread,"A swap spread is the difference in the interest rate between an interest rate swap and government bond yield of the same maturity (for instance, a United States Treasury security). It is used as a measure of the difference in credit risk between a corporation and a sovereign bond."
Swap transaction,"A contract to exchange two financial liabilities. For example, swapping fixed interest-rate debts for variable-rate debts. They are commonly used to enable a borrower to change the basis of interest payments and will often incur a fee."
Swing trading,"Swing trading is a type of trading strategy that can be used when an investor believes they have identified a likely price movement and then holds an asset for several days or even weeks in an attempt to benefit from such 'swings', or movements, in price."
Swiss Market Index (SMI),"The Swiss Market Index, also known as the SMI, includes 20 of the country's largest and most liquid Swiss Performance Index (SPI) blue-chip stocks, which makes it the most important in the country."
Swiss Performance Index (SPI),"The Swiss performance index (SPI) is the benchmark index of the Swiss stock exchange. It is Switzerland’s overall stock market index and contains some 230 equity securities. As a performance index, it is adjusted for dividend payments. It is divided into sectors according to both economic activity and size."
Swisslog Holding,"Swisslog Holding AG is a Buchs, Switzerland based firm that designs automation solutions. It employs 2,500 staff in over 20 countries. Swisslog has two distinct divisions: Healthcare Solutions and Warehouse and Distribution Solutions. With a history dating back to 1900, today Swisslog has clients in more than 50 countries."
SWOT analysis,"SWOT analysis is a technique used to evaluate a company's competitive position. SWOT stands for strength, weakness, opportunities and threats."
Syndicate risk,"A syndicate is a group of organisations or individuals in the same industry that pool their resources, so they are able to complete a particular transaction or project. Syndicates are widespread in the trading, banking and insurance sectors for handling large transactions."
Synthetic CDO,"A synthetic CDO is a type of collateralised debt obligation that invests in credit derivatives such as options and swaps. It differs from a standard CDO, which is backed by assets such as bonds and loans."
Synthetic ETF,"These are financial investment products that are linked to financial indices, such as the FTSE 100 or the S&P 500. These transactions mimic the characteristics of a physical exchange traded fund (ETF)."
Synthetic replication,"Synthetic replication refers to the construction of a type of Exchange Traded Fund (ETF) know as a synthetic ETF. This type of ETF uses swaps and other derivatives to achieve accurate replication of a given asset, as opposed to a physical ETF which is constructed using the asset itself."
Systematic risk,"Systematic risk is the overall risk that is inherent to the financial market or a whole sector and is not specific to individual stocks. It is the risk investors take on by investing their wealth in the market, rather than keeping it in cash."
Systematic trading,"It’s a method of trading using automated computer systems and frameworks, which streamlines processes and reduces the likelihood that a trade may be missed due to human error. Systematic trading is mainly based on technical analysis of market data."
Systemic Risk,What is systemic risk and how does it work? Looking for a simple systemic risk definition? We’ve got you covered.
Systemically important financial institution (SIFI),A systemically important financial institution (SIFI) is a financial institution whose failure could pose a threat to overall financial stability. The Dodd-Frank Act of 2010 recognised the part these firms played in the 2008 financial crisis and addressed gaps in the regulatory system to allow for their more effective supervision.
Systemically important financial market utility (SIFU),"A systemically important financial utility (SIFU) is an entity whose failure could pose a threat to the stability of the United States financial system. The Dodd-Frank Act of 2010 recognised the key role that these firms play in enabling payments, securities, and other financial transactions between financial institutions."
Systemically important payment systems (SIPS),"Systemically important payment systems (SIPS) are European large-value payment systems which are considered to be significant for financial stability due to their transaction volume, market share and cross-border relevance. There are currently four SIPS, which are subject to regulation and monitoring by the European Central Bank (ECB)."
SZSE Component Index,"It’s a stock market index made up of the 500 largest and most liquid A-shares that are traded on the Shenzhen Stock Exchange (SZSE), one of the three major exchanges in China."
T-Test,"T-Test meaning originates from the realm of statistics. T-Test is defined as a method used to compare the means of two groups, which may be related or unrelated, in order to determine the probability of difference between the two data sets."
T2S,"T2S, which stands for TARGET2-Securities, is a European Central Bank project to standardise Europe’s clearing house infrastructure and make the post-trade network more efficient."
Tactical asset allocation,"It’s an investment strategy that actively balances the three main asset classes – stocks, bonds and cash – within a portfolio to capitalise on current market trends. The aim is to maximise returns and minimise risk."
Tadawul All Share index,"The Tadawul All Share, or TASI, is a Saudi Arabian index. It measures publicly traded companies on the Saudi Stock Exchange, also known as Tadawul. It is operated by the Capital Market Authority."
Tail risk,"Tail risk is the possibility that an investment included in a portfolio will shift more than three standard deviations from its current price. Standard deviation is a measure of how much an investment's returns can vary from its average return, so it shows how volatile an asset is."
Tail risk parity,"It’s an extension of the risk parity approach, which is when an investment portfolio diversifies assets according to risk. The difference is that it uses tail risk, not volatility, as its core concept. Tail risk parity hedges the risk of large losses, taking into account the behaviour of the portfolio's assets during extreme events."
Tail value at risk (TVaR),"Tail value at risk (TVaR) is a statistical measure of risk associated with the more general value at risk (VaR) approach, which measures the maximum amount of loss that is anticipated with an investment portfolio over a specified period, with a degree of confidence."
Taiwan OTC exchange,There are two public securities markets in Taiwan: the Taiwan Stock Exchange (TWSE) and the Taipei Exchange (TPEx).
Taiwan Stock Exchange,"TWSE, or the Taiwan Stock Exchange, is a private financial institution in Taipei, Taiwan. It was founded in 1961 and is one of two stock exchanges in Taiwan, the other being GreTai Securities Market."
Taiwan Stock Exchange Capitalization Weighted Stock Index (TAIEX),"The TAIEX, is the Taiwan Stock Exchange Capitalization Weighted Stock Index, also known as TWII, or the Taiwan Weighted. An index tracking all common stocks that trade on the Taiwan Stock Exchange. The index is weighted for market capitalisation and uses the Taiwan dollar as its currency."
Taiwan Stock Exchange Corporation (TSEC) Weighted Index,"Taiwan Stock Exchange Corporation (TSEC) Weighted Index is defined as a stock market index made up of companies that are traded on the Taiwan Stock Exchange (TWSE). Established in 1961, the TWSE is a securities trading institution based in Taipei."
Take-Profit Order,"A take-profit (T/P) order is a pre-specified price level at which a trader sets a position to automatically close when it's profitable. Once the asset's price reaches the take-profit level, the order is converted into a market order or a limit order for execution, depending on a broker."
Takeover bid,An offer made by an acquiring company or individual to gain a controlling stake in another business. Bids are generally targeted at the company's board and shareholders and can usually be categorised as hostile or friendly.
Taleb distribution,"It's an investment returns profile where there is a high probability of a small gain and small probability of a very large loss. Such a strategy appears low risk with steady returns, but periodically suffers huge losses. The term is named after former trader and essayist Nassim Taleb, much of whose work focuses on probability."
Tangible assets,A tangible assets definition is as follows: any physical asset owned by a company to produce or purchase goods and services. They have a finite monetary value and can be quantified with relative ease. Tangible assets can also be sold to generate cash in the event the company faces financial difficulty.
Tangible common equity (TCE),"Tangible common equity, or TCE, represents a separate part of shareholder’s equity, distinguished from preferred equity and intangible assets. It is used to estimate a financial company’s capability to deal with potential losses."
Target date fund,"It's an age-related investment product that enables you to take more risks with your money when you’re young and gradually get more conservative over time. As you edge closer to your savings goal, such as your retirement, the fund moves your savings into less risky assets, such as bonds."
Target Price,"The value an investor or analyst anticipates a stock will reach within a defined time period. In the context of a takeover, it's the price at which the acquirer wants to buy the target firm and earn maximum reward."
Tax refund,How is a tax refund explained? It is a repayment from the government of any excess tax paid throughout the year above what the taxpayer actually owes. Tax is calculated as a percentage of income and certain purchases over the course of a year. There are various reasons a taxpayer might end up paying more than they need to in a given year. Some taxpayers use their annual tax refund to finance investments in the financial markets.
Tax shelter,"A tax shelter is any method or vehicle, used by taxpayers with the aim to decrease or minimise taxable income and, therefore, tax liabilities. There are various types of tax shelters: from investments with favourable tax treatment, to activities, helping to lower taxable income. One of the most popular and widely used tax shelter examples is making contributions to retirement accounts."
Tax transparent fund (TTF),A tax transparent fund (TTF) is a collective investment scheme established by the UK government. The purpose of it is to attract overseas investment into the country to strengthen its reputation as a leading financial centre.
Taxation,"Tax is the financial contribution a government takes from an individual or a business to pay their share of money needed to provide state services or facilities like pensions, schools and hospitals. The money can be raised in different ways such as a percentage of profit or income, or an extra sum added on to any purchase you make – including buying land, property and shares."
TecDAX,It’s a stock market index in Germany that tracks the 30 largest and most liquid technology stocks traded on the Frankfurt Stock Exchange. The companies listed rank below those included in the flagship DAX in regards to turnover and market capitalisation.
Technical Analysis,"The technical analysis definition is a trading tool and method of analysing financial markets and choosing investment strategies. Along with fundamental analysis, it is one of the two main ways to analyse markets and involves looking at past market performances in terms of price movements, volume, moving averages and various outcome statistics."
Telegraphic Transfer (TT),"The definition of telegraphic transfer (TT) is an electronic fund transfer method, generally used for overseas wire transactions. Telegraph wires can be described as the internet of the 19th century. Originally, when money transfers took place between financial institutions, it would be over telegraph wires. An operator at the sender’s bank would submit a message to the recipient’s bank using Morse code about the amount sent and the recipient."
Tender,A tender is a public offer of money or services made to win a contract. The process of tendering is usually undertaken by governments and financial institutions to invite bids for projects from contractors. Tender also refers to an offer made by a company or third party to buy all or a substantial percentage of a company’s stock from shareholders within a given timeframe.
Tender issue,"Also known as issue by tender, a tender issue is when investors are invited to bid for the chance to buy shares in an organisation. The bids need to be above a certain price and the shares are sold to the investor with the highest offer. It is a little-used method of releasing a new issue of stock to the public."
Tender offer,"A tender offer is a type of takeover bid, when a potential buyer makes an offer to the shareholders of a publicly traded company to purchase the majority of shares in the firm. The offer is only for a limited time period and set at a specific price."
Terror-free investing,This describes an investment strategy that keeps money out of companies that do business with so-called 'rogue' states while still seeking to maximise returns.
Texas ratio,The Texas ratio is an unofficial indicator used to determine how stable a US bank is. It’s calculated by dividing a bank's bad assets by its capital. The result can give advance warning that it has made bad investment choices.
Texas two-step,"The Texas two-step legal strategy, also referred to as a Texas divisive merger, is a legal tool used by businesses involved in substantial litigation to settle their tort liabilities through the bankruptcy process."
The 2009 Supervisory Capital Assessment Program,"The 2009 Supervisory Capital Assessment Program was a series of stress tests completed during the spring of that year by US regulators. They were conducted to find out whether America's largest and most important banks had sufficient capital to withstand an intensification of the financial crisis, then at its height."
The 2010 European Union bank stress test,"It was an exercise held in the wake of the financial crisis to assess the strength, or otherwise, of banks in the European Union should there be a return to crisis conditions. Seven out of the 90 banks tested were found to have inadequate capital."
The 2010 Flash Crash,"It is an expression that describes the events of 6 May 2010, when half an hour of trading saw $1 trillion wiped off US share values. Initially ascribed to a 'fat finger' error by someone inputting prices to a trading system, its cause has never been fully explained."
The 2011 European Union bank stress test,The 2011 European Union bank stress test was an analysis of the resilience and robustness of the financial arrangements within 90 important banking institutions across the EU. It was the third such test since the financial crisis that erupted in 2008.
The 2012 JPMorgan Chase trading loss,"The 2012 JPMorgan Chase trading loss was a $6 billion-plus debacle arising out of the London office of the banking giant, centred on the trader who would become known as the 'London Whale'. The trading involved complex derivatives."
The 2014 European Union bank stress test,"The 2014 European Union bank stress test was the latest in a series of tests designed to assess the resilience or otherwise of the EU's banking system. In all, 123 banks were subjected to the test, of which 24 failed."
The 2016 European Union bank stress test,"The 2016 European Union bank stress test was the latest such exercise to be conducted by the European Banking Authority (EBA) to judge the resilience of Europe's banks to a new financial crisis. In contrast to previous tests, this one had no pass/fail threshold."
The Big Four,"The ‘Big Four’ refers to the biggest professional service networks in the world. The members of the Big Four include Deloitte, Ernst & Young (EY), PricewaterhouseCoopers (PwC) and Klynveld Peat Marwick Goerdeler (KPMG)."
The black swan theory,The Black Swan Theory is when something rare and unexpected occurs that has huge ramifications. These events or occurances are almost impossible to predict and therefore impossible to mitigate against. But in retrospect they look as if they were obvious and inevitable.
The Congressional Effect,"The Congressional Effect is a theory that suggests the performance of US stock prices is affected by whether Congress, which makes American law, is sitting or not."
The Financial Revolution,"It was a series of economic and financial reforms in England after the Glorious Revolution of 1688-89 when William III invaded. Until that time, the monarch took all the kingdom’s income, but Parliament began to take more revenue and became responsible for the national debt and paying the armed forces."
The Four Cs of Buying Diamonds,"Investing in assets like gold, silver and diamonds has been around for a long time. Along with being used for hedging against economic downturns, they hold emotional and traditional value. For instance, several families have a tradition of passing down jewellery from one generation to another."
The Global Dow,"The Global Dow is stock index of the 150 largest, blue chip corporations around the world."
The U.S. Commodity Futures Trading Commission,The U.S. Commodity Futures Trading Commission (CFTC) monitors and regulates options and futures markets.
The Watch Fund,"It’s a type of alternative investment that invests in luxury timepieces. The minimum amount you can invest is $250,000, and for that the Watch Fund experts will choose a watch on your behalf. You get to keep the watch during the investment period too."
Theme indices,"Theme indices are financial indexes that are based on investment themes, instead of geography or industries."
Theoretical ex-rights price,It denotes the market price that a single share of a company will theoretically have following a new rights issue. The theoretical ex-rights price (Terp) will usually be lower than the value of the share prior to the rights issue because the new shares are normally issued at a discount.
Theorica,"In ancient Greece, Theorica was a state grant handed out to Athens’ poorer citizens to enable them to attend festivals, religious ceremonies and other forms of public entertainment. Processions, theatrical exhibitions and gymnastic contests were all celebrated in style and at great expense."
"Thinknum, Inc",Thinknum is a software tool that provides investors with insightful information from company websites. It enables you to get access to a wealth of data trails left behind online by businesses to help you value stocks.
Thinkorswim,"It’s a trading platform that offers a range of tools and educational services for investing online. It’s geared towards stock, options and futures traders, and you can trade all products from one account."
Thomson Reuters league tables,"They provide data on merger and acquisition deals. The tables rank investment banks and law firms on their market activity, and provide insight into market trends. Rankings measure transactions by value and number of deals, sector and geography."
Tick size,"Tick size is the smallest possible movement in the price of a security. Every financial market has a minimum price fluctuation, and each tick of movement is worth a specific amount depending on the asset being traded."
Ticker,"A ticker is a display that carries information on a stock: its name, what it’s worth, how many shares are available at the current price, and whether the price has risen or fallen during the day."
Time at risk (TaR),"How safe is an investment, and for how long? That’s the million dollar question. Time at risk, or TaR, is a measure of market risk. It helps you calculate the maximum period of time that an adverse event would not occur to keep an investment safe."
Time consistency,"Time consistency refers to when you make a commitment to take an action in the future. If the incentive to keep the commitment is the same as the incentive to make the commitment, it’s time consistent. But if the incentive to keep it is significantly less than the incentive to make it, it's time inconsistent."
Time-weighted average price (TWAP),"Time-weighted average price, or TWAP for short, is simply the average price of a stock over a specified period of time. It doesn’t take into consideration the number of shares traded at each price point measured."
Times interest earned,"Times interest earned (TIE) evaluates the creditworthiness of a business. It’s a way of measuring a company’s ability to pay off the interest accruing on its loans, and is expressed as a ratio. For instance, if the ratio is 3.0, the company has enough income to pay its interest obligations three times over."
TMX Group,"TMX Group owns a number of subsidiaries that operate equities, derivatives, fixed income and energy market exchanges. These include the Toronto Stock Exchange (TSX) and TSX Venture Exchange (TSXV)."
Tokyo Stock Exchange,"Called the TSE for short, the Tokyo Stock Exchange is the largest stock exchange in Japan. It was founded in 1878 so government bonds that had been issued to former samurai could be traded. Today, it lists more than 2,200 companies, including several foreign corporations."
Too connected to fail,"This is a phrase that refers to a bank that’s so connected to other financial institutions that its failure would have massive repercussions for the entire system, potentially sparking a financial crisis like the one we saw in 2008."
Top-ups,"In business, a top-up is a stock option that enables shareholders to increase their stock ownership. A top-up option is typically granted to facilitate a merger or acquisition."
Total expense ratio,"The total expense ratio (TER) measures the overall costs associated with running an investment fund. These operating expenses include management fees, legal fees, auditor fees and other admin costs."
Total return swap,"It’s an agreement between two parties whereby one pays the other based on a set interest rate in return for payments based on the return of an underlying asset. This asset is often a loan, bond or equity index. The idea is to transfer the credit risk from one party to another."
Total revenue share,"Total revenue share is a measure of the profitability of a product, taking into account marketing costs as well as manufacturing costs. It’s a ratio of costs required to fulfil an order."
Total shareholder return,"Total shareholder return (TSR) is the total gain or loss you receive for holding a stock. It includes the capital gains from increases in the stock price, along with any dividends issued."
Total Value Locked (TVL),"Before we jump into the total value locked definition, we need to brush up on the basics of cryptocurrency and decentralised finance."
Towne v. Eisner,This was a landmark court case in the US in 1918 over the issue of investor taxes. The Supreme Court ruled that a stock dividend based on accumulated profits was not ‘income' within the true intent of the United States Constitution.
Tracking error,"A tracking error is the difference in amount between an investment portfolio and the benchmark  or index against which it’s measured. In reality, tracking errors almost always occur because it’s impossible to perfectly match the performance of a benchmark."
Trade,"In finance, trading is the process of buying and selling assets in a relatively short period of time. It differs from investing in that some traders are able to make money if the market drops by ‘going short’, in effect betting on a price fall."
Trade mark,"A trade mark (or trademark is the US) is one of the types of protection that helps prevent people stealing or copying your ideas and your work – your intellectual property (IP). Trade marks act as an identifier for your brand, for example the name of your product or service, or your logo. They act as a shortcut for customers to tell you about the quality and reliability of a product or service and distinguish yours from other providers. They work alongside other forms of IP such as copyright, patents and design rights."
Trade War,What does a trade war mean? It refers to an economic dispute or conflict in which one or more countries attempt to damage each other’s trade by imposing tariffs or taxes on their imports. This is the definition of a trade war.
Trade-off model of capital structure,"The trade-off model of capital structure is a financial theory that suggests that a company should balance the costs and benefits of various sources of financing, such as debt and equity."
Trader,"In financial markets, a trader is someone who buys and sells various financial instruments, including shares, bonds, commodities and currencies."
TradersStudio,"TradersStudio is an online trading platform used for analysing the financial markets. It helps you design strategies for trading stocks, commodities and currencies, and is a Windows-based application."
Trading band,"It's a range of prices for a stock, commodity or currency. Lines are plotted on a price chart on either side of a moving average to define a security’s trading range. These bands indicate whether prices are relatively high or low, and alert traders to whether the time is right to buy or sell."
Trading Capital,"The definition of trading capital is the amount of money that a business or person has available to them to buy and sell different securities on the financial markets, such as stocks, bonds or foreign exchange."
Trading Floor,"A trading floor is an area in an exchange where trading activity in financial assets such as stocks, commodities and bonds takes place. The area in an investment bank or brokerage house where traders work is also known as a trading floor."
Trading jacket,It’s a blazer worn by someone who executes trades through open outcry in the trading pit of a financial exchange. Trading jackets are intentionally brightly coloured and distinctive so individual traders and the financial firm they work for can be easily identified.
Trading Plan,"A trading plan represents an investor's personal approach to trading. It can comprise a few key points that can be memorised, although it is usually advisable to write it down. The plan helps traders to plan their actions in the market and review how well they are performing against set goals."
Trading room,"A trading room is the front office of a financial market where buy and sell orders are carried out. It’s often loud, with phones ringing and banks of TV screens for traders to hear the latest broadcasts about the markets on business channels."
Trading Strategy,"It's a plan for how you will approach stock trading. Such a strategy provides the objective set of rules for buying and selling, for running positions and for management of available funds. Really detailed trading strategies can be used to model how profitable the strategy in question is likely to prove."
Trading turret,A trading turret is a specialised phone system used by people who work in the financial industry. It’s designed for traders who experience a high volume of calls and need access to multiple lines to carry out split-second deals.
Trading volume,"Trading volume, or volume in trading, is the number of completed trades in a single security or across a whole market in a given time period. For example, if shares in a security are traded 50 times in a day, the volume for the day is 50. But if a number of traders took positions in the security during the day and closed them out by the end of the session, the trading volume can be greater than the total of positions open at either the start or close of the day's trading."
TradingView,TradingView is a charting platform that offers market-analysis software to help you make informed trading decisions. It is also the most prominent trader and investor social network on the web with 50+ million users.
Trailing Stops,A trailing stop is an order placed on an asset that will result in it being automatically sold if its value goes up or down by a set percentage.
Tranche,"Meaning ‘portion’ or ‘slice’ in French, the word tranche in financial circles refers to a security that can be split into smaller pieces and subsequently sold to investors. The term is often used to describe a specific class of bond where each tranche has a varying degree of risk attached to it."
Transaction Costs,A transaction cost is an extra payment on top of the cost of buying something. This usually comes in the form of commission - a percentage of a total figure - or a one-off set fee.
Transfer agent,"A transfer agent is appointed by a company to keep track of who owns the organisation’s stock and bonds, and whether those financial assets are registered in the name of an individual investor or brokerage firm."
Transferable securities,"Transferable securities are financial instruments that can be readily exchanged between two parties. Some, such as the Securities Institute of America, say that an asset is not a security if it cannot be transferred and does not involve an element of risk."
TransUnion,TransUnion is one of the largest credit reference agencies in the US. The company maintains a database of consumer credit files that other financial institutions and individuals use to monitor their credit scores.
Treasury bills,"Treasury bills are short-term, low-risk investments issued by the US government, often to pay for projects around the country."
Treasury Management,"It’s the job of managing the financial assets and holdings of a business. The objective is to balance the company’s cashflow, make sound investments for the future and hedge against financial risks."
Treasury Yields,The US government often needs to raise capital to spend on things like infrastructure and welfare. To do this it sells off instruments through the US Treasury by issuing Treasury securities. Treasury yields are the returns on US government’s debt obligations in the form of US Treasury securities.
Trend trader/trading,"A trend trader looks for trends in the movement of an asset, and builds a trading strategy around that analysis, known as a trend following strategy. If a trend trader believes a security is in an upward trend, they will buy. Similarly, if they spot a downward trend, they would sell."
Treynor dealer model,"It explores the role of the broker-dealer in providing market liquidity through exchanges with value investors. In this model, the dealer will buy or sell from investors at a relatively narrow spread, but they have limits on how much risk they’ll take."
Treynor ratio,"It measures an investment portfolio's reward-to-volatility. It uses three different figures in its calculation – the average rate of return, minus the risk-free rate of return, divided by the portfolio’s beta. Beta measures the volatility of an investment relative to a stock index."
Tri-party agreement,"How is a tri-party agreement explained? Also known as a tripartite agreement, it is a deal between three individual parties – typically a buyer, seller and bank or another lender."
Trial Balance,A trial balance is defined as a bookkeeping or accounting report that shows all of a company's general ledger accounts at a specific point in time. The ledger balances are aggregated into equal debit and credit account columns.
Triangular arbitrage,"Triangular arbitrage is the process of converting one currency to another, then converting it again to a another currency, only to convert it back to the original currency - usually all within a matter of seconds. The aim is to make a profit when there’s a mismatch in the currency exchange rates."
Trinidad and Tobago Stock Exchange (TTSE),"The TTSE is the largest stock exchange in the Caribbean. There are around 30 companies listed on the main board of the exchange, while several businesses from Barbados, Jamaica and the Eastern Caribbean Securities Exchange also cross-list their stocks on it."
Triparty Required Value,"It’s the value of collateral required by a lender in exchange for a securities loan, such as stocks. Triparty collateral management involves third party agents to intermediate the exchange of collateral."
Troubled Asset Relief Program,It was a bank bailout initiative by the US government to stabilise the American economy in the wake of the financial crisis of 2008. The Troubled Asset Relief Program (TARP) bought toxic assets from failing banks to tackle the sub-prime mortgage crisis.
Trust Fund,"A trust fund is a legal entity set up to hold financial assets such as stocks, bonds, cash, property and businesses on behalf of an individual or an organisation. There are three main parties involved in a trust fund. A grantor or settlor establishes the trust, a beneficiary receives the assets and a trustee manages the assets for them."
TSX-60 index,The TSX-60 index is a free-float capital-weighted stock market index made up of 60 of the financially largest companies listed on the Toronto Stock Exchange. It is maintained by the Canadian S&P Index Committee and is also known as the S&P/TSX 60.
Turnaround stock,"It’s a positive reversal in the performance of a company’s stock. There are three main reasons why a company might turn its fortunes around – a spike in sales, cost-cutting measures and the launch of an exciting new product."
Turquoise (trading platform),"Turquoise is a trading platform owned by the London Stock Exchange Group (LSEG) in partnership with several major investment banks. It’s a hybrid system that encompasses trading both on and off traditional exchanges, and was launched to offer dealing services at a discounted price to formal exchanges."
Twin crises,Twin crises is a phenomenon that refers to the simultaneous collapse of the banking system and currency in a country. The term was introduced in the late 1990s by economists Graciela Kaminsky and Carmen Reinhart after several such events occurred around the world.
Two-moment decision model,"It's a system that predicts the result of a decision where the decision-maker is faced with random variables whose outcome is unknown, as is the case with an investment. Choices are made based on knowledge of 'two moments' of these random variables."
Typical price,"It’s an indicator used in the technical analysis of stocks and financial markets. The typical price of an asset is calculated by adding the high, low and closing prices for a particular time period, and dividing the total by three."
UK Film Council Completion Fund,"It was a funding scheme to support the production of short films. A total of £70,000 was awarded on a bi-annual basis to around 14 of the most promising UK short films that had already been shot but lacked the necessary funds to be completed."
Ultra-low latency direct market access,"This refers to a computer network built to cope with high-frequency trading. With modern trading strategies, speed is of the essence. Direct market access is a means of bypassing broker-dealers and interacting directly with the order book of an exchange."
Umbrella fund,"No, it’s not when you save up for a new umbrella. It’s an investment fund that contains a variety of sub-funds. In theory, this set-up allows you to diversify risk even more than with a regular fund without significantly reducing the returns."
Uncovered interest arbitrage,It’s an investment strategy where you convert a domestic currency with a low interest rate to a foreign currency with higher interest to try to profit from it. It’s ‘uncovered’ because the exchange rate risk isn’t hedged through a forward contract.
Underlying Asset,"In derivatives trading, an underlying asset is the financial instrument represented by a derivative, and is what gives a derivative its value."
Underweight,"In investing, underweight refers to a portfolio or fund that has less of a percentage of a particular stock or sector than the benchmark  it’s being measured against, such as a stock market index."
Underwriter,"When a company chooses to make an initial public offering (IPO), they might employ an IPO underwriter, or usually an investment bank."
Underwriting,"Underwriting is the process of evaluating risk, and associated with financial service companies, such as banks, insurers and investment banks. In general terms, it means receiving payment in return for being willing to cover a risk that may arise from certain events."
Underwriting contract,"It’s an agreement between underwriters and a company issuing new shares to the public. The contract contains details of the transaction, including the underwriting group of investment bankers' commitment to buy the new stock, its public offering price and the settlement date."
Underwriting profit,"It's the difference between insurance premiums and claims paid out. For example, if an insurer collects £50 million in insurance premiums in a year but spends £30 million in insurance claims and expenses, its underwriting profit is £20 million."
Underwriting rate,An underwriting rate is a test interest rate used by a lender during the process of underwriting a loan. It helps to determine the maximum loan amount and payback rate a borrower can expect to receive.
Underwriting spot,An underwriting spot is an announcement made on a public broadcasting service in return for funding. It’s basically the equivalent of an advert on commercial television. Public-access channels are usually only available on cable TV.
Underwriting spread,Underwriting spread is the difference between the price at which a new issue of shares or bonds is offered to the public by the underwriter and the price at which they bought it from the issuing company.
Unit investment trust (UIT),"A unit investment trust (UIT) is one of the three main types of investment company, the others being mutual funds and closed-end funds. It is basically an exchange-traded fund (ETF), which offers a fixed investment portfolio of stocks and bonds."
Unit price,"Unit price is the value of a single unit of measure. When you have products sold in multiple quantities and sizes, such as bottles, it enables you to calculate the average price."
Unit trust,"A unit trust is an open-ended investment, where an unlimited number of investors can invest their money into a single fund, that's managed by a dedicated fund manager."
United States Navy Working Capital Fund,"It’s money that helps to support the US Navy. It's a revolving fund, which means it can be used to finance continuing operations from year to year, and is intended to break even, so makes neither a profit nor a loss."
United States presidential election cycle,This is a theory that the US stock market is at its weakest in a 4-year presidential cycle in the president's first year of office. It suggests that the election negatively impacts on the economy and market sentiment regardless of the president’s policies.
Unlisted public company,It’s a company not listed on any stock exchange that can sell shares to raise capital for commercial ventures. It’s typically a small company not suitable for listing on an exchange because it doesn’t meet market capitalisation requirements.
Unsubordinated debt,"If a company is insolvent or bankrupt and owes money to a number of creditors, the holders of the unsubordinated debt have the first claim on the company's assets and earnings. Also called a senior security, it's essentially a debt that's ranked above other debts."
Unsystematic Risk,"Unsystematic risk is the risk that is inherent in a specific company or industry. By investing in a range of companies and industries, unsystematic risk can be drastically reduced through diversification. Synoyms include diversifiable risk, non-systematic risk, residual risk and specific risk."
Untradeable assets,Untradeable assets are securities that can’t be easily bought and sold due to the fact they’re not freely traded in the open market. The main reason that some assets are non-marketable is to ensure stable ownership of money.
Upside beta,"Beta measures the volatility of a stock in relation to the market as a whole. Upside beta analyses the stock's behaviour during an upward trend. In other words, it shows you how the stock grows or falls when the market grows."
Upside potential ratio,"Upside potential ratio is a measure of an investment’s return in relation to how much risk is involved in producing that return. The higher the upside potential ratio, the better the asset’s performance is predicted to be."
Upside risk,"Upside risk measures the extent to which the value of a stock or other investment might go up beyond expected levels. It’s when you stand to get an outcome better than the benchmark against which it’s being measured, such as the FTSE 100 index."
US Tech 100 Index,"The US Tech 100 is an index which includes 100 of the world’s largest non-financial companies listed on the wider NASDAQ Stock market, based on their market capitalisation. The US Tech 100 Index represents all sorts of companies across major industry groups, from computer software to retail or biotechnology. However, the US Tech 100 companies do not include financial trading or investment firms."
US Treasury,"It's the government department responsible for promoting economic growth and security in the US. It's made up of a few different departments, including the Internal Revenue Service , the US Mint  and the Bureau of the Fiscal Service."
Utilitarianism,"Utilitarianism is a branch of normative ethics that forms the basis of study in ethical behaviour. Utilitarianism derives its name from “utility”, which is a term used in economics to quantify the amount of pleasure or happiness received."
V2 ratio,"The V2 ratio measures the risk-adjusted return of an asset or portfolio against a given benchmark, such as a stock market index. It tries to improve on existing measures of risk by taking into account the psychological impact of investment performance."
Valuation risk,Value at Risk definition: an estimate of how much a set of investments or a single company might lose under normal market conditions over a given period (usually a day). It is used by investment managers and regulators to estimate what sort of funds would be required to cover possible losses. It is a critical measure of financial risk.
Value at Risk (VaR),Value at Risk definition: an estimate of how much a set of investments or a single company might lose under normal market conditions over a given period (usually a day). It is used by investment managers and regulators to estimate what sort of funds would be required to cover possible losses. It is a critical measure of financial risk.
Value investing,"Value investing is one of the most basic investment strategies. It operates under the assumption that the stock market does not function efficiently, resulting in many assets being overvalued or undervalued. An undervalued stock means it is traded at a price significantly lower than its intrinsic value. This strategy therefore focusses on purchasing the shares at a price lower than their real value, believing that the market will re-evaluate them in the future and the price will rise to reflect its true value."
Value Partners,"Value Partners is an asset management company based in Hong Kong. In November 2007, it became the first asset management firm to be listed on the Hong Kong Stock Exchange."
Value stocks,"Value stocks are securities underpriced relative to their intrinsic value. The reasons for this undervaluation could be perceived low stock price relative to relevant financial fundamentals, such as debt levels, revenues or a low price to earnings ratio. Stocks may also be considered underpriced relative to their competition or be part of an industry that exhibits generally strong fundamentals but is priced below overall market potential."
Variable Cost,Variable costs are expenses of a company that do not have a fixed pattern and thus are liable to change. A company incurs two types of expenses: fixed costs and variable costs.
Variance Inflation Factor (VIF),Regression analysis is a statistical method used to find a relationship between a dependent variable and two or more independent variables. It’s under such an analysis that the variance inflation factor (VIF) can be found.
Veda (NZ),"Veda was the largest credit reference agency in New Zealand. In February 2016, it was taken over by Equifax, which maintains a database of consumer credit files that businesses and individuals use to monitor credit reports and combat identity theft."
Velocity of money,"How does one define velocity of money? Simply put, it is the number of times one unit of currency is exchanged for goods and services in a certain period. The velocity of money increases as more transactions are completed, so it is one of the factors that influences the rate of inflation in a country’s economy."
Venn Diagram,"A Venn diagram is defined as a method to find out the similarities and differences between two or more groups, which are represented as circles. Variables that overlap are shared qualities between the groups. Variables that do not overlap are dissimilarities."
Venture Capital,"Venture capital is money invested in small businesses and start-ups that are thought to have excellent growth potential. Because start-ups typically have little or no access to capital markets, venture capital is a vital source of funding."
Venture capital trust,"Venture capital trusts (VCTs) invest in fledgling private companies that need capital to grow and aren’t quoted on any stock exchange. Without venture capital, many up-and-coming firms wouldn’t be able to expand."
Venture fund,It's a type of investment fund for investors that want to invest in small or start-up private companies that have a strong potential for growth. Venture fund investments are generally long-term and high risk but offer the possible opportunity of high returns.
Vertical analysis,"Vertical analysis is a method of financial statement analysis that calculates the assets, liabilities and equities as a percentage of the total. This makes it easy to compare balance sheets with income statements or the balance sheets and income statements of different baseness."
Vertical merger,A vertical merger – also known as vertical integration - is the merger of two or more companies that operate on different levels of the same supply chain in a particular industry – traditionally a manufacturer and a supplier – to create a parent company that controls more than one step of the production process.
Vesting,"Vesting, in a legal sense, presupposes giving or earning a right to an asset, present, future payment or benefit. Vesting means the point in time when a party will gain legal ownership of an asset."
Virgin Superannuation,"It’s a type of pension fund in Australia offered by Virgin Money. Employers are legally required to pay a percentage of an employee's salary into a superannuation fund, which can be accessed when the employee retires."
Virtual bidding,Virtual bidding is when electricity is bought and sold without it ever being physically produced or consumed. This type of financial contract is awarded at day-ahead prices and settled at real-time prices.
VN30 Equal Weight Index,It’s a stock market index that tracks the performance of the top 30 largest and most liquid stocks traded on the Ho Chi Minh Stock Exchange in Vietnam.
Volatility,"It’s the range and speed of price movements. Analysts look at volatility in a market, an index and specific securities. By looking at volatility you can try to gauge risk."
Volatility arbitrage,This is a trading strategy that aims to capitalise on the differences between the implied volatility of an option and the actual volatility that’s realised in the future. Volatility arbitrage is normally conducted in a delta-neutral portfolio comprising an option and its underlying asset.
Volatility risk,"This is the risk to the value of an investment, usually an options portfolio, due to unpredictable changes in the volatility of the underlying asset. Volatility risk is specifically related to the breadth of the trading range between the high and low price levels at which a stock or commodity has traded."
Volcker Rule,The Volcker Rule is an economic reform in the US that forbids banks from engaging in speculative practices such as investing customers’ deposits for their own gain. The rule seeks to eliminate conflict of interest trading.
Voleo,Voleo is a financial tech company that develops smartphone stock trading apps for investment clubs. They enable you to collaborate with your friends and pool your resources to manage a portfolio in publicly traded assets. They're designed to make trading accessible to everyone.
Volume risk,"This is the risk arising from changes in volume to the supply or consumption of a commodity, which often causes volatility. Prices tend to move at more extreme levels in commodity markets during volatile trading conditions than they do with other asset classes such as stocks."
Volume-weighted average price (VWAP),"What does “VWAP” stand for? The VWAP definition is as follows: volume-weighted average price, also known as the VWAP, is a trading indicator that gives the average price at which a security has traded throughout the day."
Voting interest,Voting interest means any stake in a company that entitles the holder of that interest to vote for the election of the board or on other matters affecting the business.
Vulture fund,"As the name suggests, vulture funds prey on the weak. They buy distressed securities in failing or near-bankrupt companies, or even debt-ridden countries, for bargain prices and accept a considerably high risk for potentially very high returns. In effect, they attempt to profit from another's debt."
W-8 Form,W-8 forms are Internal Revenue Service (IRS) tax forms used by foreign persons or entities to certify tax status when receiving income from US sources. W-8 forms are also known as Certificate of Foreign Status of Beneficial Owner for United States Tax Withholding and Reporting (Individuals).
Walk forward optimisation,"It’s the process of optimising a trading strategy using a limited set of parameters. By testing it on one set of data, and then testing it on a blind set, you can give yourself an indication of whether you're on the right lines."
Warsaw Stock Exchange,"The Warsaw Stock Exchange (WSE) is one of the largest and most developed stock exchanges in Central and Eastern Europe and one of the most recognised Polish financial institutions. Located in the capital of Poland – Warsaw, the WSE began the activity in its present form on April 16, 1991. Since its inception, the exchange has engaged in electronic trading."
Wash sale,A wash sale is carried out by investors to try to claim extra tax benefits. They do this by rebuying a stock they’ve just sold or buying a stock and selling it straight away to claim a loss on the sale.
Wash trade,It's when brokers simultaneously buy and sell shares to give the impression that trading activity has increased for a stock. This practice is illegal as it’s trying to manipulate the market. It might falsely drive up prices and deceive other investors into buying the stock.
Wealth management,"Wealth management is a type of financial service that offers more than just investment advice. It encompasses personal investments, tax planning, property holdings, retirement planning and even private banking all for one set fee. It’s designed to cover every aspect of your financial life."
Web3,"Web 3, or Web 3.0, can be explained as the third internet era. The first internet era, Web 1.0, started in the 1990s. The second, which we are in now, began in the 2000s."
Weighted Average,"A straightforward weighted average definition is an average of a set of data that gives more weight, or importance, to some of the numbers based on how often they occur."
Wells Fargo,"Wells Fargo & Company (WFC) is an American bank and financial services company, with its headquarters in San Francisco, California. Founded in 1852, the company originally offered express delivery services of gold and valuable items as well as banking services. The company's use of a six-horse stagecoach reflects its origins."
WeSeed,"WeSeed was a stock market game designed to take the fear out of investing by teaching novices about market fundamentals. It allowed virtual investment in real stocks, and served as a social network, encouraging users to interact and discuss their views on different stocks and markets."
West Virginia Future Fund,It’s a mineral trust fund that draws from a percentage of severance tax revenue. It was created to save some of the extra money the US state of West Virginia is collecting through natural gas developments in the Marcellus shale.
What is a limit order?,"Looking for a limit order definition? A limit order is an order made with a brokerage firm or bank for the sale or purchase of a certain financial instrument at a designated price or better. A limit order will only be executed once the security reaches that price, or improves on it."
What is Market Depth,Market depth describes a real-time electronic list of all the buying and selling orders queuing up to be transacted on a stock market or other trading platform. It is useful for traders to see where the weight of bids and offers lies for any security.
WHIS ratio,"The WHIS ratio is a measure of risk for an investment portfolio. It relates the active return of the investment, which is the actual return relative to a benchmark, to the adjusted beta, which measures volatility."
Whisper number,"It's the rumoured earnings per share about to be reported by a public company, and is often the result of a ‘gut feeling’ about a business. It sets tongues wagging among traders if it differs from the consensus forecast, which is generally analyst driven."
Widow-and-orphan stock,"It’s a low-risk stock that pays high dividends. This type of investment is often associated with big companies that have a long track record of performing strongly and consistently, even in testing economic climates and bear market conditions."
WIG20 index,"The WIG20 index is a free-float capitalisation-weighted stock index of 20 corporations on the Warsaw Stock Exchange. The WIG20 was created in April 1994 and the base value was set to 1,000."
Wilshire 5000,"The Wilshire 5000 is an index composed of all stocks actively traded in the US. It was originally made up of 5,000 stocks, but the total fluctuates depending on the number of companies listed on the major exchanges.

Often called the 'total stock market index', it’s one of the broadest indices around."
Wilshire Associates,"It’s an investment management firm that looks after the assets of institutional investors around the world, such as banks, insurance companies and hedge funds. As well as offering fund management, it also provides consulting services and analytical products."
Witching hour,"In the stock market, it’s the final hour of trading on the third Friday of each month when options and futures contracts expire. Witching hours usually see significant volatility in trading volume and stock prices."
Working Capital,"Working capital is essentially the money you need to keep yourself going in the time between paying out for raw materials or stock and getting in money from the people you sell to. So for example, paying the wages of the staff needed to produce the goods. In accounting terms it is the amount of current assets minus current liabilities."
Working Group on Financial Markets,"Nicknamed the Plunge Protection Team, it's a group of economists and government officials that meet periodically to discuss recommendations for the protection of financial markets in the US."
Working Order,"Stop and limit orders are together known as working, or pending orders. Essentially, they’re instructions for a broker to make a trade when an asset hits a certain price."
XVA,"It stands for X-Value Adjustment, and is used in financial valuation models. It’s a generic term referring to a number of different valuation adjustments in relation to derivatives, such as options and futures, held by investment banks."
Y2K,"Y2K stands for a computer-programming issue related to the Year 2000. The Y2K was a bug that was expected to have serious economic and financial implications, which is why the Y2K definition may be interesting for traders and investors outside a computer science background."
Year to Date (YTD),Year to date (YTD) refers to a period from the beginning of the calendar year to the current date.
Year-over-year,"Year-over-year (YOY) is a financial comparison used to compare the current period’s revenue, profit or any metric on an annualised basis."
Yellow strip,This highlights the best bid or ask price available through the London Stock Exchange (LSE) trading system for a particular stock. A yellow strip is displayed on trading screens and acts as a useful benchmark for pricing shares.
Yield,"A yield is the return on an investment, either in terms of dividends for shares or interest payments. It is expressed as a percentage of the cost of the financial instrument in question, but unlike return it does not include any capital gain arising from a rise in the market value of the asset."
Yield Curve,"A yield curve is a graph illustrating the return on bonds that mature after various time periods, typically from 3 months to 30 years. It acts as a useful reference for investors to help them boost their total returns. Yield curves are also good indicators of worldwide economic activity."
Yield Farming,"To understand a yield-farming meaning, it’s important to grasp the concept of what a yield is first. Typically, a yield relates to returns on investments over a period of time. The yield can be measured as an interest earned or as a regular dividend paid back."
Yield gap,The yield gap is the difference in return between government bonds and common stock. It’s essentially a measure of how much risk investors are willing to take in certain economic climates.
Yield on cost,"Yield on cost measures the current rate of dividend income based on the price you initially paid for your investment. If the company you invested in increases the dividend it pays to shareholders, you’ll achieve a higher rate of return on your original investment. Thus, your yield on cost rises."
Yield to Maturity,"Yield to maturity is the total return you’ll get when you purchase a bond and hold it until it matures. It takes into account all the interest payments from the time you make the investment to the date it ends, including the amount of compound interest earned."
Z-score,Z-score is the measurement of a number’s relationship to the mean of a group of numbers.
Z-test,"What is a Z-test? Typically it’s a test applicable on statistical data that follows a normal distribution. A Z-test is used for checking whether the mean of two known populations is equal to the other, provided the population variance is already known. Put simply, it carries out a hypothesis test in which the Z-test statistic follows a normally distributed data set."
Zero-day Option,The definition of a zero day option – also known as a zero-day to expiration option or 0DTE – is options contracts that have expiration on the same day they are traded.
Zero-intelligence trader,It’s not a comment on your own trading ability. It’s actually a hi-tech financial market model that assumes traders don’t act rationally. An algorithmic trader replaces a human trader and submits buy or sell orders randomly.
Zero-load,"Zero-load, or no-load, refers to an investment fund that doesn’t impose any sales charges or commission fees for buying and selling units. That’s because instead of using a broker, shares are usually distributed directly by the investment company."
Zimbabwe Industrial Index,"The Zimbabwe Industrial Index is one of the two indices based on the Zimbabwe Stock Exchange, the other being the Zimbabwe Mining Index. As of August 2017, the industrial index consisted of 56 companies across eight sectors including consumer goods, consumer services, financials, industrials, health care and telecommunications."
Zimbabwe Mining Index,"The Zimbabwe Mining Index is one of the two indices based on the Zimbabwe Stock Exchange, the other being the Zimbabwe Industrial Index. The mining index consists of four companies: Bindura Nickel, Falcon Gold, Hwange Colliery and RioZim. These firms mine several materials including gold, nickel, copper, and coal."
