term,definition,url
Absolute Advantage,"Absolute advantage is the ability of an individual, company, region, or country to produce a greater quantity of a good or service with the same quantity of inputs per unit of time, or to produce the same quantity of a good or service per unit of time using a lesser quantity of inputs, than its competitors.",https://www.investopedia.com/terms/a/absoluteadvantage.asp
Absorption Rate,The absorption rate is used in thereal estatemarket to evaluate the rate at which available homes are sold in a specificmarketduring a given period. It is calculated by dividing the number of homes sold in the allotted period by the total number of available homes.This equation can also be reversed to identify the time it would take for the supply to be sold.,https://www.investopedia.com/terms/a/absorption-rate.asp
Accepting Risk,"Accepting risk, or risk acceptance, occurs when a business or individual acknowledges that the potential loss from a risk is not great enough to warrant spending money to avoid it. Also known as ""risk retention,"" it is an aspect ofrisk managementcommonly found in the business or investment fields.",https://www.investopedia.com/terms/a/accepting-risk.asp
Account Balance,"An account balance is the amount of money in a financial repository, such as a savings or checking account, at a specific time. It factors in all debits and credits. Account balances are also shown on billing statements for credit cards, utilities, and loans.",https://www.investopedia.com/terms/a/accountbalance.asp
Accounting Conservatism,Accounting conservatism is a set of bookkeeping guidelines that call for a high degree of verification before a company can make a legal claim to anyprofit.,https://www.investopedia.com/terms/a/accounting-conservatism.asp
Accounting Method,An accounting method refers to the rules that a company follows in reporting revenues and expenses. The two primary methods ofaccountingare accrual accounting (generally used by companies) and cash accounting (generally used by individuals).,https://www.investopedia.com/terms/a/accountingmethod.asp
Accounting Principles,"Accounting principles are guidelines companies must follow when recording and reporting accounting transactions. They bring uniformity tofinancial statements, making it harder for firms to hide information and inflate their numbers. These principles also make it easier to understand a business’s health and compare one or several companies' financials over different periods.",https://www.investopedia.com/terms/a/accounting-principles.asp
Accounting Profit,"Accounting profit is a company's totalearnings, calculated according togenerally accepted accounting principles(GAAP). It includes theexplicit costsof doing business, such as operating expenses, depreciation, interest,and taxes.",https://www.investopedia.com/terms/a/accountingprofit.asp
Accounts Receivable Aging,Accounts receivable aging is a periodic report that categorizes a company'saccounts receivableaccording to the length of time an invoice has been outstanding. It is used as a gauge to determine the financial health and reliability of a company's customers.,https://www.investopedia.com/terms/a/accounts-receivable-aging.asp
Accrued Interest,"In accounting, accrued interest refers to the amount ofinterestthat has been incurred, as of a specific date, on a loan or other financial obligation but has not yet been paid out. Accrued interest can either be in the form of accrued interest revenue, for the lender, or accrued interest expense, for the borrower.",https://www.investopedia.com/terms/a/accruedinterest.asp
Accrued Liability,"The term “accrued liability” refers to anexpenseincurred but not yet paid for by a business. These are costs for goods and services already delivered to a company for which it must pay in the future. A company can accrue a liability for any number of obligations, and each is recorded on the company’sbalance sheet. They are normally listed as “current liabilities” and adjusted at the end of an accounting period.",https://www.investopedia.com/terms/a/accrued-liability.asp
Accumulation Phase,"Accumulation phase has two meanings for investors and those saving forretirement. It refers to the period when an individual is working and planning and ultimately building up the value of their investment through savings. The accumulation phase is then followed by the distribution phase, in which retirees begin accessing and using their funds.",https://www.investopedia.com/terms/a/accumulationphase.asp
Acquisition Cost,"An acquisition cost, also referred to as the cost of acquisition, is the total cost that a company recognizes on its books for property or equipment after adjusting for discounts, incentives,closing costsand other necessary expenditures, but beforesales taxes. An acquisition cost may also entail the amount needed to take over another firm or purchase an existing business unit from another company. Additionally, an acquisition cost can describe the costs incurred by a business in relation to the efforts involved in acquiring a new customer.",https://www.investopedia.com/terms/a/acquisition-cost.asp
Activity-Based Costing (ABC),"Activity-based costing (ABC) is a costing method that assignsoverheadand indirect costs to related products and services. Thiscost accounting methodrecognizes the relationship between costs, overhead activities, and manufactured products, assigning indirect costs to products less arbitrarily than traditional costing methods. However, some indirect costs—such as management and office staff salaries—are difficult to assign to a product.",https://www.investopedia.com/terms/a/abc.asp
Activity Ratios,"An activity ratio is a type of financial metric that indicates how efficiently a company is leveraging the assets on its balance sheet, to generate revenues and cash. Commonly referred to asefficiency ratios, activity ratios help analysts gauge how a company handlesinventory management, which is key to its operational fluidity and overall fiscal health.",https://www.investopedia.com/terms/a/activityratio.asp
Additional Child Tax Credit,"The Additional Child Tax Credit (ACTC) is the refundable portion of the Child Tax Credit, but only if you claim it.",https://www.investopedia.com/terms/a/additional-child-tax-credit.asp
Additional Paid-In Capital,Additional paid-in capital (APIC) is an accounting term referring to money an investor pays above and beyond thepar valueprice of a stock.,https://www.investopedia.com/terms/a/additionalpaidincapital.asp
Adjustable Life Insurance,"Adjustable life insurance is a policy that allows you to change features after signing up, including the premium payment and the death benefit. Also known as universal life, adjustable life policies include an interest-bearing savings component, the “cash value” account, which you can tap into while alive.",https://www.investopedia.com/terms/a/adjustable-life-insurance.asp
Adjustable-Rate Mortgage (ARM),"The term adjustable-rate mortgage (ARM) refers to a home loan with avariable interest rate. With an ARM, the initial interest rate is fixed for a period of time. After that, the interest rate applied on the outstanding balance resets periodically, at yearly or even monthly intervals.",https://www.investopedia.com/terms/a/arm.asp
Adjusted Gross Income (AGI),Adjusted gross income (AGI) is the number that the Internal Revenue Service (IRS) uses to determine your income taxes owed for the year. The number is your total taxable income for the year minus certain adjustments that you may qualify for.,https://www.investopedia.com/terms/a/agi.asp
Advertising Budget,"An advertising budget is an estimate of a company's promotional expenditures over a certain time period. More importantly, it is the money a company is willing to set aside to accomplish its marketing objectives.",https://www.investopedia.com/terms/a/advertising-budget.asp
After-Hours Trading,"The term “after-hours trading” refers to trading activity that starts at 4 p.m. U.S. Eastern time (ET) after the major U.S. stock exchanges close. The after-hours trading session can run as late as 8 p.m., thoughvolumetypically thins out much earlier in the session. After-hours trading is conducted throughelectronic communication networks (ECNs).",https://www.investopedia.com/terms/a/afterhourstrading.asp
Agency Costs,"An agency cost is a type of internal company expense, which comes from the actions of an agent acting on behalf of aprincipal. Agency costs typically arise in the wake of core inefficiencies, dissatisfactions, and disruptions, such asconflicts of interestbetween shareholders and management. The payment of the agency cost is to the acting agent.",https://www.investopedia.com/terms/a/agencycosts.asp
Aggregate Supply,"The term aggregate supply refers to the supply of products thatcompaniesproduce and plan to sell at a certain price in a given period. Put simply, it refers to the finished goods that consumers purchase during a specified time. Aggregate supply is represented by the aggregate supply curve. There is typically a positive relationship between aggregate supply and the price level.",https://www.investopedia.com/terms/a/aggregatesupply.asp
Agribusiness,"Agribusiness encompasses the economic sectors for farming and farming-related commerce. It involves all the steps for getting agricultural goods to the market, including production, processing, and distribution. The industry is a traditional part of any economy, especially for countries with arable land and excess agricultural products for export.",https://www.investopedia.com/terms/a/agribusiness.asp
Allowance for Bad Debt,"An allowance for bad debt is a valuation account used to estimate the amount of a firm's receivables that may ultimately be uncollectible. It is also known as anallowance for doubtful accounts. When a borrower defaults on a loan, the allowance forbad debtaccount and the loan receivable balance are both reduced for thebook valueof the loan.",https://www.investopedia.com/terms/a/allowance-for-bad-debt.asp
Allowance for Credit Losses,Allowance for credit losses is an estimate of thedebtthat a company is unlikely to recover. It is taken from the perspective of the selling company that extendscreditto its buyers.,https://www.investopedia.com/terms/a/allowance-for-credit-losses.asp
Allowance for Doubtful Accounts,The allowance for doubtful accounts represents management's estimate of how much of accounts receivable will likely go uncollected.,https://www.investopedia.com/terms/a/allowancefordoubtfulaccounts.asp
Alpha,"Alpha (α) is a term used in investing to describe an investment strategy’s ability to beat the market, or its “edge.” Alpha is thus also often referred to asexcess returnor theabnormal rate of returnin relation to a benchmark, when adjusted for risk.",https://www.investopedia.com/terms/a/alpha.asp
Altcoin,"Altcoins are generally defined as all cryptocurrencies other thanBitcoin(BTC). However, some people consider altcoins to be all cryptocurrencies other than Bitcoin and Ethereum (ETH) because most cryptocurrencies are forked from one of the two. Some altcoins use different consensus mechanisms to validate transactions, open new blocks, or attempt to distinguish themselves from Bitcoin and Ethereum by providing new or additional capabilities or purposes.",https://www.investopedia.com/terms/a/altcoin.asp
Alternative Depreciation System (ADS),"An alternative depreciation system (ADS) is one of the methods the Internal Revenue Service (IRS) requires taxpayers to use to determine the depreciation allowed onbusiness assets. An ADS has a depreciation schedule with a longer recovery period that generally better mirrors the asset's income streams than declining balance depreciation. If the taxpayer elects to use an alternative depreciation system, they must apply it to all property of the same class placed in service during the same year.",https://www.investopedia.com/terms/a/alternative-depreciation-system.asp
Alternative Investment,"An alternative investment is a financial asset that does not fall into one of the conventional investment categories. Conventional categories include stocks, bonds, and cash. Alternative investments can include private equity or venture capital, hedge funds, managed futures, art and antiques, commodities, and derivatives contracts. Real estate is also often classified as an alternative investment.",https://www.investopedia.com/terms/a/alternative_investment.asp
Altman Z-Score,The Altman Z-score is the output of a credit-strength test that gauges a publicly traded manufacturing company's likelihood of bankruptcy.,https://www.investopedia.com/terms/a/altman.asp
Amortizable Bond Premium,"The amortizable bond premium is a tax term that refers to the excess price paid for a bond over and above its face value. Depending on the type of bond, the premium can be tax-deductible and amortized over the life of the bond on a pro-rata basis.",https://www.investopedia.com/terms/a/amortizable-bond-premium.asp
Amortization Schedule,"An amortization schedule is a chart that tracks the falling book value of a loan or an intangible asset over time. For loans, it details each payment’s breakdown between principal and interest. For intangible assets, it outlines the systematic allocation of the asset’s cost over its useful life.",https://www.investopedia.com/terms/a/amortization.asp
Anchoring and Adjustment,"Anchoring and adjustment is a phenomenon wherein an individual bases their initial ideas and responses on one point of information and makes changes driven by that starting point. The anchoring and adjustment heuristic describes cases in which a person uses a specific target number or value as a starting point, known as an anchor, and subsequently adjusts that information until an acceptable value is reached over time. Often, those adjustments are inadequate and remain too close to the original anchor, which is a problem when the anchor is very different from the true answer.",https://www.investopedia.com/terms/a/anchoring-and-adjustment.asp
Animal Spirits,"""Animal spirits"" is a term coined by the famous British economist,John Maynard Keynes, to describe how people arrive at financial decisions, including buying and selling securities, in times of economic stress or uncertainty. In Keynes’s 1936 publication,The General Theory of Employment, Interest, and Money, he speaks of animal spirits as the human emotions that affectconsumer confidence.",https://www.investopedia.com/terms/a/animal-spirits.asp
Annual General Meeting (AGM),"An annual general meeting (AGM) is a yearly gathering of a company’s interestedshareholders. At an AGM, the directors of the company present an annual report containing information for shareholders about thecompany’s performance and strategy.",https://www.investopedia.com/terms/a/agm.asp
Appraisal,"An appraisal is avaluationof property, such as real estate, a business, a collectible, or an antique, by the estimate of an authorized person. The authorized appraiser must have a designation from a regulatory body governing the appraiser's jurisdiction. Appraisals are typically used for insurance andtaxationpurposes or to determine a possible selling price for an item or property. In many cases, lenders require appraisals before approving mortgages.",https://www.investopedia.com/terms/a/appraisal.asp
Appraisal Costs,Appraisal costs are a specific category ofquality controlcosts. Companies payappraisalcosts as part of the quality control process to ensure that their products and services meet customer expectations and regulatory requirements. These costs could include expenses for field tests and inspections.,https://www.investopedia.com/terms/a/appraisal-costs.asp
Appraisal Management Company (AMC),An Appraisal Management Company (AMC) is an independent entity through whichmortgagelenders order residential real estate valuation services for properties on which they are considering extending loans to homebuyers.,https://www.investopedia.com/terms/a/appraisal-management-company-amc.asp
Arbitrageur,An arbitrageur is an investor who tries to profit from price differences in the market.,https://www.investopedia.com/terms/a/arbitrageur.asp
Arbitration,"Arbitration is a mechanism for resolving disputes between investors and brokers, or between brokers. It is overseen by theFinancial Industry Regulatory Authority (FINRA), and the decisions are final and binding. Arbitration is distinct frommediation,in which parties negotiate to reach a voluntary settlement, and decisions are not binding unless all parties agree to them.",https://www.investopedia.com/terms/a/arbitration.asp
Arithmetic Mean,"The arithmetic mean is the simplest and most widely used measure of amean, or average. It simply involves taking the sum of a group of numbers, then dividing that sum by the count of the numbers used in the series. For example, take the numbers 34, 44, 56, and 78. The sum is 212. The arithmetic mean is 212 divided by four, or 53.",https://www.investopedia.com/terms/a/arithmeticmean.asp
Arrow's Impossibility Theorem,"Arrow's impossibility theorem is a social-choice paradox illustrating the flaws of ranked voting systems. It states that a clear order of preferences cannot be determined while adhering to mandatory principles of fair voting procedures. Arrow's impossibility theorem, named aftereconomistKenneth J. Arrow, is also known as the general impossibility theorem.",https://www.investopedia.com/terms/a/arrows-impossibility-theorem.asp
Ascending Triangle,An ascending triangle is a chart pattern used intechnical analysis. It is created by price moves that allow for a horizontal line to be drawn along theswing highsand a rising trendline to be drawn along the swing lows. The two lines form a triangle. Traders often watch forbreakoutsfrom triangle patterns. The breakout can occur to the upside or downside.,https://www.investopedia.com/terms/a/ascendingtriangle.asp
Asia-Pacific Economic Cooperation (APEC),"The Asia-Pacific Economic Cooperation (APEC) is an economic group of 21 members, formed in 1989, with the primary goal of promoting free trade and sustainable development in thePacific Rimeconomies.",https://www.investopedia.com/terms/a/asiapacific-economic-cooperation-apec.asp
Asian Infrastructure Investment Bank (AIIB),"The Asian Infrastructure Investment Bank (AIIB) is a multilateral development bank that provides financing for infrastructure projects in Asia. Like other development banks, its mission is to improve social and economic outcomes in its region, Asia, and beyond. It has 106 member countries and $100 billion of capitalization, as of 2023.",https://www.investopedia.com/terms/a/asian-infrastructure-investment-bank-aiib.asp
Asset,"An asset is a resource witheconomic valuethat an individual, company, or country owns or controls with the expectation that it will provide a future benefit.",https://www.investopedia.com/terms/a/asset.asp
Asset Allocation,"Asset allocation is how investors divide their portfolios among different assets that might include equities, fixed-income assets, and cash and its equivalents. Investors ordinarily aim to balance risks and rewards based on financial goals, risk tolerance, and the investment horizon.",https://www.investopedia.com/terms/a/assetallocation.asp
Asset-Backed Commercial Paper (ABCP),An asset-backed commercial paper (ABCP) is a short-term investment vehicle with amaturity datethat is typically between 90 and 270 days. A bank or other financial institution typically issues the security itself. The notes are backed by the company's physical assets such as trade receivables. Companies will use an asset-backed commercial paper to fund short-term financing needs.,https://www.investopedia.com/terms/a/asset_backed_commercial_paper.asp
Asset Protection,Asset protection is the adoption of strategies to guard one's wealth. Asset protection is a component of financial planning intended to protect one's assets fromcreditorclaims. Individuals and business entities use asset protection techniques to limit creditors' access to certain valuable assets while operating within the bounds of debtor-creditor law.,https://www.investopedia.com/terms/a/asset-protection.asp
Asymmetric Information,Asymmetric information occurs when one party to an economic transaction possesses greater material knowledge than the other party.,https://www.investopedia.com/terms/a/asymmetricinformation.asp
At Par,"The term ""at par"" means atface value. A bond, preferred stock, or other debt instrument may trade at par,below par, orabove par.",https://www.investopedia.com/terms/a/at-par.asp
At The Money,"At the money (ATM) is a situation where an option'sstrike priceis identical to the current market price of theunderlying security. An ATM option has a delta of ±0.50, positive if it is a call, negative for a put.",https://www.investopedia.com/terms/a/atthemoney.asp
Attribution Analysis,"Attribution analysis is a sophisticated method for evaluating the performance of a portfolio or fund manager. Also known as “return attribution” or “performance attribution,” it attempts to quantitatively analyze aspects of an active fund manager’s investment selections and decisions—and to identify sources of excess returns, especially as compared to anindexor other benchmark.",https://www.investopedia.com/terms/a/attribution-analysis.asp
Auction Market,"In an auction market, buyers entercompetitive bidsand sellers submit competitive offers at the same time. The price at which astock tradesrepresents the highest price that a buyer is willing to pay and the lowest price that a seller is willing to accept. Matching bids and offers are then paired together, and the orders are executed. TheNew York Stock Exchange (NYSE)is an example of an auction market.",https://www.investopedia.com/terms/a/auctionmarket.asp
Auditor,An auditor is a professional authorized to examine and confirm the accuracy of financial records to ensure that companies comply with laws and regulations.,https://www.investopedia.com/terms/a/auditor.asp
Autarky,Autarky refers to a nation that operates in a state of self-reliance. Nations that follow a policy of autarky are characterized by self-sufficiency and limited trade with global partners.,https://www.investopedia.com/terms/a/autarky.asp
Authorized Stock,"Authorized stock, or authorized shares, refers to the maximum number of shares that a corporation is legally permitted to issue, as specified in its articles of incorporation in the U.S., or in the company's charter in other parts of the world. It is also usually listed in the capital accounts section of the balance sheet. Authorized shares should not be confused with outstanding shares, which are the number of shares the corporation has actually issued that are held by the public.",https://www.investopedia.com/terms/a/authorizedstock.asp
Autocorrelation,Autocorrelation is the degree of similarity of a variable between two successive time intervals.,https://www.investopedia.com/terms/a/autocorrelation.asp
Automatic Stabilizer,"Automatic stabilizers are a type offiscal policydesigned to offset fluctuations in a nation's economic activity through their normal operation without additional, timely authorization by the government or policymakers.",https://www.investopedia.com/terms/a/automaticstabilizer.asp
Autonomous Expenditure,"An autonomous expenditure describes the components of an economy's aggregate expenditure that are not impacted by that same economy's real level of income. This type of spending is considered automatic and necessary, whether occurring at the government level or the individual level. The classical economic theory states that any rise in autonomous expenditures will create at least an equivalent rise in aggregate output, such as GDP, if not a greater increase.",https://www.investopedia.com/terms/a/autonomousexpenditure.asp
Average Cost Basis,The average cost basis method is a system of calculating the value ofmutual fundpositions held in a taxable account. It determines the profit or loss for tax reporting.Cost basisrepresents the initial value of a security or mutual fund that an investor owns.,https://www.investopedia.com/terms/a/averagecostbasismethod.asp
Average Cost Method,Average cost method assigns a cost to inventory items based on the total cost of goods purchased or produced in a period divided by the total number of items purchased or produced. Average cost method is also known as weighted-average method.,https://www.investopedia.com/terms/a/averagecostmethod.asp
Average Directional Index (ADX),The average directional index (ADX) is atechnical analysis indicatorused by some traders to determine the strength of atrend.,https://www.investopedia.com/terms/a/adx.asp
Average Return,"The average return is the simple mathematical average of a series ofreturnsgenerated over a specified period of time. An average return is calculated the same way that a simple average is calculated for any set of numbers. The numbers are added together into a single sum, then the sum is divided by the count of the numbers in the set.",https://www.investopedia.com/terms/a/averagereturn.asp
Average Selling Price (ASP),"The term average selling price (ASP) refers to the price at which a certain class of good or service is typically sold. The average selling price is affected by the type of product and theproduct life cycle. The ASP is the average selling price of the product across multipledistribution channels, across a product category within a company, or even across the market as a whole.",https://www.investopedia.com/terms/a/averagesellingprice.asp
Baby Boomer,"“Baby boomer” is a term used to describe those who were born from 1946 to 1964. They formed the largest generational group in U.S. history until the millennial generation slightly surpassed them. The baby boomer generation makes up a substantial portion of the world’s population, especially in developed nations.",https://www.investopedia.com/terms/b/baby_boomer.asp
Back-End Ratio,"The back-end ratio, also known as thedebt-to-income ratio, is a ratio that indicates what portion of a person's monthly income goes toward paying debts. Total monthly debt includes expenses, such as mortgage payments (principal, interest, taxes, and insurance), credit card payments, child support, and other loan payments.",https://www.investopedia.com/terms/b/back-endratio.asp
Backlog,"A backlog is a buildup of work that needs to be completed. The term ""backlog"" has a number of uses in accounting and finance. It may, for example, refer to a company's sales orders waiting to be filled or a stack of financial paperwork, such as loan applications, that needs to be processed.",https://www.investopedia.com/terms/b/backlog.asp
Backorder,"A backorder is an order for a good or service that cannot be filled at the current time due to a lack of available supply. The item may not be held in the company's available inventory but could still be in production, or the company may need to still manufacture more of the product. Backorders are an indication that demand for a company's product outweighs its supply. They may also be known as the company'sbacklog.",https://www.investopedia.com/terms/b/backorder.asp
Bad Debt,"Bad debt is an amount of money that a creditor must write off if a borrower defaults on a loan. If a creditor has a bad debt on the books, it becomes uncollectible and is recorded as a charge-off.",https://www.investopedia.com/terms/b/baddebt.asp
Bad Debt Expense,"A bad debt expense is recognized when a receivable is no longer collectible because a customer is unable to fulfill their obligation to pay an outstanding debt due to bankruptcy or other financial problems. Companies that extend credit to their customers report bad debts as an allowance for doubtful accounts on thebalance sheet, which is also known as a provision for credit losses.",https://www.investopedia.com/terms/b/bad-debt-expense.asp
Bag Holder,"A bag holder is an informal term used to describe an investor who holds a position in asecuritythat decreases in value until it descends into worthlessness. In most cases, the bag holder stubbornly retains their holding for an extended period, during which time the value of the investment goes to zero.",https://www.investopedia.com/terms/b/bag-holder.asp
Balance of Trade (BOT),Balance of trade (BOT) is the difference between the value of a country'sexportsand the value of a country's imports for a given period. Balance of trade is the largest component of a country'sbalance of payments(BOP). Sometimes the balance of trade between a country's goods and the balance of trade between its services are distinguished as two separate figures.,https://www.investopedia.com/terms/b/bot.asp
Balanced Fund,"A balanced fund is amutual fundthat typically contains a component of stocks and bonds. A mutual fund is a basket of securities in which investors can purchase. Typically, balanced funds stick to a fixedasset allocationof stocks and bonds, such as 70% stocks and 30%bonds. Bonds are debt instruments that usually pay a stable, fixed rate of return.",https://www.investopedia.com/terms/b/balancedfund.asp
Balloon Payment,"A balloon payment is the final amount due on a loan that is structured as a series of small monthly payments followed by a single much larger sum at the end of the loan period. The early payments may be all or almost all payments of interest owed on the loan, with the balloon payment being the principal of the loan. This type of loan is known as a balloon loan.",https://www.investopedia.com/terms/b/balloon-payment.asp
Bandwagon Effect,"The bandwagon effect is a psychological phenomenon in which people do something primarily because other people are doing it, regardless of their own beliefs, which they may ignore or override. This tendency of people to align their beliefs and behaviors with those of a group is also called a herd mentality.",https://www.investopedia.com/terms/b/bandwagon-effect.asp
Bank,"A bank is a financial institution that is licensed to accept checking and savings deposits and make loans. Banks also provide related services such as individual retirement accounts (IRAs), certificates of deposit (CDs), currency exchange,personal loans, and safe deposit boxes.",https://www.investopedia.com/terms/b/bank.asp
Bank Bill Swap Rate (BBSW),"The Bank Bill Swap Rate (BBSW), or Bank Bill Swap Reference Rate, is a short-term interest rate used as a benchmark for the pricing of Australian dollar derivatives and securities—most notably, floating rate bonds.",https://www.investopedia.com/terms/b/bank-bill-swap-rate-bbsw.asp
Bank Credit,"Bank credit is the amount of credit available to a business or individual from a banking institution in the form of loans. Bank credit, therefore, is the total amount of money a person or business can borrow from a bank or otherfinancial institution.",https://www.investopedia.com/terms/b/bank-credit.asp
Banker's Acceptance,A banker's acceptance (BA) is a negotiable piece of paper that functions like a post-dated check. A bank rather than an account holder guarantees the payment. Banker's acceptances are also known asbills of exchange. They're used by companies as a relatively safe form of payment for large transactions.,https://www.investopedia.com/terms/b/bankersacceptance.asp
Bank Reconciliation,"A bank reconciliation statement is a document used to determine the accuracy of financial accounts and accounting records. Bank reconciliation statements are used by companies, auditors, and accountants to detect errors or omissions between accounting records andbank accountbalances. They ensure that internal records are accurate and help identify and prevent fraud and losses.",https://www.investopedia.com/terms/b/bankreconciliation.asp
Bankruptcy,Bankruptcy is a legal process for relieving debt that the borrower cannot repay. It’s a measure of last resort that typically requires liquidating assets or entering a repayment plan.,https://www.investopedia.com/terms/b/bankruptcy.asp
Baptism by Fire,"""Baptism by fire"" is a phrase commonly used to describe a person or employee who is learning something the hard way through a challenge or difficulty.",https://www.investopedia.com/terms/b/baptism-by-fire.asp
Bar Chart,"Bar charts consist of multiple price bars, with each bar illustrating how the price of an asset or security moved over a specified time period. Each bar typically showsopening, high, low, and closing(OHLC) prices, although this may be adjusted to show only the high, low, andclose (HLC).",https://www.investopedia.com/terms/b/barchart.asp
Barter,"Barter is an act of trading goods or services between two or more parties without the use of money —or a monetary medium, such as acredit card. In essence, bartering involves the provision of one good or service by one party in return for another good or service from another party.",https://www.investopedia.com/terms/b/barter.asp
Basel I,"Basel I is a set of international banking regulations established by theBasel Committee on Banking Supervision (BCBS). It prescribes minimum capital requirements for financial institutions, with the goal of minimizing credit risk.Under Basel I, banks that operate internationally were required to maintain at least a minimum amount of capital (8%) based on their risk-weighted assets.Basel I is the first of three sets of regulations known individually as Basel I, II, and III, and collectively as theBasel Accords.",https://www.investopedia.com/terms/b/basel_i.asp
Basel III,Basel III is an international regulatory accord for reforms designed to mitigate risk within the international banking sector by requiring banks to have more capital on hand.,https://www.investopedia.com/terms/b/basell-iii.asp
Basis Risk,"Basis risk is the financial risk that offsetting investments in a hedging strategy will not experienceprice changesin entirely opposite directions from each other. This imperfect correlation between the two investments creates the potential for excess gains or losses in a hedging strategy, thus adding risk to the position.",https://www.investopedia.com/terms/b/basisrisk.asp
Basket Trade,A basket trade is a type of order used by investment firms and big institutional traders to buy or sell a group ofsecuritiessimultaneously.,https://www.investopedia.com/terms/b/baskettrade.asp
Bear Market,"A bear market is a financial market experiencing prolonged price declines, generally of 20% or more. A bear market usually occurs along with widespread investor pessimism, large-scale liquidation of securities and other assets, and a weakening economy.",https://www.investopedia.com/terms/b/bearmarket.asp
Bear Spread,A bear spread is anoptionsstrategy used when one is mildly bearish and wants to maximize profit while minimizing losses. The goal is to net the investor a profit when the price of theunderlying securitydeclines. The strategy involves the simultaneous purchase and sale of either puts or calls for the same underlying contract with the same expiration date but at differentstrike prices.,https://www.investopedia.com/terms/b/bearspread.asp
Bearer Share,"A bearer share is equity security wholly owned by the person or entity that holds the physicalstock certificate, thus the name ""bearer"" share. The issuing firm neither registers the owner of the stock nor tracks transfers of ownership; the company disperses dividends to bearer shares when a physicalcouponis presented to the firm. Because the share is not registered to any authority, transferring the ownership of the stock involves only delivering the physical document.",https://www.investopedia.com/terms/b/bearer_share.asp
Bearish Engulfing Pattern,"In technical analysis, the bearish engulfing pattern is a chart pattern that can signal a reversal in an upward price trend. Comprising two consecutive candles, the pattern features a smaller bullish candle followed by a larger bearish candle that engulfs the first. This formation is considered a strong indicator that the prior upward momentum is waning and a reversal is on the horizon.",https://www.investopedia.com/terms/b/bearishengulfingp.asp
Behavioral Economics,"Behavioral economics is the study of psychology as it relates to the economic decision-making processes of individuals and institutions. Behavioral economics is often related withnormative economics. It draws on psychology and economics to explore why people sometimes make irrational decisions, and why and how behavior diverges from the predictions of economic models.",https://www.investopedia.com/terms/b/behavioraleconomics.asp
Benchmark,"A benchmark is a standard that is used to measure the change in an asset's value or another metric over time. In investing, benchmarks are used as a reference point for the performance of securities, mutual funds, exchange-traded funds, portfolios, or other financial instruments.",https://www.investopedia.com/terms/b/benchmark.asp
Berkshire Hathaway,"Berkshire Hathaway is a holding company for a multitude of businesses, including GEICO and Fruit of the Loom. It's run by chair and CEOWarren Buffett. Berkshire Hathaway is headquartered in Omaha, Nebraska.",https://www.investopedia.com/terms/b/berkshire-hathaway.asp
Best Endeavors,"Best endeavors is a phrase commonly found in commercial contracts that places an obligation on the identified party to use all efforts necessary to fulfill the terms set out. A best endeavors policy places a party under a stricter obligation compared to a reasonable endeavors obligation. It is equivalent to best efforts, a term widely used insecuritiesmarkets and preferred in most commercial contracts signed in the United States.",https://www.investopedia.com/terms/b/best-endeavors.asp
Bid,"The term ""bid"" refers to an offer made by an individual or entity to purchase an asset.",https://www.investopedia.com/terms/b/bid.asp
Bid-Ask Spread,A bid-ask spread is the amount by which the ask price exceeds the bid price for anassetin the market. The bid-ask spread is essentially the difference between the highest price that a buyer is willing to pay for an asset and the lowest price that aselleris willing to accept. An individual looking to sell will receive the bid price while one looking to buy will pay the ask price.,https://www.investopedia.com/terms/b/bid-askspread.asp
Bid Size,"The bid size represents the quantity of a security that investors are willing to purchase at a specifiedbid price. For most investors who viewlevel 1 quoteson their trading screens, the bid size represents theamount of sharesthat investors are willing to purchase at the best available bid price.",https://www.investopedia.com/terms/b/bidsize.asp
Bill of Exchange,A bill of exchange is similar to an invoice presented when goods or services are exchanged.,https://www.investopedia.com/terms/b/billofexchange.asp
Bill of Lading,"Global trade is becoming increasingly seamless. The standardization of the bill of lading, which is part receipt, part contract, and part proof of ownership, is a key element in why this is the case.",https://www.investopedia.com/terms/b/billoflading.asp
Bird In Hand,"The bird in hand is a theory that says investors prefer dividends from stock investing to potentialcapital gainsbecause of the inherent uncertainty associated with capital gains. Based on the adage, ""a bird in the hand is worth two in the bush,"" the bird-in-hand theory states that investors prefer the certainty of dividend payments to the possibility of substantially higher future capital gains.",https://www.investopedia.com/terms/b/bird-in-hand.asp
Bitcoin,"Bitcoin (BTC) is a cryptocurrency (a virtual currency) designed to act as money and a form of payment outside the control of any one person, group, or entity. This removes the need for trusted third-party involvement (e.g., a mint or bank) in financial transactions.",https://www.investopedia.com/terms/b/bitcoin.asp
Bitcoin Mining,"Bitcoin mining is a network-wide competition to generate a cryptographic solution that matches specific criteria. When a correct solution is reached, a reward in the form of bitcoin and fees for the work done is given to the miner(s) who reached the solution first.",https://www.investopedia.com/terms/b/bitcoin-mining.asp
Blockchain-as-a-Service (BaaS),"Blockchain-as-a-service (BaaS) is the third-party creation and management of cloud-based networks for companies that build blockchain applications. These third-party services are a relatively new development in the growing field of blockchain technology. The application of blockchain technology has moved well beyond its best-known use in cryptocurrency transactions and has broadened to address secure transactions of all kinds. As a result, there is a demand for hosting services.",https://www.investopedia.com/terms/b/blockchainasaservice-baas.asp
Blue Ocean,"Blue ocean is an entrepreneurship industry term created in 2005 to describe a new market with little competition or barriers standing in the way of innovators. The term refers to the vast ""empty ocean"" of market options and opportunities that occur when a new or unknown industry or innovation appears.",https://www.investopedia.com/terms/b/blue_ocean.asp
Blue Sky Laws,"Blue sky laws are state regulations established as safeguards for investors againstsecurities fraud. The laws, which may vary by state, typically require sellers of new issues to register their offerings and provide financial details of the deal and the entities involved. As a result, investors have a wealth of verifiable information on which to base their judgment and investment decisions.",https://www.investopedia.com/terms/b/blueskylaws.asp
Boil the Ocean,"""Boil the ocean"" is an idiomatic phrase that means to undertake an impossible task orprojector to make a job or project unnecessarily difficult. The phrase appears in business and among startup companies, as well as in other group settings, and is considered to be a negative phrase in relation to how one approaches a task.",https://www.investopedia.com/terms/b/boil-the-ocean.asp
Boiler Room,"A boiler room is a place or operation—usually a call center—where high-pressure salespeople call lists of potential investors (""sucker lists"") to peddle speculative, sometimes fraudulent, securities. Sucker lists identify victims of previous scams.",https://www.investopedia.com/terms/b/boilerroom.asp
Bollinger Band,Bollinger Bands is a technical analysis tool developed by John Bollinger in the 1980s to help investors and traders gauge market volatility and identify when securities are poised to rise or fall.,https://www.investopedia.com/terms/b/bollingerbands.asp
Bond,A bond is afixed-income instrumentand investment product where individuals lend money to a government or company at a certain interest rate for an amount of time. The entity repays individuals with interest in addition to the original face value of the bond.,https://www.investopedia.com/terms/b/bond.asp
Bond Ladder,"A bond ladder is a portfolio of fixed-income securities in which each security has a significantly different maturity date. The purpose of purchasing several smaller bonds with varying dates of maturity rather than one large bond with a single maturity date is to minimize interest-rate risk, increase liquidity, and diversify credit risk.",https://www.investopedia.com/terms/b/bondladder.asp
Borrowing Base,"A borrowing base is the amount of money that a lender is willing to loan a company, based on the value of the collateral the company pledges. The borrowing base is typically determined by a method known as ""margining,"" in which the lender determines a discount factor, which is then multiplied by the value of the collateral in question. The resulting numerical figure represents the amount of money a lender will loan out to the company.",https://www.investopedia.com/terms/b/borrowing-base.asp
Bottleneck,A bottleneck is a point of congestion in a production system (such as an assembly line or a computer network) that stops or severely slows the system. The inefficiencies brought about by the bottleneck often create delays and higherproduction costs.,https://www.investopedia.com/terms/b/bottleneck.asp
Bottom Line,"The bottom line refers to a company's net income and is also known as earnings, or profit, or earnings per share (EPS). The reference to the bottom line describes the relative location of the net income figure on a company's income statement.",https://www.investopedia.com/terms/b/bottomline.asp
Brand Identity,"Brand identity encompasses every way customers experience and perceive a business, from visual elements like logos to customer service interactions and marketing messages. While iconic examples like Apple Inc.'s (AAPL) minimalist aesthetic or NIKE, Inc.'s (NKE) ""Just Do It"" motto show how powerful brand identity can be, there's far more to it than coming up with the neatest logo.",https://www.investopedia.com/terms/b/brand-identity.asp
Breadth Indicator,"Breadth indicators are mathematical formulas that measure the number of advancing and declining stocks, and/or theirvolume, to calculate the participation in a stock index's price movements. By evaluating how many stocks are increasing or decreasing in price, and how much volume these stocks are trading, breadth indicators help in confirming stock index pricetrends, or can warn of impending pricereversals.",https://www.investopedia.com/terms/b/breadthindicator.asp
Breakout,"A breakout refers to when the price of an asset moves above a resistance area, or moves below a support area. Breakouts indicate the potential for the price to start trending in the breakout direction. For example, a breakout to the upside from a chart pattern could indicate the price will start trending higher. Breakouts that occur on highvolume(relative to normal volume) show greater conviction which means the price is more likely to trend in that direction.",https://www.investopedia.com/terms/b/breakout.asp
Broad Money,Broad money is a category for measuring the amount of money circulating in an economy. It is defined as the most inclusive method of calculating a given country'smoney supplyand includesnarrow moneyalong with other assets that can be easily converted into cash to buy goods and services.,https://www.investopedia.com/terms/b/broad-money.asp
Brokerage Account,A brokerage account is an investment account held at a licensed brokerage firm.,https://www.investopedia.com/terms/b/brokerageaccount.asp
Brokerage Fee,"A brokerage fee is afeeorcommissiona broker charges to execute transactions or provide specialized services on behalf of clients. Brokers charge brokerage fees for services such as purchases, sales, consultations, negotiations, and delivery.",https://www.investopedia.com/terms/b/brokerage-fee.asp
Budget Deficit,A budget deficit occurs when government expenses exceedrevenue. Many people use it as an indicator of the financial health of a country. It is a term more commonly used to refer togovernment spending and receiptsrather than businesses or individuals.,https://www.investopedia.com/terms/b/budget-deficit.asp
Build America Bonds (BABs),Build America Bonds (BABs) were taxable municipal bonds that featured federal tax credits or subsidies for bondholders or state and local government bond issuers. Build America Bonds (BABs) were introduced in 2009 as part of President Obama's American Recovery and Reinvestment Act (ARRA) to create jobs and stimulate the economy. The Build America Bonds program expired in 2010.,https://www.investopedia.com/terms/b/build-america-bonds-babs.asp
Bull Spread,"A bull spread is an optimistic options strategy designed to profit from a moderate rise in the price of a security or asset. A variety ofvertical spread,a bull spread involves the simultaneous purchase and sale of either call options or put options with different strike prices but with the same underlying asset andexpiration date. Whether a put or a call, the option with the lower strike price is bought and the one with the higher strike price is sold.",https://www.investopedia.com/terms/b/bullspread.asp
Bull Trap,"A bull trap is a false signal, referring to a declining trend in a stock, index, or other security that reverses after a convincing rally and breaks a prior support level. The move ""traps"" traders or investors that acted on the buy signal and generates losses on resulting long positions. A bull trap may also refer to awhipsawpattern.",https://www.investopedia.com/terms/b/bulltrap.asp
Bullet Repayment,"A bullet repayment is alump sum paymentmade for the entirety of an outstanding loan amount, usually at maturity. It can also be a single payment of principal on a bond.",https://www.investopedia.com/terms/b/bulletrepayment.asp
Bundle of Rights,A bundle of rights is a term for the set of legal privileges that is generally afforded to areal estatebuyer with the transfer of the title. The bundle includes the following:,https://www.investopedia.com/terms/b/bundle-of-rights.asp
Business,"Read about types of businesses, how to start one, and how to get a business loan",https://www.investopedia.com/terms/b/business.asp
Business Asset,"A business asset is an item of value owned by a company. Business assets span many categories. They can be physical,tangible goods, such as vehicles, real estate, computers, office furniture, and other fixtures, orintangible items, such asintellectual property.",https://www.investopedia.com/terms/b/business-asset.asp
Business Ethics,"Business ethics is the moral principles, policies, and values that govern the way companies and individuals engage in business activity. It goes beyond legal requirements to establish a code of conduct that drives employee behavior at all levels and helps build trust between a business and its customers.",https://www.investopedia.com/terms/b/business-ethics.asp
Business Risk,Business risk is the exposure a company has to factor that could cause reduced profits or failure.,https://www.investopedia.com/terms/b/businessrisk.asp
Business to Government (B2G),"Business to government (B2G) is the sale andmarketing of goodsand services to federal, state, or local agencies. In modern lingo, there are three basic business models:business to consumer(B2C), business to business (B2B), and business to government (B2G).",https://www.investopedia.com/terms/b/business-to-government.asp
Buy Limit Order,A buy limit order is an instruction to buy a security only at or below a specified maximum price.,https://www.investopedia.com/terms/b/buy-limit-order.asp
Buy-Side,"The financial institutions of afree-marketeconomy include a segment called the buy-side: firms that purchase investment securities. These include insurance firms,mutual funds,hedge funds, andpension funds, that buy securities for their own accounts or for investors with the goal of generating a return.",https://www.investopedia.com/terms/b/buyside.asp
Buyer's Market,A buyer's market is an environment that favors buyers over sellers. It typically develops when changes to the underlying economic conditions that shapesupply and demandmean that purchasers have an advantage over sellers in price negotiations.,https://www.investopedia.com/terms/b/buyersmarket.asp
Buying Power,"Buying power, also referred to as excess equity, is the money an investor has available to buy securities in a trading context. Buying power equals the total cash held in thebrokerage accountplus all available margin.",https://www.investopedia.com/terms/b/buyingpower.asp
C-Suite,"C-suite or C-level is a widely used vernacular that describes the upper echelons of a corporation’s senior executives and managers. C-suite gets its name from the titles of top senior executives which tend to start with the letter C, for “chief.” They include thechief executive officer (CEO),chief financial officer (CFO),chief operating officer (COO), andchief information officer (CIO).",https://www.investopedia.com/terms/c/c-suite.asp
Callable Bond,"A callable bond, also known as a redeemable bond, is a bond that the issuer may redeem before it reaches the stated maturity date. A callable bond allows the issuing company to pay off their debt early. A business may choose to call their bond if market interest rates move lower, which will allow them to re-borrow at a more beneficial rate. Callable bonds thus compensate investors for that potentiality as they typically offer a more attractive interest rate or coupon rate due to their callable nature.",https://www.investopedia.com/terms/c/callablebond.asp
Cap and Trade,"Cap and trade is a common term for a government regulatory program designed to limit, or cap, the total level of certain emissions as a result of industrial activity.",https://www.investopedia.com/terms/c/cap-and-trade.asp
Capital,Capital is a broad term for the money or other assets that are used by a business to generate returns.,https://www.investopedia.com/terms/c/capital.asp
Capital Asset,"Capital assets are significant pieces of property such as homes, cars, investment properties, stocks, bonds, and even collectibles or art. For businesses, a capital asset is an asset with a useful life longer than a year that is not intended for sale in the regular course of the business's operation. This also makes it a type ofproduction cost. For example, if one company buys a computer to use in its office, the computer is a capital asset. If another company buys the same computer to sell, it is considered inventory.",https://www.investopedia.com/terms/c/capitalasset.asp
Capital Budgeting,Capital budgeting is a process that businesses use toevaluate potential major projectsor investments. Building a new plant or taking a large stake in an outside venture are examples of initiatives that typically require capital budgeting before they are approved or rejected by management.,https://www.investopedia.com/terms/c/capitalbudgeting.asp
Capital Goods,"Capital goods are tangible assets such as buildings, machinery, and equipment used to produce consumer goods or services.  Capital goods are durable items and differ fromconsumer goodsand services, which are the end product of production and manufacturing.",https://www.investopedia.com/terms/c/capitalgoods.asp
Capital Improvement,"A capital improvement is adding a permanent structural change or restoring some aspect of a property that will either enhance the property's overall value, prolong its useful life, or adapt it to new uses.",https://www.investopedia.com/terms/c/capitalimprovement.asp
Capital Investment,"Capital investment is the acquisition of physical assets by a company for use in furthering its long-term business goals and objectives. Real estate, manufacturing plants, and machinery are among the assets that are purchased as capital investments.",https://www.investopedia.com/terms/c/capital-investment.asp
Capital Stock,"Capital stock is the amount of common and preferred shares that a company is authorized to issue, according to its corporate charter. Capital stock can only be issued by the company and is the maximum number of shares that can ever be outstanding. The amount is listed on the balance sheet in the company'sshareholders' equitysection.",https://www.investopedia.com/terms/c/capitalstock.asp
Capital Structure,A firm's capital structure is a mix of borrowed money and investor funding that it uses to fund itself.,https://www.investopedia.com/terms/c/capitalstructure.asp
Capitalized Cost,A capitalized cost is an expense added to the cost basis of a fixed asset on a company'sbalance sheet. Capitalized costs are incurred when building or purchasing fixed assets. They aren't expensed in the period they were incurred but are recognized over time via depreciation or amortization.,https://www.investopedia.com/terms/c/capitalizedcost.asp
Capitulation,"Capitulation in finance describes the dramatic surge of selling pressure in a declining market or security that marks a mass surrender by investors. The resulting dramatic drop in market prices can mark the end of a decline, since those who didn't sell during a panic are unlikely to do so soon after.",https://www.investopedia.com/terms/c/capitulation.asp
Cash and Cash Equivalents (CCE),"Cash and cash equivalents (CCE) is a line item on abalance sheetrepresenting cash or assets that can easily be converted to cash if needed. They are a company’s most liquid assets and include the funds it can quickly tap into to cover emergencies and balances owed in the short term, such as bills, debt repayments, and wages.",https://www.investopedia.com/terms/c/cashandcashequivalents.asp
Cash Budget,"A cash budget is an estimation of thecash flowsof a business over a specific period of time. This could be for a weekly, monthly, quarterly, or annual budget. This budget is used to assess whether the entity has sufficient cash to continue operating over the given time frame. The cash budget provides a company insight into its cash needs (and any surplus) and helps to determine an efficient allocation of cash.",https://www.investopedia.com/terms/c/cashbudget.asp
Cash Dividend,A cash dividend is the distribution of funds or money paid to stockholders generally as part of the corporation's current earnings or accumulated profits.,https://www.investopedia.com/terms/c/cashdividend.asp
Cash Management,Cash management is the daily administration of cash inflows and outflows.,https://www.investopedia.com/terms/c/cash-management.asp
Cash-on-Cash Return,"A cash-on-cash return is a rate of return often used inreal estatetransactions that calculates the cash income earned on the cashinvestedin a property. Put simply, cash-on-cash return measures the annual return the investor made on the property in relation to the amount of mortgage paid during the same year. It is considered relatively easy to understand and one of the most important real estate ROI calculations.",https://www.investopedia.com/terms/c/cashoncashreturn.asp
Cash on Delivery (COD),Cash on delivery (COD) is a type of transaction where the recipient pays for a good at the time of delivery rather than using credit. The terms and accepted forms of payment vary according to the payment provisions of thepurchase agreement.,https://www.investopedia.com/terms/c/cashondelivery.asp
Cash-Out Refinance,"A cash-out refinance is a mortgage refinancing option that lets you converthome equityinto cash. With a cash-out refinance, you take out a largermortgageloan, use the proceeds to pay off your existing mortgage and receive the remaining funds as a lump sum. You can use the funds from a cash-out refinance for anything, including debt consolidation or a major purchase.",https://www.investopedia.com/terms/c/cashout_refinance.asp
Central Counterparty Clearing House (CCP),A central counterparty clearing house (CCP) is an entity that facilitates trading in various European derivatives and equities markets.,https://www.investopedia.com/terms/c/ccph.asp
Central Limit Theorem (CLT),"In probability theory, the central limit theorem (CLT) states that thedistribution of a samplewill approximate a normal distribution (i.e., abell curve) as the sample size becomes larger, regardless of the population's actual distribution shape.",https://www.investopedia.com/terms/c/central_limit_theorem.asp
Certificate of Deposit (CD),"A certificate of deposit (CD) is a type of savings account that pays a fixed interest rate on money held for an agreed-upon period of time. Thebest CD ratesare usually higher than savings accounts, but you lose withdrawal flexibility. If you withdraw your CD funds early, you'll be charged a penalty.",https://www.investopedia.com/terms/c/certificateofdeposit.asp
Ceteris Paribus,"Ceteris paribus, literally ""holding other things constant,"" is a Latin phrase that is commonly translated into English as ""all else being equal.""",https://www.investopedia.com/terms/c/ceterisparibus.asp
Chattel Mortgage,"A chattel mortgage is a loan to purchase movable personal property, such as amanufactured homeor construction equipment. The property, or chattel, secures the loan, and thelender holds an ownership interest.",https://www.investopedia.com/terms/c/chattelmortgage.asp
Chief Financial Officer (CFO),A chief financial officer (CFO) is a senior executive responsible for managing the financial actions of a company. The CFO's duties include tracking cash flow andfinancial planningas well as analyzing the company's financial strengths and weaknesses. The CFO also proposes corrective actions.,https://www.investopedia.com/terms/c/cfo.asp
Chief Operating Officer (COO),The chief operating officer (COO) is a senior executive tasked with overseeing the day-to-day administrative and operational functions of a business. The COO typically reports directly to thechief executive officer(CEO) and is considered to be second in the chain of command.,https://www.investopedia.com/terms/c/coo.asp
Classical Economics,Classical economics is a broad term that refers to the dominant school of thought foreconomicsin the 18th and 19th centuries.,https://www.investopedia.com/terms/c/classicaleconomics.asp
Clawback,"A clawback is a contractual provision requiring that money that's already paid to an employee must be returned to an employer or benefactor, sometimes with a penalty.",https://www.investopedia.com/terms/c/clawback.asp
Clayton Antitrust Act,"The Clayton Antitrust Act is a piece of legislation, passed by the U.S. Congress and signed into law in 1914, that defines unethical business practices, such asprice fixingand monopolies, and upholds various rights of labor.",https://www.investopedia.com/terms/c/clayton-antitrust-act.asp
Chicago Mercantile Exchange (CME),"The Chicago Mercantile Exchange (CME), colloquially known as the Chicago Merc, is an organizedexchange for the trading of futuresand options. The CME trades futures, and in most cases options, in the sectors of agriculture, energy, stock indices, foreign exchange, interest rates, metals, real estate, and even weather.",https://www.investopedia.com/terms/c/cme.asp
Coase Theorem,"The Coase Theorem is a legal and economic theory developed byeconomistRonald Coaseregardingproperty rights, which states that where there are complete competitive markets with no transaction costs and an efficient set of inputs and outputs, an optimal decision will be selected.",https://www.investopedia.com/terms/c/coase-theorem.asp
Collateralized Loan Obligation (CLO),"A collateralized loan obligation (CLO) is a single security backed by a pool of debt. The process of pooling assets into a marketable security is calledsecuritization. Collateralized loan obligations (CLO) are often backed by corporate loans with low credit ratings or loans taken out by private equity firms to conductleveraged buyouts. A collateralized loan obligation is similar to acollateralized mortgage obligation (CMO), except that the underlying debt is of a different type and character—a company loan instead of a mortgage.",https://www.investopedia.com/terms/c/clo.asp
Collusion,"Collusion is a non-competitive, secret, and sometimes illegal agreement between rivals that attempts to disrupt the market'sequilibrium. The act of collusion involves people or companies that would typically compete against each other but who conspire to work together to gain an unfair market advantage.",https://www.investopedia.com/terms/c/collusion.asp
Common Law,"Common law is a body of unwritten laws based on legal precedents established by the courts. Common law influences the decision-making process in unusual cases where the outcome cannot be determined based on existing statutes or written rules of law. The U.S. common-law system evolved from a British tradition that spread to North America during the 17th- and 18th-century colonial period. Common law is also practiced in Australia, Canada, Hong Kong, India, New Zealand, and the United Kingdom.",https://www.investopedia.com/terms/c/common-law.asp
Common Size Income Statement,"A common size income statement is an income statement in which each line item is expressed as a percentage of the value of revenue or sales. It is used for vertical analysis, in which each line item in a financial statement is represented as a percentage of a base figure within the statement.",https://www.investopedia.com/terms/c/commonsizeincomestatement.asp
Communism,Communism is a political and economic ideology that positions itself in opposition to liberal democracy andcapitalism. It advocates instead for a classless system in which the means of production are owned communally and private property is nonexistent or severely curtailed.,https://www.investopedia.com/terms/c/communism.asp
Competitive Intelligence,"Competitive intelligence, sometimes referred to as corporate intelligence, refers to the ability to gather, analyze, and use information collected on competitors, customers, and other market factors that contribute to a business'scompetitive advantage. Competitive intelligence is important because it helps businesses understand their competitive environment and the opportunities and challenges it presents. Businesses analyze the information to create effective and efficient business practices.",https://www.investopedia.com/terms/c/competitive-intelligence.asp
Competitive Advantage,Competitive advantage refers to the factors that allow a company to produce goods or services better or more cheaply than its rivals.,https://www.investopedia.com/terms/c/competitive_advantage.asp
Comprehensive Income,"Comprehensive income refers to the changes in the value of a company's net assets during a specific period, such as a month, quarter, or fiscal year, from non-owner sources. It includes net income and other comprehensive income, such as unrealized income. Comprehensive income provides a complete view of a company's income, some of which may not be fully captured on the income statement.",https://www.investopedia.com/terms/c/comprehensiveincome.asp
Conflict of Interest,A conflict of interest arises when personal interests or relationships cause bias in decision-making and affect job performance.,https://www.investopedia.com/terms/c/conflict-of-interest.asp
Conglomerate,"A conglomerate is a corporation of several different, sometimes unrelated, businesses. In a conglomerate, onecompanyowns a controlling stake in several smaller companies, conducting business separately and independently.",https://www.investopedia.com/terms/c/conglomerate.asp
Consolidate,"To consolidate (consolidation) is to combine assets, liabilities, and other financial items of two or more entities into one.",https://www.investopedia.com/terms/c/consolidate.asp
Consumer Surplus,"Suppose you're able to get a deal on a smartphone for $500 when, let's face it, you'd have paid $800, given its features. The $300 difference is what economists call consumer surplus, the additional value consumers gain beyond what they pay for goods and services.",https://www.investopedia.com/terms/c/consumer_surplus.asp
Contingent Liability,A contingent liability is aliabilitythat may occur depending on the outcome of an uncertain future event. Contingent liabilities are recorded if the contingency is likely and the amount of the liability can be reasonably estimated. The liability may be disclosed in a footnote on the financial statements unless both conditions are not met.,https://www.investopedia.com/terms/c/contingentliability.asp
Contra Account,"A contra account is used in ageneral ledgerto reduce the value of a related account when the two are netted together. A contra account's natural balance is the opposite of the associated account. If a debit is the natural balance recorded in the related account, the contra account records a credit. For example, the contra account for a fixed asset isaccumulated depreciation.",https://www.investopedia.com/terms/c/contraaccount.asp
Contribution Margin,The contribution margin can be stated on a gross or per-unit basis. It represents the incremental money generated for each product/unit sold after deducting the variable portion of the firm's costs.,https://www.investopedia.com/terms/c/contributionmargin.asp
Convertible Preferred Stock,Convertible preferred stocks arepreferred sharesthat include an option for the holder to convert them into a fixed number ofcommon sharesafter a predetermined date.,https://www.investopedia.com/terms/c/convertiblepreferredstock.asp
Convexity,Convexity is apparent in the relationship between bond prices and bond yields. Convexity is the curvature in the relationship between bond prices and interest rates. It reflects the rate at which the duration of a bond changes as interest rates change.,https://www.investopedia.com/terms/c/convexity.asp
Corporate Governance,"Good corporate governance can benefit employees, investors, and other stakeholders",https://www.investopedia.com/terms/c/corporategovernance.asp
Corporate Hierarchy,"The term corporate hierarchy refers to the arrangement and organization of individuals within a corporation according to power, status, and job function. In general, a hierarchy is any system or organization in which people orgroups are rankedone above the other according to status or authority. While most corporations and businesses have hierarchies, they can also be part of any organization, including governments and any organized religion.",https://www.investopedia.com/terms/c/corporate-hierarchy.asp
Correction,"In investing, a correction is usually defined as a decline of 10% or more in the price of a security from its most recent peak.Corrections can happen to individual assets, like an individual stock or bond, or to anindexmeasuring a group of assets.",https://www.investopedia.com/terms/c/correction.asp
Correspondent Bank,"A correspondent bank is a financial institution that provides services to another one—usually in another country. It acts as an intermediary or agent, facilitating wire transfers, conducting business transactions,accepting deposits, and gathering documents on behalf of another bank.",https://www.investopedia.com/terms/c/correspondent-bank.asp
Cost Accounting,Exploring the Types and Methods of Cost Accounting,https://www.investopedia.com/terms/c/cost-accounting.asp
Cost Control,"Cost control is the practice of identifying and reducing business expenses to increase profits, and it starts with thebudgetingprocess. A business owner compares the company's actual financial results with the budgeted expectations, and if actual costs are higher than planned, management has the information it needs to take action.",https://www.investopedia.com/terms/c/cost-control.asp
Cost of Goods Sold (COGS),"Cost of goods sold (COGS) refers to the direct costs of producing the goods sold by a company. This amount includes the cost of the materials and labor directly used to create the good. It excludes indirect expenses, such as distribution costs and sales force costs.",https://www.investopedia.com/terms/c/cogs.asp
Counterparty,"A counterparty is the other party that participates in a financialtransaction. Every transaction must have a counterparty in order for the transaction to go through. More specifically, every buyer of an asset must be paired up with a seller who is willing to sell and vice versa. For example, the counterparty to anoptionbuyer would be an optionwriter. For any complete trade, several counterparties may be involved (for instance a buy of 1,000 shares is filled by 10 sellers of 100 shares each).",https://www.investopedia.com/terms/c/counterparty.asp
Counterparty Risk,"Counterparty risk is the probability that one of the parties involved in a transaction mightdefaulton its contractual obligation. Counterparty risk can exist in credit, investment, and trading transactions.",https://www.investopedia.com/terms/c/counterpartyrisk.asp
Countertrade,Countertrade is a reciprocal form of international trade in which goods or services are exchanged for other goods or services rather than forhard currency. This type of international trade is more common in developing countries with limited foreign exchange or credit facilities.,https://www.investopedia.com/terms/c/countertrade.asp
Cover Letter,"Acover letteris a written document commonly submitted with a job application outlining the applicant's credentials and interest in the open position. Since a cover letter is often one of only two documents sent to a potential employer, a well- or poorly-written letter can impact whether the applicant is called for aninterview.",https://www.investopedia.com/terms/c/cover-letter.asp
Creative Destruction,Creative destruction is the dismantling of long-standing practices in order to make way for innovation and is seen as a driving force ofcapitalism.,https://www.investopedia.com/terms/c/creativedestruction.asp
Credit,"Credit is a contractual agreement in which a borrower receives a sum of money or something else of value and commits to repaying the lender later, typically with interest.",https://www.investopedia.com/terms/c/credit.asp
Credit Report,"A credit report is a detailed breakdown of yourcredit historyprepared by acredit bureau. Credit bureaus collect financial information about you and compile their reports based on that information. Lenders use the reports, often along with other data, to determine yourcreditworthiness. Insurance companies, employers, and landlords may check your credit reports, as well.",https://www.investopedia.com/terms/c/creditreport.asp
Credit Union,"A credit union is a type of financial cooperative that provides traditional banking services. Ranging in size from small, volunteer-only operations to large entities with thousands of participants spanning the country, credit unions can be formed by large corporations, organizations, and other entities for their employees and members.",https://www.investopedia.com/terms/c/creditunion.asp
Creditworthiness,"Creditworthiness is a measure of how likely you will default on your debt obligations according to a lender’s assessment, or how worthy you are to receive new credit. Your creditworthiness is what creditors consider before they approve any new credit.",https://www.investopedia.com/terms/c/credit-worthiness.asp
Crowding Out Effect,The crowding out effect is an economic theory that argues that rising public sector spending drives down or even eliminatesprivate sectorspending.,https://www.investopedia.com/terms/c/crowdingouteffect.asp
Crude Oil,"Crude oil is a naturally occurring liquid petroleum product composed of hydrocarbon deposits and other organic materials formed from the remains of animals and plants that lived millions of years ago. These organisms were covered by layers of sand, silt, and rock, subject to heat and pressure, and eventually turned into a type of fossil fuel that is refined into usable products, including gasoline, diesel, liquefied petroleum gases, and feedstock for the petrochemical industry.",https://www.investopedia.com/terms/c/crude-oil.asp
Crypto Token,"A crypto token is a representation of an asset or interest that has been tokenized on an existing cryptocurrency's blockchain. Crypto tokens and cryptocurrencies share many similarities, but cryptocurrencies are the native asset of a blockchain.",https://www.investopedia.com/terms/c/crypto-token.asp
Currency,"Currency is amedium of exchangefor goods and services. In general, it's money in the form of paper and coins, usually issued by a government and generally accepted at its face value as a method of payment.",https://www.investopedia.com/terms/c/currency.asp
Currency Carry Trade,"A currency carry trade is a strategy in which traders borrow in a low-interest-rate currency and invest the proceeds in a high-interest-rate currency, aiming to profit from the interest rate differential. The strategy generally involves usingleverageto magnify any potential returns.",https://www.investopedia.com/terms/c/currencycarrytrade.asp
Currency Peg,A currency peg is a government policy that sets a fixed exchange rate for its country's currency with a foreign currency.,https://www.investopedia.com/terms/c/currency-peg.asp
Current Account Deficit,"The current account deficit is a measurement of a country’s trade where the value of the goods and services it imports exceeds the value of the products it exports. The current account includes net income, such as interest and dividends, and transfers, such as foreign aid, although these components make up only a small percentage of the total current account. The current account represents a country’s foreign transactions and, like the capital account, is a component of a country’sbalance of payments (BOP).",https://www.investopedia.com/terms/c/currentaccountdeficit.asp
Current Liabilities,"Current liabilities are a company’s short-term financial obligations that are due within one year or within a normal operating cycle. An operating cycle, also referred to as thecash conversion cycle, is the time it takes a company to purchase inventory and convert it to cash from sales. An example of a current liability is money owed to suppliers in the form ofaccounts payable.",https://www.investopedia.com/terms/c/currentliabilities.asp
Current Ratio,The current ratio is aliquidity ratiothat measures a company’s ability to pay short-term obligations or those due within one year. It tells investors and analysts how a company can maximize thecurrent assetson its balance sheet to satisfy its current debt and other payables.,https://www.investopedia.com/terms/c/currentratio.asp
Custodial Account,"The term ""custodial account"" generally refers to a child's or teen's savings account at a financial institution, mutual fund company, or brokerage firm managed by one person for the benefit of another. Generally, an adult controls a custodial account for a minor (a person under the age of 18 or 21 years, depending on the laws of the state of residence). Approval from thecustodianis mandatory for the account to conduct transactions, such as buying or selling securities.",https://www.investopedia.com/terms/c/custodialaccount.asp
Custodian,"A custodian bank is a financial institution that holds and safeguards its customers' securities to prevent theft, loss, or damage. Custodian banks may store assets such as stocks, bonds, or other securities, either physically or electronically. These banks are crucial in ensuring the protection of financial assets and are often used by investment advisors to manage the assets of their clients.",https://www.investopedia.com/terms/c/custodian.asp
Customer Service,"Customer service is the support, assistance, and advice provided by a company to its customers both before and after they buy or useits products or services. Customer service is a critical factor in ensuring buyer satisfaction. It also helps a company retain customers and grow its business.",https://www.investopedia.com/terms/c/customer-service.asp
Cyclical Stocks,"The price of a cyclical stock is affected by macroeconomic or systematic changes in the overall economy. Cyclical stocks are known for following the cycles of an economy through expansion, peak, recession, and recovery. Most cyclical stocks involve companies that sell consumer discretionary items that consumers buy more during a booming economy but they spend less on them during arecession.",https://www.investopedia.com/terms/c/cyclicalstock.asp
Cyclical Unemployment,Cyclical unemployment is the component of overall unemployment that results directly from cycles of economic upturn and downturn. Unemployment typically rises duringrecessionsand declines during economic expansions. Moderating cyclical unemployment during recessions is a major motivation behind the study of economics and the goal of the various policy tools that governments employ to stimulate the economy.,https://www.investopedia.com/terms/c/cyclicalunemployment.asp
Data Mining,Data mining is the process of searching and analyzing a large batch of raw data in order to identify patterns and extract useful information.,https://www.investopedia.com/terms/d/datamining.asp
David Ricardo,"David Ricardo (1772–1823) was aclassical economistbest known for his theory on wages and profit, thelabor theory of value, the theory of comparative advantage, and the theory of rents. David Ricardo and several other economists also simultaneously and independently discovered thelaw of diminishing marginal returns. His most well-known work isPrinciples of Political Economy and Taxation(1817).",https://www.investopedia.com/terms/d/david-ricardo.asp
Day Trader,"A day trader is a type of trader who executes a relatively large volume of short and long trades to capitalize onintradaymarket price action. The goal is to profit from very short-term price movements. Day traders can also useleverageto amplify returns, which can also amplify losses.",https://www.investopedia.com/terms/d/daytrader.asp
Days Sales Outstanding,"Days sales outstanding (DSO) is a measure of the average number of days that it takes a company to collect payment for a sale. DSO is often determined on a monthly, quarterly, or annual basis.",https://www.investopedia.com/terms/d/dso.asp
Days Working Capital,Days working capital describes how many days it takes for a company to convert itsworking capitalintorevenue.,https://www.investopedia.com/terms/d/days-working-capital.asp
Deadweight Loss,"A deadweight loss is a cost to society created bymarket inefficiency, which occurs whensupplyanddemandare out of equilibrium. Mainly used in economics, deadweight loss can be applied to any deficiency caused by an inefficient allocation of resources.",https://www.investopedia.com/terms/d/deadweightloss.asp
Death Cross,"The ""death cross"" is a market chart pattern reflecting recent price weakness.",https://www.investopedia.com/terms/d/deathcross.asp
Debit Card,"Debit cards might look just likecredit cards, but when you use one, money is withdrawn from your checking account. Debit cards, also known as bank or check cards, can typically be used anywhere credit cards are accepted and to withdraw money from anATM. In many ways, using a debit card is like carrying cash since you have a limited amount of funds to draw from.",https://www.investopedia.com/terms/d/debitcard.asp
Debit Note,A debit note is a document used and issued by a vendor to inform the buyer of current debtobligations. It can provide information regarding an upcominginvoiceor serve as a reminder for overdue payments.,https://www.investopedia.com/terms/d/debit-note.asp
Debt Service,"Debt service refers to the money required to cover the payment of interest and principal on aloanor otherdebtfor a particular time period. The term can apply both to individual debts, such as a home mortgage or student loan, and corporate or government debt, such as business loans and debt-based securities such as bonds.",https://www.investopedia.com/terms/d/debtservice.asp
Debt-to-Capital Ratio,"The debt-to-capital ratio is a measurement of a company's financial leverage. The debt-to-capital ratio is calculated by taking the company's interest-bearing debt, both short- and long-term liabilities and dividing it by the total capital. Total capital is all interest-bearing debt plusshareholders' equity, which may include items such as common stock, preferred stock, and minority interest.",https://www.investopedia.com/terms/d/debt-to-capitalratio.asp
Debt-to-GDP Ratio,The debt-to-GDP ratio is a metric that compares a country's public debt to itsgross domestic product (GDP). It reliably indicates a country’s ability to pay back its debts by comparing what the country owes with what it produces. The debt-to-GDP ratio is often expressed as a percentage and it can also be interpreted as the number of years necessary to pay back debt if GDP is dedicated entirely to debt repayment.,https://www.investopedia.com/terms/d/debtgdpratio.asp
Debtor,A debtor is a company or individual who owes money. The debtor is referred to as a borrower when the debt is in the form of a loan from afinancial institutionand as an issuer if the debt is in the form of securities such as bonds.,https://www.investopedia.com/terms/d/debtor.asp
Declaration Of Trust,A declaration of trust under U.S. law is a document or an oral statement appointing atrusteeto oversee assets being held for the benefit of one or more other individuals. These assets are held in a trust.,https://www.investopedia.com/terms/d/declaration-of-trust.asp
Deed,A deed is a signed legal document that transfers ownership of an asset from one party to another. Deeds are most commonly used to transfer ownership of property or vehicles between two parties.,https://www.investopedia.com/terms/d/deed.asp
Deed Of Reconveyance,A deed of reconveyance is a document that transfers thetitleof a property from a mortgage lender to the borrower once the loan has been paid.,https://www.investopedia.com/terms/d/deed-of-reconveyance.asp
Defeasance,"Defeasance is a provision in a contract that voids a bond or loan on a balance sheet when the borrower sets aside cash or bonds sufficient enough to service the debt. The borrower sets aside cash to pay off the bonds; therefore, the outstanding debt and cash offset each other on thebalance sheetand do not need to be recorded.",https://www.investopedia.com/terms/d/defeasance.asp
Defensive Stock,A defensive stock provides consistentdividendsand stable earnings regardless of the overall state of thestock market. There's a constant demand for these companies' products so they tend to be more stable during the various phases of thebusiness cycle.,https://www.investopedia.com/terms/d/defensivestock.asp
Deficit,"In financial terms, a deficit occurs when expenses exceed revenues, imports exceed exports, or liabilities exceed assets. A deficit is synonymous with a shortfall or loss and is the opposite of a surplus. A deficit can occur when a government, company, or person spends more than it receives in a given period, usually a year.",https://www.investopedia.com/terms/d/deficit.asp
Deficit Spending,"In the simplest terms,deficitspending is when a government's expenditures exceed itsrevenuesduring a fiscal period, causing it to run a budget deficit. The phrase ""deficit spending"" often implies a Keynesian approach to economic stimulus, in which the government takes on debt while using its spending power to create demand and stimulate the economy.",https://www.investopedia.com/terms/d/deficit-spending.asp
Deficit Spending Unit,"Adeficitspending unit is an economic term used to describe how an economy, or an economic group within that economy, has spent more than it has earned over a specified measurement period. Both companies and governments may experience a deficit spending unit.",https://www.investopedia.com/terms/d/deficitspendingunit.asp
Deflation,"Deflation is a general decline in prices for goods and services, typically associated with a contraction in the supply of money and credit in the economy. During deflation, the purchasing power of currency rises over time.",https://www.investopedia.com/terms/d/deflation.asp
Delinquent,"The term delinquent refers to the state of being inarrears. When someone is delinquent, they are past due on their financial obligation(s), such as a loan, credit card, or bond payments. This means a borrower's payments are not made to satisfy their debt(s) in a timely manner. Delinquent entities can be either individuals or corporations. Financial delinquency often leads to default if the arrears aren't brought up to date.",https://www.investopedia.com/terms/d/delinquent.asp
Delivered Duty Paid (DDP),"Delivered duty paid (DDP) is a type of delivery agreement—outlined by the International Chamber of Commerce—whereby thesellerassumes all of the responsibility, risk, and costs associated with transporting goods until the receiver/customer receives (or transfers) the goods at the destination port.",https://www.investopedia.com/terms/d/delivery-duty-paid.asp
Delivered Duty Unpaid (DDU),Delivered Duty Unpaid (DDU) is an old international trade term indicating that the seller is responsible for the safe delivery of goods to a named destination. The seller pays all transportation expenses and assumes all risks during transport.,https://www.investopedia.com/terms/d/delivereddutyunpaid.asp
Demand,"Demand is an economic concept that relates to a consumer's desire to purchase goods and services and willingness to pay a specific price for them. Put simply, it's the amount that a consumer will purchase at a given price. Demand increases when prices drop and decreases when prices rise. There is market demand, which is the total quantity demanded by all consumers in a market for a given good, and aggregate demand or is the total demand for all goods and services in an economy. Multiplestockingstrategies are often required to handle demand.",https://www.investopedia.com/terms/d/demand.asp
Demand for Labor,"When producing goods and services, businesses require labor and capital as inputs to their production process. The demand for labor is aneconomics principlederived from the demand for a firm's output. That is, if demand for a firm's output increases, the firm will demand more labor, thus hiring more staff. And if demand for the firm's output of goods and services decreases, in turn, it will require less labor and its demand for labor will fall, and less staff will be retained.",https://www.investopedia.com/terms/d/demand_for_labor.asp
Dematerialization (DEMAT),Dematerialization (DEMAT) is the move from physical certificates to electronic bookkeeping. Actualstock certificatesare then removed and retired from circulation in exchange for electronic recording.,https://www.investopedia.com/terms/d/dematerialization.asp
Denomination,"A denomination refers to the units classification for the stated orface valueof financial instruments such as currency notes or coins, as well as for securities, bonds, and other investments.",https://www.investopedia.com/terms/d/denomination.asp
Depreciation,Depreciation is a standard accounting method that lets businesses divide the upfront cost of physical assets—from delivery trucks to data centers—across the number of years they expect to use them.,https://www.investopedia.com/terms/d/depreciation.asp
Derived Demand,"Derived demand, in economics, is the demand for a good or service that results from the demand for a different, or related, good or service. It is a demand for some physical or intangible thing where amarketexists for both related goods and services in question. Derived demand can have a significant impact on the derived product'smarket price.",https://www.investopedia.com/terms/d/derived_demand.asp
Descending Triangle,A descending triangle is a chart pattern used intechnical analysiscreated by drawing onetrend lineconnecting a series of lower highs and a second horizontal trend line connecting a series of lows.,https://www.investopedia.com/terms/d/descendingtriangle.asp
Devaluation,Devaluation is the deliberate downward adjustment of the value of a country's money relative to another currency or standard. It is a monetary policy tool used by countries with afixed exchange rateor semi-fixed exchange rate.,https://www.investopedia.com/terms/d/devaluation.asp
Development Economics,"Development economics is a branch ofeconomicsthat focuses on improving fiscal, economic, and social conditions indeveloping countries. Development economics considers factors such as health, education, working conditions, domestic and international policies, and market conditions with a focus on improving conditions in the world's poorest countries.",https://www.investopedia.com/terms/d/development-economics.asp
Diamonds,Diamonds is an informal term for an index-basedexchange-traded fund (ETF)known as the SPDR Dow Jones Industrial Average ETF. The Diamonds ETF trades on theNYSE Arca exchangeunder the ticker symbol DIA. The ETF's objective is to provide returns that mirror the price and yield performance of the Dow Jones Industrial Average (DJIA).,https://www.investopedia.com/terms/d/diamonds.asp
Digital Marketing,"Digital marketing is the use of websites, apps, mobile devices,social media, search engines, and other digital means to promote and sell products and services.",https://www.investopedia.com/terms/d/digital-marketing.asp
Dilution,"Dilution occurs when a company issues new shares that result in a decrease in existing stockholders' ownership percentage of that company. Stock dilution can also occur when holders ofstock options, such as company employees, or holders of other optionable securitiesexercisetheir options. When the number of shares outstanding increases, each existing stockholder owns a smaller, or diluted, percentage of the company, making each share less valuable.",https://www.investopedia.com/terms/d/dilution.asp
Dim Sum Bond,"""Dim sum bond' is a slang term for bonds denominated inChinese renminbiand issued in Hong Kong. Dim sum bonds are attractive to foreign investors who desire exposure to renminbi-denominated assets, but are restricted by China's capital controls from investing in domestic Chinese debt.",https://www.investopedia.com/terms/d/dim-sum-bond.asp
Direct Marketing,Direct marketing is reaching out to individual consumers about buying products or services without using a third party.,https://www.investopedia.com/terms/d/direct-marketing.asp
Dirty Price,"A dirty price is a bond pricing quote, which refers to the cost of a bond that includesaccrued interestbased on thecoupon rate. Bond price quotes between coupon payment dates reflect the accrued interest up to the day of the quote.",https://www.investopedia.com/terms/d/dirtyprice.asp
Disinflation,Disinflation is a temporary slowing of the pace ofprice inflationand is used to describe instances when the inflation rate has reduced marginally over the short term.,https://www.investopedia.com/terms/d/disinflation.asp
Disinvestment,"Disinvestment is the action of an organization or government selling or liquidating an asset or subsidiary. Absent the sale of an asset, disinvestment also refers tocapital expenditure (CapEx)reductions, which can facilitate the reallocation of resources to more productive areas within an organization or government-funded project.",https://www.investopedia.com/terms/d/disinvestment.asp
Dispersion,"The field of statistics is used across every sector and industry to help people better understand, and predict, potential outcomes. In finance, investors often turn to statistics to gain a sense of how returns on certain assets, or groups of assets, could be distributed. This range of possible investment returns is called dispersion. In other words, dispersion refers to the range of potential outcomes of investments based on historical volatility or returns.",https://www.investopedia.com/terms/d/dispersion.asp
Disposition,"A disposition is the act of selling or otherwise ""disposing"" of an asset orsecurity. The most common form of a disposition would be selling a stock investment on the open market, such as a stock exchange.",https://www.investopedia.com/terms/d/disposition.asp
Dissenters' Rights,"Under various forms of state legislation, dissenting shareholders of a corporation are entitled to receive a cash payment for thefair valueof their shares, in the event of a share-for-sharemerger or acquisition(M&A) to which the shareholders do not consent. Dissenters' rights allow dissenting shareholders an easy way out of the company if they do not want to be a part of the merger.",https://www.investopedia.com/terms/d/dissenters-rights.asp
Distressed Securities,"Distressed securities arefinancial instrumentsissued by a company that is near to—or currently going through—bankruptcy. Distressed securities can include common and preferred shares, bank debt, trade claims, andcorporate bonds.",https://www.investopedia.com/terms/d/distressedsecurities.asp
Distribution,"The word ""distribution"" has several meanings in the financial world, most of them pertaining to the payment of assets from a fund, account, or individual security to an investor or beneficiary.",https://www.investopedia.com/terms/d/distribution.asp
Distribution Channel,"A distribution channel is the network of businesses or intermediaries through which a good or service passes until it reaches the final buyer (the end consumer). Distribution channels can includewholesalers,retailers, distributors, and the Internet.",https://www.investopedia.com/terms/d/distribution-channel.asp
Divestiture,"A divestiture is the partial or full disposal of a company or other entity's operations or assets through sale, exchange, closure, orbankruptcy. A divestiture most commonly results from a management decision to cease operating a business unit because it is not part of a company'score competency.",https://www.investopedia.com/terms/d/divestiture.asp
Divestment,"Divestment is the process of selling subsidiary assets, investments, or divisions of a company in order to maximize the value of the parent company. Also known asdivestiture, divestment is effectively the opposite of an investment and is usually done when that subsidiary asset or division is not performing up to expectations.",https://www.investopedia.com/terms/d/divestment.asp
Dividend Per Share (DPS),Dividend per share (DPS) is the sum of declared dividends issued by a company for every ordinary share outstanding.,https://www.investopedia.com/terms/d/dividend-per-share.asp
Dividend Rate,"The dividend rate is the totalexpected dividend paymentsfrom an investment, fund, or portfolio expressed on an annualized basis plus any additional non-recurring dividends that an investor may receive during that period. Depending on the company's preferences and strategy, the dividend rate can be fixed or adjustable.",https://www.investopedia.com/terms/d/dividendrate.asp
Dividend Recapitalization,"A dividend recapitalization (also known as adividend recap)happens when a company takes on new debt in order to pay aspecial dividendto private investors or shareholders. This usually involves a company owned by a private investment firm, which can authorize a dividend recapitalization as an alternative to the company declaring regular dividends, based on earnings.",https://www.investopedia.com/terms/d/dividendrecap.asp
Dividends Received Deduction (DRD),"The dividends received deduction (DRD) is a federal tax deduction in the United States that is given to certain corporations that getdividendsfrom related entities. The amount of the dividend that a company can deduct from its income tax is tied to how much ownership the company has in thedividend-paying company. However, there are criteria that corporations must meet in order to qualify for the dividends received deduction (DRD).",https://www.investopedia.com/terms/d/dividendreceiveddeduction.asp
Dividend Reinvestment Plan (DRIP),A dividend reinvestment plan (DRIP) is a program that allows investors to reinvest theircash dividendsinto additional shares orfractional sharesof the underlying stock on the dividend payment date.,https://www.investopedia.com/terms/d/dividendreinvestmentplan.asp
Dividend Yield,Dividend yield is a ratio that demonstrates a company's annual dividends relative to its shares' market price.,https://www.investopedia.com/terms/d/dividendyield.asp
Documentary Collection,"Documentary collection is a form oftrade financein which an exporter is paid for its goods by an importer after the two parties' banks exchange the required documents. The exporter's bank collects funds from the importer's bank in exchange for documents releasing title to the shipped merchandise, usually after the goods arrive at the importer's location.",https://www.investopedia.com/terms/d/documentary-collection.asp
Dollarization,"Dollarization occurs when the domestic currency of one country is substituted for another—usually the U.S. dollar. As such, dollarization is a form ofcurrency substitution. A country typically adopts dollarization when hyperinflation or economic instability causes its currency to lose its usefulness in theforeign exchange (FX) market. Some governments may adopt some form of dollarization as they try to develop their economies.",https://www.investopedia.com/terms/d/dollarization.asp
Domestic Corporation,"A domestic corporation is a company that conducts its affairs in its home country. A domestic business is often taxed differently than a non-domestic business and may be required to pay duties or fees on the products itimports. Typically, a domestic corporation can easily conduct business in other states or parts of the country where it has filed itsarticles of incorporation.",https://www.investopedia.com/terms/d/domestic-corporation.asp
Dotcom,"A dotcom, or dot-com, is a company that conducts business primarily through a website. A dotcom company embraces the internet as the key component in its business.",https://www.investopedia.com/terms/d/dotcom.asp
Double Bottom,Spot Major Potential Trend Reversals with Double Bottoms,https://www.investopedia.com/terms/d/doublebottom.asp
Double Exponential Moving Average (DEMA),"The double exponential moving average (DEMA) is atechnical indicatordevised to reduce the lag in the results produced by a traditional moving average. Technical traders use it to lessen the amount of ""noise"" that can distort the movements on a price chart.",https://www.investopedia.com/terms/d/double-exponential-moving-average.asp
Double Irish With A Dutch Sandwich,"The double Irish with a Dutch sandwich is a tax avoidance technique employed by certain large corporations, involving the use of a combination of Irish and Dutch subsidiary companies to shift profits to low or no-tax jurisdictions. The technique has made it possible for certain corporations to reduce their overall corporate tax rates dramatically.",https://www.investopedia.com/terms/d/double-irish-with-a-dutch-sandwich.asp
Double-Spending,"Double-spending is spending the same cryptocurrency or blockchain token more than once. Cryptocurrency is a token that represents value on a distributed ledger, so without proper mechanisms in place it, would be easy to change a ledger entry and give yourself back the amount you had spent.",https://www.investopedia.com/terms/d/doublespending.asp
Down Payment,"A down payment is a sum a buyer pays upfront when purchasing an expensive good such as a home or car. It represents a percentage of the total purchase price, and the balance is usually financed. A down payment can significantly reduce the amount the borrower owes to the lender, the amount of interest they will pay over the life of the loan, and monthly payment amounts.",https://www.investopedia.com/terms/d/down_payment.asp
Down Round,A down round refers to a private company offering additional shares for sale at a lower price than had been sold for in the previous financing round.,https://www.investopedia.com/terms/d/downround.asp
Downside Risk,"Downside risk is an estimation of asecurity'spotential loss in value if market conditions precipitate a decline in that security's price. Depending on the measure used, downside risk explains a worst-case scenario for an investment and indicates how much the investor stands to lose.Downside risk measuresare consideredone-sidedtests since the profit potential is not considered.",https://www.investopedia.com/terms/d/downsiderisk.asp
Drawdown,"A drawdown is the peak-to-troughdecline of an investment, trading account, or fund during a specific period. It can be used to measure an investment's historical risk, compare the performance of different funds, or monitor a portfolio's performance.",https://www.investopedia.com/terms/d/drawdown.asp
Due Diligence,"Due diligence is an investigation, audit, or review performed to confirm facts or details of a matter under consideration. In the financial world, due diligence requires an examination of financial records before entering into a proposed transaction with another party.",https://www.investopedia.com/terms/d/duediligence.asp
DuPont Analysis,The DuPont analysis divides net income by shareholders' equity to reveal how well a company uses the capital invested by shareholders.,https://www.investopedia.com/terms/d/dupontanalysis.asp
Dynasty Trust,"A dynasty trust is a long-term trust created to pass wealth from generation to generation without incurring federal transfer taxes such as the gift tax, estate tax, orgeneration-skipping transfer tax (GSTT)for as long as assets remain in the trust.",https://www.investopedia.com/terms/d/dynasty-trust.asp
Early Adopter,"The term ""early adopter"" refers to an individual or business who uses a new product,innovation, or technology before others. An early adopter is likely to pay more for the product than later adopters but accepts thispremiumif using the product improves efficiency, reduces cost, increasesmarket penetration, or raises the early adopter's social status.",https://www.investopedia.com/terms/e/early-adopter.asp
Earned Income,"Earned income is money received as payment for work, including wages, salaries, bonuses, commissions, tips, and net earnings from self-employment. For tax purposes, it can also include long-term disability payments, union strike benefits, and, in some cases, payments from certain deferred retirement compensation arrangements.",https://www.investopedia.com/terms/e/earnedincome.asp
Earnest Money,"Earnest money is a deposit made to a seller that represents a buyer's good faith to make a purchase such as the acquisition of a new home. In many ways, earnest money can be considered a deposit on a home, an escrow deposit, orgood faith money.",https://www.investopedia.com/terms/e/earnest-money.asp
Earnings Before Interest and Taxes (EBIT),Earnings before interest and taxes (EBIT) is a company’s operating profit without interest expenses and income taxes.,https://www.investopedia.com/terms/e/ebit.asp
Earnings Call,"An earnings call is a conference call between the management of apublic company, analysts, investors, and the media to discuss the company’s financial results during a given reporting period, such as a quarter or a fiscal year. An earnings call is usually preceded by an earnings report, which contains summary information onfinancial performancefor the period.",https://www.investopedia.com/terms/e/earnings-call.asp
Earnings Estimate,"An earnings estimate is an analyst's estimate for a company's future quarterly or annualearnings per share(EPS). Future earnings estimates are arguably the most important input when attempting to value a firm. By placing estimates on the earnings of a firm for certain periods (quarterly, annually, etc.), analysts can then use cash flow analysis to approximatefair valuefor a company, which in turn will give a target share price.",https://www.investopedia.com/terms/e/earningsestimate.asp
Earnings Per Share (EPS),"Earnings per share (EPS) is a commonly used measure of a company's profitability. It indicates how much profit each outstanding share of common stock has earned. Generally speaking, the higher a company's EPS, the more profitable it is considered to be.",https://www.investopedia.com/terms/e/eps.asp
Earnings Yield,The earnings yield refers to theearnings per sharefor the most recent 12-month period divided by the current market price per share. The earnings yield (the inverse of theP/E ratio) shows the percentage of a company's earnings per share. Earnings yield is used by many investment managers to determine optimalasset allocationsand is used by investors to determine which assets seem underpriced or overpriced.,https://www.investopedia.com/terms/e/earningsyield.asp
Eavesdropping Attack,"An eavesdropping attack, also known as a sniffing or snooping attack, is a theft of information as it is transmitted over a network by a computer,smartphone, or another connected device.",https://www.investopedia.com/terms/e/eavesdropping-attack.asp
EBITDA Margin,"The acronymEBITDAstands for earnings before interest, taxes, depreciation, and amortization. The EBITDA margin is a measure of a company’soperating profitas a percentage of its revenue.",https://www.investopedia.com/terms/e/ebitda-margin.asp
Economic Capital,"Economic capital is a measure of risk in terms of capital. More specifically, it's the amount of capital that a company (usually in financial services) needs to ensure that it stays solvent given its risk profile.",https://www.investopedia.com/terms/e/economic-capital.asp
Economic Collapse,"An economic collapse is a breakdown of a national, regional, or territorial economy that typically follows a time of crisis. An economic collapse occurs at the onset of a severe version of an economiccontraction,depression, orrecessionand can last any number of years depending on the severity of the circumstances. An economic collapse can happen rapidly due to an unexpected event, or it may be preceded by several events or signs pointing to fragility in the economy.",https://www.investopedia.com/terms/e/economic-collapse.asp
Economic Depreciation,"Economic depreciation is a measure of the decrease in themarket valueof an asset over time from influential economic factors. This form ofdepreciationusually pertains toreal estate, which can lose value for several reasons such as the addition of unfavorable construction in close proximity to a property, road closures, a decline in the quality of a neighborhood, or other negative influences.",https://www.investopedia.com/terms/e/economicdepreciation.asp
Economic Equilibrium,"Economic equilibrium is a condition or state in which economic forces are balanced. When there is economic equilibrium, all economic variables likesupply and demandremain unchanged provided there are no influencing external factors. This means these variables are all in their natural state. Economic equilibrium is the combination of economic variables (usually price and quantity) toward which normal economic processes drive the economy.",https://www.investopedia.com/terms/e/economic-equilibrium.asp
Economic Exposure,"Economic exposure is a type of foreign exchange exposure caused by the effect of unexpectedcurrency fluctuationson a company’s future cash flows, foreign investments, and earnings. Economic exposure, also known as operating exposure, can have a substantial impact on a company’s market value since it has far-reaching effects and is long-term in nature. Companies canhedgeagainst unexpected currency fluctuations by investing inforeign exchange (FX) trading.",https://www.investopedia.com/terms/e/economicexposure.asp
Economic Forecasting,Economic forecasting is the process of attempting to predict future conditions of theeconomyusing a combination ofindicators.,https://www.investopedia.com/terms/e/economic-forecasting.asp
Economic Growth Rate,"An economic growth rate is the percentage change in the value of all of the goods and services produced in a nation during a specific period of time, as compared to an earlier period. The economic growth rate is used to measure the comparative health of an economy over time. The numbers are usually compiled and reported quarterly and annually.",https://www.investopedia.com/terms/e/economicgrowthrate.asp
Economic Indicator,"An economic indicator is a piece of economic data, usually ofmacroeconomicscale, that is used by analysts to interpret current or future investment possibilities. These indicators also help to judge the overall health of an economy. While there are many different economic indicators, specific pieces of data released by the government and non-profit organizations have become widely followed. Such indicators include but aren't limited to theConsumer Price Index (CPI),gross domestic product(GDP), or unemployment figures.",https://www.investopedia.com/terms/e/economic_indicator.asp
Economic Order Quantity (EOQ),"Economic order quantity (EOQ) is the ideal quantity of units a company should purchase to meet demand while minimizinginventorycosts such as holding costs, shortage costs, and order costs. This production-scheduling model was developed in 1913 by Ford W. Harris and has been refined over time. The economic order quantity formula assumes that demand, ordering, and holding costs all remain constant.",https://www.investopedia.com/terms/e/economicorderquantity.asp
Economic Shock,"An economic shock refers to any change to fundamentalmacroeconomicvariables or relationships that has a substantial effect on macroeconomic outcomes and measures of economic performance, such as unemployment, consumption, andinflation. Shocks are often unpredictable and are usually the result of events thought to be beyond the scope of normal economic transactions.",https://www.investopedia.com/terms/e/economic-shock.asp
Economies of Scale,Economies of scale are cost advantages realized by companies when production becomes more efficient.,https://www.investopedia.com/terms/e/economiesofscale.asp
Economy,"An economy is a complex system of interrelated production, consumption, and exchange activities, which ultimately determine how resources are allocated among participants. The production, consumption, and distribution of goods and services combine to fulfill the needs of those living and operating within the economy.",https://www.investopedia.com/terms/e/economy.asp
Effective Gross Income (EGI),Effective gross income (EGI) is the Potential Gross Rental Income plus other income minus vacancy and credit costs of a rental property.,https://www.investopedia.com/terms/e/effective-gross-income-egi.asp
Elastic,"Elasticity is a term used in economics to describe responsiveness in one variable to changes in another. Typically, elasticity is used to describe how much demand for a product changes as its price increases or decreases. This is also known asdemand elasticity.",https://www.investopedia.com/terms/e/elastic.asp
Electronic Money,"Electronic money is the currency that exists in banking computer systems that may be used to facilitateelectronic transactions. Although its value is backed by fiat currency and may be exchanged into a physical, tangible form, electronic money is primarily used for electronic transactions.",https://www.investopedia.com/terms/e/electronic-money.asp
Electronic Payments Network (EPN),"The term Electronic Payments Network (EPN) refers to a financialclearinghousethat handles a variety of electronic funds transfers for the private sector. It is one of theautomated clearinghouses(ACHs) in the United States, along with the Reserve Banks. Funds are transferred using the EPN between accounts at the same or differentfinancial institutions. Examples of transfers under the EPN include deposits for payroll, Social Security benefits, and tax refunds, as well as debit transfers like loan payments andinsurance premiums.",https://www.investopedia.com/terms/e/epn.asp
Elevator Pitch,"Elevator pitch is a slang term used to describe a brief speech that outlines an idea for a product, service, or project. The name comes from the notion that the speech should be delivered in the short time period of an elevator ride. A good rule of thumb is that an elevator pitch should be approximately 30 seconds long, with a maximum of 60 seconds.",https://www.investopedia.com/terms/e/elevatorpitch.asp
Elliott Wave Theory,"The Elliott Wave Theory intechnical analysisdescribes price movements in the financial market. Developed by Ralph Nelson Elliott, it observes recurring fractal wave patterns identified in stock price movements and consumer behavior. Investors who profit from amarket trendare described as riding a wave.",https://www.investopedia.com/terms/e/elliottwavetheory.asp
Emerging Industry,An emerging industry is a group of companies in a line of business formed around a new product or idea that is in the earlystages of development. An emerging industry typically consists of just a few companies and is often centered around new technology. Emerging industries frequently come into existence when one technology begins to eclipse and replace an older technology.,https://www.investopedia.com/terms/e/emergingindustry.asp
Emigration,"Emigration is the relocation or process of people leaving one country to reside in another. People emigrate for many reasons, include increasing one's chance of employment or improvingquality of life. Emigration affects the economies of the countries involved in both positive and negative ways, depending on the current state of the countries' economies.",https://www.investopedia.com/terms/e/emigration.asp
Employee Stock Option (ESO),"An employee stock option (ESO) is a type of equity compensation granted by companies to their employees and executives. Rather than granting shares of stock directly, the company gives options on the stock instead.",https://www.investopedia.com/terms/e/eso.asp
Employee Stock Ownership Plan (ESOP),An employee stock ownership plan (ESOP) is an employee benefit plan that gives workers ownership interest in the company in the form of shares of stock.,https://www.investopedia.com/terms/e/esop.asp
Employment-to-Population Ratio,"The employment-to-population ratio, also known as the “employment-population ratio,” is amacroeconomicstatistic that measures the civilian labor force currently employed against the totalworking-age populationof a region, municipality, or country. It is viewed as a broad metric of labor unemployment.",https://www.investopedia.com/terms/e/employment_to_population_ratio.asp
Encroachment,"In real estate, encroachment means one property owner is violating the rights of another by building on or extending a structure to the neighbor's land or property intentionally or otherwise. Encroachment can be a problem along disputed property lines.",https://www.investopedia.com/terms/e/encroachment.asp
End-to-End,"End-to-end describes a process that takes a system or service from beginning to end and delivers a complete functional solution, usually without needing to obtain anything from a third party. It often refers tovendorsthat can see a project through from beginning to end, and supply everything needed to create a workable solution—be it hardware, software, labor, written materials, and procedures.",https://www.investopedia.com/terms/e/end-to-end.asp
Endogenous Growth Theory,"Endogenous growth theory is an economic theory which argues thateconomic growthis generated from within a system as a direct result of internal processes. More specifically, the theory notes that the enhancement of a nation'shuman capitalwill lead to economic growth by means of the development of new forms of technology and efficient and effective means ofproduction.",https://www.investopedia.com/terms/e/endogenousgrowththeory.asp
Energy Risk Professional (ERP),"Energy Risk Professional (ERP) is a professional designation awarded by the Global Association of Risk Professionals (GARP) to individuals who work in theoil, coal, natural gas, andalternative energyindustries. As of 2021, the designation will no longer be offered.",https://www.investopedia.com/terms/e/energy-risk-professional.asp
Enhanced Oil Recovery (EOR),"Enhanced oil recovery (EOR), also known as “tertiary recovery,” is a process forextracting oilthat has not already been retrieved through theprimaryor secondary oil recovery techniques.",https://www.investopedia.com/terms/e/enhanced-oil-recovery.asp
Enterprise Resource Planning (ERP),Enterprise resource planning (ERP) is a platform companies use to manage and integrate the essential parts of their businesses. Many ERP software applications are critical to companies because they help them implement resource planning by integrating all the processes needed to run their companies with a single system.,https://www.investopedia.com/terms/e/erp.asp
Enterprise Value (EV),"Enterprise value (EV) measures a company’s total value. Its calculation includes not only the market capitalization of a company but also short-term and long-term debt, as well as any cash or cash equivalents on the company’s balance sheet. It is often used as a more comprehensive alternative tomarket capitalizationwhen valuing a company.",https://www.investopedia.com/terms/e/enterprisevalue.asp
Entrepreneur,Learn about the challenges facing entrepreneurs as they start new businesses,https://www.investopedia.com/terms/e/entrepreneur.asp
Equal Employment Opportunity Commission (EEOC),"The U.S. Equal Employment Opportunity Commission (EEOC) is the agency responsible for enforcing federal laws regarding discrimination or harassment against a job applicant or an employee in the United States. The EEOC was formed by Congress to enforce Title VII of theCivil Rights Act of 1964, opening its door for business on July 2, 1965.It is headquartered in Washington, D.C., and as of 2021, it maintains 37 other field offices throughout the United States in 15 districts.",https://www.investopedia.com/terms/e/equal-employment-opportunity-commission-eeoc.asp
Equation of Exchange,"The equation of exchange is an economic identity that shows the relationship between the money supply, thevelocity of money, theprice level, and an index of expenditures. It says that the total amount of money that changes hands in the economy will always equal the total money value of the goods and services that change hands in the economy.",https://www.investopedia.com/terms/e/equation_of_exchange.asp
Equilibrium Quantity,"Equilibrium quantity is when there is noshortageor surplus of a product in the market. Supply and demand intersect, meaning the amount of an item that consumers want to buy is equal to the amount being supplied by its producers. In other words, the market has reached a perfect state of balance as prices stabilize to suit all parties.",https://www.investopedia.com/terms/e/equilibrium-quantity.asp
Equitable Relief,Equitable relief is a court-granted remedy that requires a party to act or refrain from performing a particular act in cases where legal remedies are not considered to provide sufficient restitution.,https://www.investopedia.com/terms/e/equitable-relief.asp
Equity Financing,"Equity financing is the process of raising capital through the sale of shares. Both private and public companies raise money for short-term needs to pay bills or long-term projects by selling ownership of their company in return for cash.Equityfinancing can come from friends and family, professional investors, or aninitial public offering (IPO).",https://www.investopedia.com/terms/e/equityfinancing.asp
Equity Multiplier,The equity multiplier is found by dividing a company's total assets by total shareholder equity.,https://www.investopedia.com/terms/e/equitymultiplier.asp
Equity Premium Puzzle (EPP),"The equity premium puzzle (EPP) refers to the excessively high historical outperformance ofstocksoverTreasury bills, which is difficult to explain. Theequity risk premium, which is usually defined as equity returns minus the return of Treasury bills, is estimated to be between 5% and 8% in the United States. The premium is supposed to reflect the relative risk of stocks compared to ""risk-free"" government securities. However, the puzzle arises because this unexpectedly large percentage implies an unreasonably high level of risk aversion among investors.",https://www.investopedia.com/terms/e/epp.asp
Equivalent Annual Cost (EAC),"Equivalent annual cost (EAC) is the annual cost of owning, operating, and maintaining an asset over its entire life. Firms often use EAC for capital budgeting decisions, as it allows a company to compare the cost-effectiveness of various assets with unequal lifespans in a process known as thereplacement chain method.",https://www.investopedia.com/terms/e/eac.asp
Erosion,"Erosion can include any negative impact on a company’s associated assets or funds. Erosion can be experienced with regard to profits, sales, or tangible assets, such as manufacturing equipment. Erosion is often considered a general risk factor within an organization’s cash management system, as the losses may be slow and occurring over time.",https://www.investopedia.com/terms/e/erosion.asp
Escrow Agreement,"An escrow agreement is a contract that outlines the terms and conditions between parties involved, and the responsibility of each. Escrow agreements generallyinvolve an independent third party, called anescrow agent, who holds an asset of value until the specified conditions of the contract are met. However, they should fully outline the conditions for all parties involved.",https://www.investopedia.com/terms/e/escrowagreement.asp
Escrowed Shares,"Escrowed shares are shares held in anescrowaccount, secured by a third party, pending the completion of a corporate action or an elapse of time leading up to an event. Shares are escrowed in three common cases:",https://www.investopedia.com/terms/e/escrowedshares.asp
Esoteric Debt,"Esoteric debt refers to debt instruments as well as other investments (called esoteric assets) that are structured in a way that few people fully understand. Esoteric debt is complex and can be a product ofsecuritization, or simply arise through a complex financing arrangement. As such, the pricing of these securities can be contested or seem to be known to relatively few market participants. Moreover, the structure of these instruments may lead to deceptively attractive risk/return profiles over other investments when the instruments function properly, but can also lead toilliquidityand pricing problems when markets are disrupted.",https://www.investopedia.com/terms/e/esoteric-debt.asp
Estimated Ultimate Recovery (EUR),Estimated ultimate recovery (EUR) is a production term commonly used in the oil and gas industry. Estimated ultimate recovery is an approximation of the quantity of oil or gas that is potentially recoverable or has already been recovered from a reserve or well.,https://www.investopedia.com/terms/e/estimated-ultimate-recovery.asp
Eurocurrency,"Eurocurrency is currency held on deposit by governments or corporations operating outside of their home market. For example, a deposit ofU.S. dollars (USD)held in a British bank would be considered eurocurrency, as would a deposit ofBritish Pounds (GBP)made in the United States.",https://www.investopedia.com/terms/e/eurocurrency.asp
European Community (EC),"The European Community (EC) was an economic association formed by six European member countries in 1957, consisting of three communities that eventually were replaced by theEuropean Union (EU)in 1993. The European Community dealt with policies and governing, in a communal fashion, across all member states.",https://www.investopedia.com/terms/e/european-community.asp
European Monetary System (EMS),"The European Monetary System (EMS) was an adjustable exchange rate arrangement set up in 1979 to foster closer monetary policy cooperation between members of theEuropean Community(EC). The European Monetary System (EMS) was later succeeded by theEuropean Economic and Monetary Union(EMU), which established a common currency, theeuro.",https://www.investopedia.com/terms/e/ems.asp
EV/2P Ratio,"The EV/2P ratio is a ratio used to value oil and gas companies. It consists of theenterprise value(EV) divided by the proven and probable (2P) reserves. The enterprise value reflects the company's total value. Proven and probable (2P) refers to energy reserves, such as oil, that are likely to be recovered.",https://www.investopedia.com/terms/e/ev-2p-ratio.asp
Evening Star,"An evening star is a stock price chart pattern that's used bytechnical analyststo detect when a trend is about to reverse. It's a bearishcandlestick patternthat consists of three candles: a large white candlestick, a small-bodied candle, and a red candle.",https://www.investopedia.com/terms/e/eveningstar.asp
Ex-Post,Ex-post is another word foractual returnsand is Latin for “after the fact.”,https://www.investopedia.com/terms/e/expost.asp
Ex Works (EXW),"Ex Works (EXW) is a term used in international trade. It describes an arrangement in which a seller makes a product available at a designated location, and the buyer of the product must cover the transport costs.",https://www.investopedia.com/terms/e/exw.asp
Excess Reserves,"Excess reserves are capital reserves held by a bank or financial institution above amounts required by regulators, creditors, or internal controls. For commercial banks, excess reserves are measured against standard reserve requirement ratios set by central banking authorities. These required reserve ratios set the minimum liquid deposits (such as cash) that must be in reserve at a bank; more is considered excess.",https://www.investopedia.com/terms/e/excess_reserves.asp
Excess Return,Excess returns are returns achieved above and beyond the return of a proxy. Excess returns will depend on a designatedinvestment returncomparison for analysis. Some of the most basic return comparisons include a riskless rate and benchmarks with similar levels of risk to the investment being analyzed.,https://www.investopedia.com/terms/e/excessreturn.asp
Exchange of Futures for Physical (EFP),"Exchange of futures for physical (EFP) is a private agreement between two parties to trade a futures position for the basket of underlyingactuals. An exchange of futures for physicals can be used to open a futures position, close a futures position, or switch a futures position for the underlying asset.",https://www.investopedia.com/terms/e/exchangeoffuturesforcash.asp
Exculpatory Clause,An exculpatory clause is a contract provision that relieves one party ofliabilityif damages are caused during the execution of the contract. The party that issues the exculpatory clause is typically the one seeking to be relieved of the potential liability.,https://www.investopedia.com/terms/e/exculpatory-clause.asp
Exempt-Interest Dividend,An exempt-interest dividend is a distribution to investors from a mutual fund that is not subject to federal income tax. Exempt interest dividends most often are paid by mutual funds that invest in municipal bonds.,https://www.investopedia.com/terms/e/exempt-interest-dividend.asp
Exempt Transaction,"An exempt transaction is a type of securities transaction where a business does not need to file registrations with any regulatory bodies, provided the number of securities involved is relatively minor compared to the scope of the issuer's operations and that no new securities are being issued.",https://www.investopedia.com/terms/e/exempttransaction.asp
Exemption,"An exemption reduces the amount of income that is subject to income tax. There are a variety of exemptions allowed by theInternal Revenue Service (IRS). Previously, the two most common types were personal and dependent exemptions. But with the changes brought about by the 2017 Tax Cuts and Jobs Act (TCJA), the personal exemptionhas disappeared until the end of 2025.Dependent exemptions, along with other types, continue to exist.",https://www.investopedia.com/terms/e/exemption.asp
Exercise,"Exercise means to put into effect the right to buy or sell the underlying financial instrument specified in anoptions contract. In options trading, the holder of an option has the right, but not the obligation, to buy or sell the option'sunderlying securityat a specified price on or before a specified date in the future.",https://www.investopedia.com/terms/e/exercise.asp
Exogenous Growth,"Exogenous growth, a key tenet ofneoclassicaleconomic theory, states that economic growth is fueled by technological progress independent of economic forces.",https://www.investopedia.com/terms/e/exogenous-growth.asp
Expectations Theory,"Expectations theory attempts to predict what short-terminterest rateswill be in the future based on current long-term interest rates. The theory suggests that an investor earns the same interest by investing in two consecutive one-year bond investments versus investing in one two-year bond today. The theory is also known as the ""unbiased expectations theory.""",https://www.investopedia.com/terms/e/expectationstheory.asp
Expected Return,"The expected return is the profit or loss that an investor anticipates on an investment based on historicalrates of return (RoR). The expected return is not guaranteed, but historical data sets reasonable expectations. Therefore, the expected return figure can be considered a long-term weighted average ofhistorical returns.",https://www.investopedia.com/terms/e/expectedreturn.asp
Expense,An expense is a cost that a company incurs to generate revenue.,https://www.investopedia.com/terms/e/expense.asp
Explicit Cost,"Explicit costs are normal business costs that appear in a company’sgeneral ledgerand directly affect its profitability. They have clearly defined dollar amounts that flow through to theincome statement. Examples of explicit costs include wages, lease payments, utilities, raw materials, and other direct costs.",https://www.investopedia.com/terms/e/explicitcost.asp
Exponential Moving Average (EMA),"An exponential moving average (EMA) is a type ofmoving average (MA)that places a greater weight and significance on the most recent data points.The exponential moving average is also referred to as the exponentiallyweightedmoving average. An exponentially weighted moving average reacts more significantly to recent price changes than a simple moving averagesimple moving average (SMA), which applies an equal weight to all observations in the period.",https://www.investopedia.com/terms/e/ema.asp
Export Credit Agency,"An export credit agency offerstrade financeand other services to facilitate domestic companies' international exports. Most countries have ECAs that provide loans,loan guarantees, and insurance to eliminate the uncertainty of exporting to other countries.",https://www.investopedia.com/terms/e/export-credit-agency.asp
Express Warranty,"An express warranty is an agreement by asellerto provide repairs or a replacement for a faulty product, component, or service within a specified time period after it was purchased. Buyers rely on these promises or guarantees and sometimes purchase items because of them.",https://www.investopedia.com/terms/e/express-warranty.asp
Expropriation,"Expropriation is the act of a government claimingprivately ownedproperty against the wishes of the owners, ostensibly to be used for the benefit of the overall public. In the United States, properties are most often expropriated in order to build highways, railroads, airports, or other infrastructure projects. The property owner must be paid for the seizure since the Fifth Amendment to the Constitution states that private property cannot be expropriated ""for public use withoutjust compensation.""",https://www.investopedia.com/terms/e/expropriation.asp
Extrinsic Value,"Extrinsic value measures the difference between the market price of an option, called thepremium, and itsintrinsic value. Extrinsic value is also the portion of the worth that has been assigned to an option by factors other than the underlying asset's price. The opposite of extrinsic value is intrinsic value, which is the inherent worth of an option.",https://www.investopedia.com/terms/e/extrinsicvalue.asp
1913 Federal Reserve Act,"The 1913 Federal Reserve Act is the legislation that created theFederal Reserve Systemin the United States. The law was passed after years of economic turmoil in the country. Congress passed the Federal Reserve Act to establish economic stability in the U.S. by introducing acentral bankto oversee monetary policy. Passed by President Woodrow Wilson, the law also established the Fed's dual mandate for jobs and price stability.",https://www.investopedia.com/terms/f/1913-federal-reserve-act.asp
Face Value,Face value is a financial term used to describe the nominal or dollar value of a security as stated by its issuer.,https://www.investopedia.com/terms/f/facevalue.asp
Factor,"A factor is an intermediary agent that provides cash or financing to companies by purchasing theiraccounts receivables. In short, a factor is a funding source; the factor agrees to pay the company the value of an invoice—less a discount for commission and fees.",https://www.investopedia.com/terms/f/factor.asp
Factor Market,"""Factor market"" is a term economists use for all of the resources that businesses use to purchase, rent, or hire what they need in order to produce goods or services. Those needs are the factors of production, which include raw materials, land, labor, and capital.",https://www.investopedia.com/terms/f/factor-market.asp
Factors of Production,"The factors of production are land, labor, entrepreneurship, and capital. These inputs are needed for the creation of goods and services. Those who control the factors of production often enjoy the greatest wealth in a society. In capitalism, the factors of production are most often controlled by business owners and investors. In socialist systems, the government exerts greater control over the factors of production.",https://www.investopedia.com/terms/f/factors-production.asp
FactSet,"FactSet Research Systems provides computer-based financial data and analysis for financial professionals, including investment managers, hedge funds, and investment bankers. It consolidates data on global markets, public andprivate companies, and equity and fixed-income portfolios.",https://www.investopedia.com/terms/f/factset.asp
Fair Debt Collection Practices Act (FDCPA),The Fair Debt Collection Practices Act (FDCPA) is a federal law that limits the actions of third-party debt collectors who are attempting to collectdebtson behalf of another person or entity.,https://www.investopedia.com/terms/f/fair-debt-collection-practices-act-fdcpa.asp
Fair Value,Fair value is a measure of a product or asset's current market value and a reflection of the price at which an asset is bought or sold when a buyer and a seller freely agree.,https://www.investopedia.com/terms/f/fairvalue.asp
Falling Knife,"Falling knife is a colloquial term for a rapid drop in the price or value of a security. The term is commonly used in phrases like, ""Don't try to catch a falling knife."" It can be translated to mean, ""Wait for the price to bottom out before buying it.""",https://www.investopedia.com/terms/f/fallingknife.asp
Family and Medical Leave Act (FMLA),"The Family and Medical Leave Act (FMLA) is a labor law requiring employers of a certain size to provide employees with unpaid time off for serious family health issues or situations. Qualified reasons may include adoption, pregnancy, foster care placement, family or personal illness, or military leave. It also provides for the continuation ofinsurancecoverage and job protection while the employee is on leave. The FMLA is intended to provide families with the time and resources to deal with family emergencies, while also guiding employers.",https://www.investopedia.com/terms/f/family-and-medical-leave-act.asp
Family Limited Partnership (FLP),A family limited partnership (FLP) is an arrangement by which family members pool money to run a business venture. Each family member buys units or shares of the business.,https://www.investopedia.com/terms/f/familylimitedpartnership.asp
Farmers Home Administration (FmHA),"The Farmers Home Administration (FmHA) is a former U.S. Department of Agriculture (USDA) agency created to finance and insure loans for rural families and farmers. The FmHA provided credit and technical assistance through housing, utility, business, and community development programs.",https://www.investopedia.com/terms/f/farmers-home-administration-fmha.asp
FDIC Insured Account,"An FDIC insured account is a bank orthriftaccount covered by theFederal Deposit Insurance Corporation(FDIC), an independent federal agency responsible for safeguarding customer deposits in the event of bank failures. The maximum insurableamount in a qualified account is $250,000 per depositor, per FDIC-insured bank and per ownership category.",https://www.investopedia.com/terms/f/fdic-insured-account.asp
Fed Balance Sheet,"The Fed balance sheet is a statement listing theassetsand liabilities of theFederal Reserve System. Details of the Fed's balance sheet are disclosed by the Fed in a weekly report called ""Factors Affecting Reserve Balances.""",https://www.investopedia.com/terms/f/fed-balance-sheet.asp
Federal Funds,"Federal funds, often referred to as fed funds, are excess reserves thatcommercial banksand other financial institutions deposit at regionalFederal Reserve banks; these funds can be lent, then, to other market participants with insufficient cash on hand to meet their lending and reserve needs. The loans are unsecured and are made at a relatively low interest rate, called the federal funds rate or overnight rate, as that is the period for which most such loans are made.",https://www.investopedia.com/terms/f/federalfunds.asp
Feasibility Study,A feasibility study is an assessment of the practicality of a proposed plan or project. It analyzes the viability of a project to determine whether the project or venture is likely to succeed. The study is also designed to identify potential issues and problems that could arise while pursuing the project.,https://www.investopedia.com/terms/f/feasibility-study.asp
Fee,"A fee is a fixed price charged for a specific service. Fees are applied in a variety of ways and appear as costs, charges, commissions, and penalties. Fees are most commonly found in heavily transactional services and are paid in lieu of a wage or salary.",https://www.investopedia.com/terms/f/fee.asp
Financial Account,"In macroeconomics, a financial account is a component of a country'sbalance of paymentsthat covers claims on or liabilities to nonresidents, specifically concerning financial assets. Financial account components include direct investment, portfolio investment, andreserve assetsbroken down by sector.",https://www.investopedia.com/terms/f/financial-account.asp
Financial Accounting,"Financial accounting is a specific branch of accounting involving a process of recording, summarizing, and reporting the myriad of transactions resulting from business operations over a period of time.",https://www.investopedia.com/terms/f/financialaccounting.asp
Financial Analysis,"Financial analysis works with a company’s financials to determine its health, performance, and potential. This data, which comes from financial statements and other reports, is used by investors and companies to make strategic decisions. For outsiders, that could be deciding whether to buy shares in the company. For management, it could mean establishing how to run the business better and set goals.",https://www.investopedia.com/terms/f/financial-analysis.asp
Financial Asset,"A financial asset is aliquid assetthat gets its value from a contractual right or ownership claim. Cash, stocks, bonds, mutual funds, and bank deposits are all are examples of financial assets. Unlike land, property, commodities, or other tangible physical assets, financial assets do not necessarily have inherent physical worth or even a physical form. Rather, their value reflects factors of supply and demand in the marketplace in which they trade, as well as the degree of risk they carry.",https://www.investopedia.com/terms/f/financialasset.asp
Financial Engineering,"Financial engineering is an area of the financial sector that utilizes computer science, statistics, economics, and applied mathematics to solve quantitative financial problems. Financial engineering is used to analyze the financial markets, address current financial issues, and devise new and innovative financial products.",https://www.investopedia.com/terms/f/financialengineering.asp
Financial Performance,Financial performance is a subjective measure of how well a firm can use assets from its primary mode of business and generaterevenues. The term is also used as a general measure of a firm's overall financial health over a given period.,https://www.investopedia.com/terms/f/financialperformance.asp
Financial Planner,A financial planner helps people manage their money and achieve their long-term financial goals.,https://www.investopedia.com/terms/f/financialplanner.asp
Financial Structure,Financial structure refers to the mix of debt andequitythat a company uses to finance its operations. This composition directly affects the risk and value of the associated business. The financial managers of the business have the responsibility of deciding the best mixture of debt and equity for optimizing the financial structure.,https://www.investopedia.com/terms/f/financial-structure.asp
First Notice of Loss (FNOL),"The first notice of loss (FNOL) is the first report you make to an insurance provider following the loss to an asset covered by an insurance policy. Also called the first notification of loss, the FNOL is normally the initial step in the claims process. If you never have a claim, you will never file a first notice of loss.",https://www.investopedia.com/terms/f/first-notice-loss-fnol.asp
Fisher Transform Indicator,"The Fisher Transform Indicator is atechnical indicatorthat converts prices into a Gaussiannormal distribution. It highlights when prices have moved to an extreme, based on recent prices. This may help in spotting turning points in the price of an asset. It also helps show the trend and isolate the price waves within a trend. The Fisher Transform Indicator was created by John F. Ehlers.",https://www.investopedia.com/terms/f/fisher-transform.asp
Fixed Annuity,A fixed annuity is a type of insurance contract that promises to pay the buyer a guaranteed interest rate on their contributions to the account. A variable annuity pays interest that fluctuates based on the performance of an investment portfolio chosen by the account's owner.,https://www.investopedia.com/terms/f/fixedannuity.asp
Fixed Asset,"A fixed asset is a long-term tangible property or equipment a company uses to operate its business. Fixed assets include buildings, computer equipment, software, furniture, land, machinery, and vehicles. Companies can depreciate the value of these assets to account for wear and tear. Fixed assets commonly appear on a company balance sheet asproperty, plant, and equipment(PP&E).",https://www.investopedia.com/terms/f/fixedasset.asp
Fixed Exchange Rate,A fixed exchange rate is a regime applied by a government orcentral bankthat ties the country's officialcurrency exchange rateto another country's currency or the price of gold. The purpose of a fixed exchange rate system is to keep a currency's value within a narrow band.,https://www.investopedia.com/terms/f/fixedexchangerate.asp
Fixed Income,"Fixed income refers to those types of investment securities that pay investors fixed interest or dividend payments until they mature. At maturity, investors are repaid the principal amount that they originally invested. Government and corporate bonds are the most common types of fixed-income products.",https://www.investopedia.com/terms/f/fixedincome.asp
Flat,"Flat, in the securities market, is a price that is neither rising nor declining. Underfixed incometerminology, a bond that is trading withoutaccrued interestis said to be flat. Inforex, flat refers to the condition of being neither long nor short in a particular currency, and is also referred to as ""being square.""",https://www.investopedia.com/terms/f/flat.asp
Float,"In financial terms, the float is money within the banking system that is briefly counted twice due to time gaps in registering adepositorwithdrawal. These time gaps are usually due to the delay in processing paper checks.",https://www.investopedia.com/terms/f/float.asp
Floating Charge,"A floating charge, also known as a floating lien, is a security interest orlienover a group of non-constant assets that may change in quantity and value.",https://www.investopedia.com/terms/f/floating_charge.asp
Floating Exchange Rate,A floating exchange rate is an exchange rate system where a currency's value is based on supply and demand in the foreign exchange market.,https://www.investopedia.com/terms/f/floatingexchangerate.asp
Floating Rate Fund,"A floating rate fund is a fund that invests in financial instruments that pays a variable orfloating interest rate. A floating rate fund, which can be a mutual fund or an exchange-traded fund (ETF), invests inbondsand debt instruments whose interest payments fluctuate with an underlying interest rate level. Typically, a fixed-rate investment will have a stable, predictable income. However, as interest rates rise,fixed-rate investmentslag behind the market since their returns remain fixed.",https://www.investopedia.com/terms/f/floating-rate-fund.asp
Folio Number,"Inmutual funds, a folio number is a unique number identifying your account with the fund. Like a bank account number, the folio number can be used as a way to uniquely identify fund investors. A folio number also records items such as how much money each investor has placed with the fund, their transaction history, and contact details.",https://www.investopedia.com/terms/f/folio-number.asp
Follow-On Offering,"A follow-on offering (FPO) is an issuance of stock shares following a company'sinitial public offering(IPO). There are two types of follow-on offerings: diluted and non-diluted. A diluted follow-on offering results in the company issuing new shares after the IPO, which causes the lowering of a company'searnings per share(EPS).",https://www.investopedia.com/terms/f/followonoffering.asp
Footnotes to the Financial Statements,"Footnotes to the financial statements refer to additional information that helps explain how a company arrived at its financial statement figures. They also help to explain any irregularities or perceived inconsistencies in year to year account methodologies. It functions as a supplement, providing clarity to those who require it without having the information placed in the body of the statement. Nevertheless, the information included in the footnotes is often important, and it may reveal underlying issues with a company's financial health.",https://www.investopedia.com/terms/f/footnote.asp
Foreclosure,"Foreclosure is the legal process by which a lender attempts to recover the amount owed on adefaulted loanby taking ownership of the mortgaged property and selling it. Typically, default is triggered when a borrower misses a specific number of monthly payments, but it can also happen when the borrower fails to meet other terms in the mortgage document.",https://www.investopedia.com/terms/f/foreclosure.asp
Foreign Corrupt Practices Act,"The Foreign Corrupt Practices Act (FCPA, the Act) is a United States law that prohibits U.S. firms and individuals from paying bribes to foreign officials to further business deals. The FCPA contains two main articles:",https://www.investopedia.com/terms/f/foreign-corrupt-practices-act.asp
Foreign Exchange Risk,"Foreign exchange risk refers to the losses that a business conducting international transactions can incur due to fluctuations in currency rates. Changes in the relative value of the currencies involved can change the real costs of goods ordered from abroad or delivered to a foreign customer, or increase the cost of a planned expansion in a foreign country. Investments in foreign companies can suffer losses due entirely to exchange rate changes.",https://www.investopedia.com/terms/f/foreignexchangerisk.asp
Forfaiting,Forfaiting is a means of financing that enables exporters to receive immediate cash by selling their medium and long-term receivables—the amount an importer owes the exporter—at a discountthrough an intermediary. The exporter eliminates risk by making the sale without recourse. It has no liability regarding the importer's possible default on the receivables.,https://www.investopedia.com/terms/f/forfaiting.asp
Forfeited Share,"A forfeited share is a share in a publicly-traded company that the owner loses (or forfeits) by neglecting to live up to any number of purchase requirements. For example, a forfeiture may occur if a shareholder fails to pay an owed allotment (call money), or if he sells or transfers his shares during a restricted period.",https://www.investopedia.com/terms/f/forfeited-share.asp
Form 3,SEC Form 3: Initial Statement of Beneficial Ownership of Securities is a document filed by a company insider or major shareholder with theSecurities and Exchange Commission(SEC).,https://www.investopedia.com/terms/f/form3.asp
Form 1065,"Form 1065: U.S. Return of Partnership Income is an Internal Revenue Service (IRS) tax document used to declare the profits, losses, deductions, and credits of a partnership. A partnership doesn't pay income taxes; rather, any profit or loss is passed on to the partners, who are responsible for taxes.",https://www.investopedia.com/terms/f/form-1065.asp
Form 1095-B,Form 1095-B is anInternal Revenue Service (IRS)form that may be sent to taxpayers who receiveminimum essential health insurance coverageas defined by theAffordable Care Act(ACA).,https://www.investopedia.com/terms/f/form-1095b.asp
Form 1099-DIV,"The term Form 1099-DIV, Dividends and Distributions refers to anInternal Revenue Service (IRS)form sent by banks and other financial institutions to investors who receive dividends and distributions from any type of investment during a calendar year. Investors can receive multiple 1099-DIVs. Each 1099-DIV form should be reported on an investor’s tax filing. Investors typically will not receive a 1099-DIV form if cumulative dividends are not greater than $10.",https://www.investopedia.com/terms/f/form1099div.asp
Form 2439,"Form 2439 is an Internal Revenue Service (IRS) form thatRegulated Investment Companies(RICs)–mutuals funds and exchange-traded funds–andReal Estate Investment Trusts(REITs) are required to distribute to shareholders in order to report undistributed long-term capital gains. Mutual funds are required to distribute most capital gains to shareholders, and the shareholders report these gains on Form 1099-DIV. However, if the fund company decides to retain these gains, it must pay taxes on behalf of shareholders and report these transactions on Form 2439.",https://www.investopedia.com/terms/f/form-2439.asp
Form 2848,"Form 2848: Power of Attorney and Declaration of Representative is anInternal Revenue Service(IRS) document that authorizes an individual or organization to represent a taxpayer by appearing before the IRS—at an audit, for example.﻿﻿",https://www.investopedia.com/terms/f/form-2848.asp
Form 4952,"Form 4952: Investment Interest Expense Deduction is a tax form distributed by theInternal Revenue Service(IRS) used to determine the amount ofinvestment interest expensethat can be deducted, as well as any interest expense that can be carried forward to a future tax year.﻿﻿",https://www.investopedia.com/terms/f/form-4952.asp
Form 5405,Form 5405: First-Time Homebuyer Credit and Repayment of the Credit is a tax form distributed by theInternal Revenue Service(IRS). Taxpayers used it to claim a tax credit for a percentage of the purchase price of a new home.,https://www.investopedia.com/terms/f/form-5405.asp
Form 6251,Form 6251: Alternative Minimum Tax-Individuals is anInternal Revenue Service(IRS) tax form used to determine the amount ofalternative minimum tax(AMT) that a taxpayer may owe.,https://www.investopedia.com/terms/f/form-6251.asp
Form 6252,Form 6252: Installment Sale Income is anInternal Revenue Service(IRS) form used to report income from the sale of real or personal property coming from aninstallment salewith the installment method.,https://www.investopedia.com/terms/f/form-6252.asp
Form 8379,"The ""injured"" spouse on ajointly filedtax return can file Form 8379 to regain their share of a joint refund that was seized to pay a past-due obligation of the other spouse. These obligations might include past-due federal tax, state tax, child support, or federal non-tax debt (such as a student loan). The term ""injured"" refers to the negatively impacted spouse, who does not owe the debt.",https://www.investopedia.com/terms/f/form-8379.asp
Form 8396,"Form 8396 is an IRS form that lets lower-income homeowners claim the mortgage interest credit, as long as they receive a mortgage credit certificate (MCC) from a state or local government agency.",https://www.investopedia.com/terms/f/form-8396.asp
Form 843,Form 843 is a multipurpose tax document issued by the Internal Revenue Service (IRS) used by taxpayers to make a claim for a refund of certain assessed taxes or to request abatement of interest or penalties applied in error.,https://www.investopedia.com/terms/f/form-843.asp
Form 8606,"Internal Revenue Service (IRS)Form 8606, ""Nondeductible IRAs,"" is used by filers who make nondeductible contributions to an individual retirement account (IRA). A separate form should be filed for eachtax yearthat nondeductible contributions are made.",https://www.investopedia.com/terms/f/form-8606.asp
Forward Contract,"A forward contract is a customized contract between two parties to buy or sell an asset at a specified price on a future date. A forward contract can be used for hedging or speculation, although its non-standardized nature makes it particularly apt forhedging.",https://www.investopedia.com/terms/f/forwardcontract.asp
Forward Dividend Yield,A forward dividend yield is an estimation of a year's dividend expressed as a percentage of the current stock price. The year's projected dividend is measured by taking a stock's most recent actual dividend payment andannualizingit. The forwarddividend yieldis calculated by dividing a year's worth of future dividend payments by a stock's current share price.,https://www.investopedia.com/terms/f/forward-dividend-yield.asp
Forward Integration,"Forward integration is a business strategy that involves a form of downstreamvertical integrationwhereby the company owns and controls business activities that are ahead in the value chain of its industry, this might include among others direct distribution or supply of the company's products. This type of vertical integration is conducted by a company advancing along thesupply chain.",https://www.investopedia.com/terms/f/forwardintegration.asp
Forward Price,"Forward price is the predetermineddelivery pricefor an underlying commodity, currency, or financial asset as decided by the buyer and the seller of theforward contract, to be paid at a predetermined date in the future. At the inception of a forward contract, the forward price makes the value of the contract zero, but changes in the price of the underlying will cause the forward price to take on a positive or negative value.",https://www.investopedia.com/terms/f/forwardprice.asp
Four Asian Tigers,"The Four Asian Tigers are the high-growth economies of Hong Kong, Singapore, South Korea, and Taiwan. Fueled by exports andrapid industrialization, the Four Asian Tigers have consistently maintained high levels of economic growth since the 1960s, and have collectively joined the ranks of the world's wealthiest nations.",https://www.investopedia.com/terms/f/four-asian-tigers.asp
Four Ps,"Product, price, place, and promotion are the four Ps in a winning ""marketing mix""",https://www.investopedia.com/terms/f/four-ps.asp
Fourth World,"The Fourth World is an outdated term used to describe the most underdeveloped, poverty-stricken, and marginalized regions of the world.",https://www.investopedia.com/terms/f/fourth-world.asp
Fractional Share,"Less than one full share ofequityis called a fractional share. Such shares may be the result of stock splits, dividend reinvestment plans (DRIPs), or similar corporate actions. Typically, fractional shares aren't available from the stock market, and while they have value to investors, they are also difficult to sell.",https://www.investopedia.com/terms/f/fractionalshare.asp
Fraud,Fraud is an intentional act of deceit designed to reward the perpetrator or to deny the rights of a victim.,https://www.investopedia.com/terms/f/fraud.asp
Free Cash Flow (FCF),Free cash flow (FCF) is the amount of cash that a company generates after accounting for spending needed to support its operations and maintain itscapital assets. Investors and analysts rely on it as one measurement of a company's profitability.,https://www.investopedia.com/terms/f/freecashflow.asp
Free Cash Flow Yield,"Free cash flow yield is a financial solvency ratio that compares the free cash flow per share a company is expected to earn against its market value per share. The ratio is calculated by taking the free cash flow per share divided by the current share price.Free cash flow yield is similar in nature to the earnings yield metric, which is usually meant to measure GAAP (generally accepted accounting principles)earnings per sharedivided by share price.",https://www.investopedia.com/terms/f/freecashflowyield.asp
Free Enterprise,"The term free enterprise refers to an economy where themarketdetermines prices, products, and services rather than the government. Businesses and services are free from government control in a free enterprise environment. Free enterprise is characterized by different factors, including privateproperty rights. Alternatively, free enterprise could refer to an ideological or legal system whereby commercial activities are primarily regulated through private measures.",https://www.investopedia.com/terms/f/free_enterprise.asp
Free-Float Methodology,"The free-float methodology is a method of calculating themarket capitalizationof a stock market index's underlying companies. With the free-float methodology, market capitalization is calculated by taking theequity'sprice and multiplying it by the number of shares readily available in the market.",https://www.investopedia.com/terms/f/freefloatmethodology.asp
Freemium,"A combination of the words “free” and “premium,” freemium is a type of business model that offers basic features of a product or service to users at no cost and charges a premium for supplemental or advanced features.",https://www.investopedia.com/terms/f/freemium.asp
Front-Running,"Front-running is trading of stock or any other financial asset by a broker who has inside knowledge of a future transaction that is about to affect its price substantially. A broker may also front-runbased on insider knowledgethat their firm is about to issue a ""buy"" or ""sell"" recommendation to clients that will almost certainly affect the price of an asset.",https://www.investopedia.com/terms/f/frontrunning.asp
Full Employment,Full employment is an economic situation in which all available labor resources are being used in the most efficient way possible. Full employment embodies the highest amount ofskilledand unskilled labor that can be employed within an economy at any given time.,https://www.investopedia.com/terms/f/fullemployment.asp
Full Ratchet,"A full ratchet is a contractual provision designed to protect the interests of early investors. Specifically, it is ananti-dilution provisionthat applies, for any shares of common stock sold by a company after the issuing of an option (or convertible security), the lowest sale price as the adjusted option price orconversion ratiofor existing shareholders.",https://www.investopedia.com/terms/f/fullratchet.asp
Functional Currency,"Popular with multinationals, functional currency represents the primary economic environment in which an entity generates and expends cash. It is the maincurrencyused by a business in its business dealings.",https://www.investopedia.com/terms/f/functional-currency.asp
Future Value (FV),Future value (FV) is the value of a current asset at a future date based on an assumed growth rate. Investors and financial planners use it to estimate how much an investment today will be worth in the future.,https://www.investopedia.com/terms/f/futurevalue.asp
Gambler's Fallacy,"The gambler's fallacy, also known as the Monte Carlo fallacy, occurs when an individual erroneously believes that a certain random event is less likely or more likely to happen based on the outcome of a previous event or series of events.",https://www.investopedia.com/terms/g/gamblersfallacy.asp
Gann Angles,"Gann angles are named after their creatorW.D. Gann. Gann believed the angles could predict future price movements based on geometric angles of time versus price. Gann was a 20th-century market theorist. The validity and usefulness of his theories, however, are subject to debate.",https://www.investopedia.com/terms/g/gannangles.asp
Gann Fans,Gann fans are a form oftechnical analysisbased on the idea that the market is geometric and cyclical in nature. A Gann fan consists of a series of lines called Gann angles. These angles are superimposed over a price chart to show potentialsupport and resistancelevels. The resulting image is supposed to help technical analysts predict price changes.,https://www.investopedia.com/terms/g/gann-fans.asp
Gap,"A stock gap is an area discontinuity in a security's chart where its price either rises or falls from the previous day’s close with no trading occurring in between. Gaps are common when news causes market fundamentals to change during hours when markets are typically closed, for instance, an earnings call after-hours.",https://www.investopedia.com/terms/g/gap.asp
Garn-St. Germain Depository Institutions Act,The Garn-St. Germain Depository Institutions Act was enacted by Congress in 1982. The primary purpose was to ease pressures on banks and savings and loans which increased after the Federal Reserve raised rates in an effort to combat inflation. Financial institutions that had taken on interest rate risk by lending at low rates in earlier years were faced with negative spreads when the Fed drove deposit interest rates higher in the early 1980s.,https://www.investopedia.com/terms/g/garn-st-germain-depository-institutions-act.asp
GDAX,"GDAX is the former name of the cryptocurrency exchange run by Coinbase, a popular broker for bitcoin and other digital assets. Unlike the in-app purchases available through the Coinbase wallet, GDAX was aimed at professional traders with tools to track price movements and set complex buy and sell orders.",https://www.investopedia.com/terms/g/gdax.asp
Gearing Ratio,Gearing ratios are financial ratios that compare some form of owner'sequityor capital to debt or funds borrowed by the company. Gearing is a measurement of the entity’s financialleveragewhich demonstrates the degree to which a firm's activities are funded by shareholders' funds versus creditors' funds.,https://www.investopedia.com/terms/g/gearingratio.asp
Gemology,"Gemology is the science of studying, cutting, and valuing precious stones, but the essence of gemology is in identifying the gemstones. One who works in the field of gemology is called a gemologist, and jewelers and goldsmiths also may be gemologists.",https://www.investopedia.com/terms/g/gemology.asp
General Agreement on Tariffs and Trade (GATT),"The General Agreement on Tariffs and Trade (GATT), signed in 1947 by 23 countries, is a treaty minimizing barriers to international trade by eliminating or reducing quotas,tariffs, and subsidies. It was intended to boost economic recovery after World War II.",https://www.investopedia.com/terms/g/gatt.asp
General Equilibrium Theory,"General equilibrium theory, orWalrasiangeneral equilibrium, attempts to explain the functioning of the macroeconomy as a whole, rather than as collections of individual market phenomena.",https://www.investopedia.com/terms/g/general-equilibrium-theory.asp
General Ledger,"A general ledger represents the record-keeping system for a company’s financial data, with debit and credit account records validated by a trial balance. It provides a record of each financial transaction that takes place during the life of an operating company and holds account information that is needed to prepare the company’s financial statements. Transaction data is segregated, by type, into accounts for assets, liabilities, owners’ equity, revenues, and expenses.",https://www.investopedia.com/terms/g/generalledger.asp
General Order (GO),"A general order (GO) is a status given toimportedgoods that are missing the proper documentation or cannot be quickly cleared through customs for other reasons. Merchandise may be held under general order if the proper duties, fees, or interest are not paid, if the owner fails to complete the required customs paperwork, or if it is not correctly or legally invoiced. Goods will be held under general order if they remain uncleared for more than 15 days.",https://www.investopedia.com/terms/g/general-order.asp
Generally Accepted Auditing Standards (GAAS),"Generally accepted auditing standards (GAAS) are a set of systematic guidelines used by auditors when conducting audits of companies' financial records. GAAS helps to ensure the accuracy, consistency, and verifiability of auditors' actions and reports. TheAuditing Standards Board (ASB)of theAmerican Institute of Certified Public Accountants (AICPA)created GAAS. Its members agree to adhere to the standards.",https://www.investopedia.com/terms/g/gaas.asp
Geographical Pricing,"Geographical pricing is the practice of adjusting an item's sale price based on the location of the buyer. Sometimes the difference in the sale price is based on the cost to ship the item to that location. But the difference may also be based on what amount the people in that location are willing to pay. Companies will try to maximizerevenuein the markets in which they operate, and geographical pricing contributes to that goal.",https://www.investopedia.com/terms/g/geographical-pricing.asp
Geolocation,"Geolocation is the ability to track a device’s whereabouts using GPS, cell phone towers, WiFi access points or a combination of these. Since devices are used by individuals, geolocation uses positioning systems to track an individual’s whereabouts down to latitude and longitude coordinates, or more practically, a physical address. Both mobile and desktop devices can use geolocation.",https://www.investopedia.com/terms/g/geolocation.asp
Ghetto,The term ghetto is a derogatory term for a neighborhood characterized by lowproperty valuesand relatively little public or private investment. It is a slang term that is generally considered an offensive stereotype because ghettos have historically been inhabited by racial minorities.,https://www.investopedia.com/terms/g/ghetto.asp
Global Bond,"A global bond, sometimes referred to as a Eurobond, is a type of bond issued and traded outside the country where the currency of the bond is denominated.",https://www.investopedia.com/terms/g/globalbonds.asp
Global Macro,"A global macro strategy is a hedge fund or mutual fund strategy that bases its holdings primarily on political forecasts of various countries or the macroeconomic principles that have high impact on the economies of those countries. Holdings may include long and short positions in various equity, fixed income, currency, commodities, and futures markets.",https://www.investopedia.com/terms/g/globalmacro.asp
Global Macro Hedge Fund,"Global macro hedge funds areactively managedfunds that attempt to profit from broad market swings caused by political or economic events. Global macro hedge funds are market bets around economic events. Investors use financial instruments to create short or long positions based on the outcomes they predict as a result of their research. A market bet on an event can cover a wide variety of assets and instruments includingoptions, futures, currencies, index funds, bonds, and commodities. The goal is to find the right mix of assets to maximize returns if the predicted outcome occurs.",https://www.investopedia.com/terms/g/global-macro-hedge-fund.asp
Global Registered Share (GRS),"A global registered share (GRS), or a global share, is a security that is issued in the United States, but it is registered in multiple markets around the world and trades in multiple currencies. With global shares, identical shares may trade on different stock exchanges and in various currencies across country borders without needing to be converted into local currencies.",https://www.investopedia.com/terms/g/globalregisteredshare.asp
Globex,"Globex is an electronictrading platform—the first of its kind when it launched in 1992—used for derivatives like futures, options, and commodity contracts across a wide range of asset classes. Developed for theChicago Mercantile Exchange(CME), CME Globex (as it is officially known) operates continuously, unrestricted by geographic borders or time zones.",https://www.investopedia.com/terms/g/globex.asp
Go-Go Fund,"Go-go fund is a slang name for amutual fundthat has an investment strategy focused on high-risk securities in an attempt to capture above-average returns. A go-go fund's aggressive approach usually involves holding large positions ingrowth stocks. Growth stocks offer higher risks, but also higher potential returns.",https://www.investopedia.com/terms/g/go-go-fund.asp
Going Concern,A going concern is a company that has sufficient resources to stay in business indefinitely.,https://www.investopedia.com/terms/g/goingconcern.asp
Going Public,"Going public is the process of selling shares that were formerly held privately and are now available to new investors for the first time, otherwise known as aninitial public offering (IPO).",https://www.investopedia.com/terms/g/goingpublic.asp
Gold Option,A gold option is anoptions contractthat utilizes either physical gold or gold futures as itsunderlying asset.,https://www.investopedia.com/terms/g/gold-option.asp
Gold Standard,"The gold standard is a fixed monetary regime under which the government's currency is fixed and may be freely converted into gold. It can also refer to a freely competitive monetary system in which gold or bank receipts for gold act as the principal medium of exchange; or to a standard of international trade, wherein some or all countries fix theirexchange ratebased on the relative gold parity values between individualcurrencies.",https://www.investopedia.com/terms/g/goldstandard.asp
Golden Rule,"The golden rule of government spending is afiscal policythat a government should borrow only to invest, not to fund current spending. In other words, the government should borrow money only to make investments that will produce long-term benefits for the future. Current spending, or spending on short-term needs, should be funded by tax revenues.",https://www.investopedia.com/terms/g/golden-rule.asp
Good This Week (GTW),"Good this week (GTW) is a type of order that remains active until the end of the week in which it is issued. If the order is not executed prior to the end of the week, it will be automatically canceled.",https://www.investopedia.com/terms/g/good_this_week.asp
Goodwill,Goodwill in business is anintangible assetthat's recorded when one company is purchased by another. It's the portion of the purchase price that's higher than the sum of the net fair value of all of the assets purchased in the acquisition and the liabilities assumed in the process.,https://www.investopedia.com/terms/g/goodwill.asp
Gordon Gekko,"Gordon Gekko is a fictional character who appears as the villain in the popular 1987 Oliver Stone movie ""Wall Street"" and its 2010 sequel ""Wall Street: Money Never Sleeps."" The character, a ruthless and wildly wealthy investor andcorporate raider, has become a cultural symbol for greed, as epitomized by the famous ""Wall Street"" quote ""Greed is good.""",https://www.investopedia.com/terms/g/gordon-gekko.asp
"Governance, Risk Management, and Compliance (GRC)","Governance, risk management, and compliance (GRC) is a relatively new corporate management system that integrates these three crucial functions into the processes of every department within an organization.",https://www.investopedia.com/terms/g/grc.asp
Government of Singapore Investment Corporation (GIC),"The Government of Singapore Investment Corporation (GIC) is a government-owned company assigned to manage Singapore'ssovereign wealth fund. The fund is now officially named: GIC Private Limited. The GIC was formed in 1981 with the aim to invest the sovereign wealth fund more aggressively in higher yielding asset classes and over a longer investment horizon. According to the Sovereign Wealth Fund Institute, the GICS controls the eighth largest sovereign wealth fund in the world, with $390 billion in assets under management as of mid-2018.[cite]",https://www.investopedia.com/terms/g/government-of-singapore-investment-corporation.asp
Government Securities Clearing Corporation (GSCC),The Government Securities Clearing Corporation (GSCC) was an organization that was responsible for clearing and netting trades for government and agency debt securities. The GSCC handled new issues and the sale of existing government securities. It was established in the 1980s by theNational Securities Clearing Corporation (NSCC). The GSCC merged with the Mortgage-Backed Securities Clearing Corporation to form theFixed Income Clearing Corporation (FICC)in 2003.,https://www.investopedia.com/terms/g/gscc.asp
Government Shutdown,A government shutdown occurs when nonessential U.S. government offices can no longer remain open due to a lack of funding. The lack of funding usually occurs when the approval of the federal budget that will finance the government for the upcoming fiscal year is delayed. The shutdown remains in effect until funding legislation is passed.,https://www.investopedia.com/terms/g/government-shutdown.asp
Graduated Lease,"A graduated lease is an agreement under which a tenant andlandlordagree to a periodic adjustment of monthly payments. For example, the agreement may reflect an increase in the tenant’s payments due to market conditions or an increase in the value of the leased property.",https://www.investopedia.com/terms/g/graduatedlease.asp
Grandfather Clause,"A grandfather clause, also called a “legacy clause,” is an exemption that allows persons or entities to continue with activities or operations that were approved before the implementation of new rules, regulations, or laws. Such allowances can be permanent, temporary, or instituted with limits.",https://www.investopedia.com/terms/g/grandfatherclause.asp
Granular Portfolio,"A granular portfolio is an investmentportfoliothat is well diversified across a wide variety of assets, typically with a significant number of holdings. Because this type of portfolio contains a large number of positions in different asset classes and/or sectors, it is considered to have a lower overall risk profile. Conversely, portfolios that have ""low granularity"" have fewer positions or contain highly correlated assets. They are lessdiversifiedand have a higher overall risk profile.",https://www.investopedia.com/terms/g/granular_portfolio.asp
Gravestone Doji,"The term gravestonedojirefers to a bearish indicator commonly used in trading by technical analysts. A gravestone doji is a bearish reversalcandlestickpattern that is formed when the open, low, and closing prices are all near each other with a long uppershadow. The long upper shadow suggests that the bullish advance at the beginning of the session was overcome by bears by the end of the session. This often comes just before a longer-term bearish downtrend.",https://www.investopedia.com/terms/g/gravestone-doji.asp
Great Leap Forward,"The Great Leap Forward was a five-year plan of forced agricultural collectivization and ruralindustrializationthat was instituted by the Chinese Communist Party in 1958, which resulted in a sharp contraction in the Chinese economy and between 30 to 45 million deaths by starvation, execution, torture, forced labor, and suicide out of desperation. It was the largest single, non-wartime campaign of mass killing in human history.",https://www.investopedia.com/terms/g/great-leap-forward.asp
Great Society,"The Great Society was a set of domestic policy initiatives, programs, and legislation introduced in the 1960s in the U.S. These Great Society programs were intended to reduce poverty levels, reduce racial injustice, reduce crime, and improve the environment. Great Society policies were launched by then-President Lyndon B. Johnson between 1964 and 1965.",https://www.investopedia.com/terms/g/great-society.asp
Green Card,"A green card is a colloquial name for the identification card issued by U.S. Citizenship and Immigration Services to permanent residents who are legally allowed to live and work in the U.S. indefinitely. Green cards got their nickname because they were green in color from 1950 to 1964. In 2010 they became green again, but the nickname persisted during the intervening decades of blue, pink, and yellow ""green cards.""",https://www.investopedia.com/terms/g/green-card.asp
Green Chip Stocks,"Green chipstocksaresharesof environmentally-friendly companies. Green chip stocks are likely to be concentrated in areas such as alternative energy, pollution control, carbon abatement, and recycling.",https://www.investopedia.com/terms/g/green-chip-stocks.asp
Green Fund,"A green fund is amutual fundor another investment vehicle that will only invest in companies that are deemed socially conscious or directly promote environmental responsibility. A green fund can come in the form of a focusedinvestment vehiclefor companies engaged in environmentally supportive businesses, such as alternative energy, green transport, water and waste management, and sustainable living.",https://www.investopedia.com/terms/g/green_fund.asp
Green Investing,"Green investing seeks to support business practices that have a favorable impact on the natural environment. Often grouped withsocially responsible investing (SRI)orenvironmental, social, and governance (ESG)criteria, green investments focus on companies or projects committed to the conservation of natural resources, pollution reduction, or other environmentally conscious business practices. Green investments may fit under the umbrella of SRI but are more specific.",https://www.investopedia.com/terms/g/green-investing.asp
Greenback,"A greenback is a slang term for U.S.paperdollars. The term originated during the mid-1860s, when these notes were printed in green ink. Congress had limited taxing authority, and used paper currency to help finance the civil war.",https://www.investopedia.com/terms/g/greenback.asp
Greenshoe Option,"A greenshoe option is a provision in aninitial public offering(IPO)underwriting agreement, allowing underwriters to sell more shares than initially planned if demand exceeds expectations. This over-allotment option is typically used to ensure price stability, liquidity, and to support stock prices in the market.",https://www.investopedia.com/terms/g/greenshoe.asp
Greenspan Put,"Greenspan put was the moniker given to the policies implemented byAlan Greenspanduring his tenure as Federal Reserve (Fed) Chair. The Greenspan-led Fed was extremely proactive in halting excessive stock market declines, acting as a form of insurance against losses, similar to a regularput option.",https://www.investopedia.com/terms/g/greenspanput.asp
Gross Income Multiplier,A gross income multiplier (GIM) is a rough measure of the value of an investment property. It is calculated by dividing the property's sale price by its gross annual rental income. Investors can use the GIM—along with other methods like thecapitalization rate(cap rate) anddiscounted cash flowmethod—to valuecommercial real estateproperties like shopping centers and apartment complexes.,https://www.investopedia.com/terms/g/gross-income-multiplier.asp
Gross Margin,Gross margin is the percentage of money a company keeps from its sales after covering the direct costs of producing its goods or services. It shows how efficiently a business turns revenue into profit before accounting for overhead and other expenses.,https://www.investopedia.com/terms/g/grossmargin.asp
Gross National Income (GNI),Gross National Income (GNI) is the total amount of money earned by a nation's people and businesses. It is used to measure and track a nation's wealth from year to year. The number includes the nation's gross domestic product (GDP) plus the income it receives from overseas sources.,https://www.investopedia.com/terms/g/gross-national-income-gni.asp
Gross National Product (GNP),"Gross national product (GNP) is the total value of all goods and services made by a country's people and businesses over a set period. It shows how much income the country's citizens and companies generate, both at home and abroad.",https://www.investopedia.com/terms/g/gnp.asp
Gross Processing Margin (GPM),"The gross processing margin (GPM) is the difference between the cost of a raw commodity and the income it generates once sold as a finished product. The gross processing margin is affected by supply and demand. The prices for raw commodities fluctuate, creating an ever-changingspreadbetween the raw inputs and the processed products.",https://www.investopedia.com/terms/g/gpm.asp
Gross Spread,"The gross spread is the compensation that the underwriters of aninitial public offering (IPO)receive. An IPO is the process of taking aprivate corporationpublic by issuing shares of stock. Gross spread is the difference between theunderwritingprice received by the issuing company and the actual price offered to the investing public. In other words, the gross spread is the financial institution's cut or profit from the IPO listing. Gross spread is also called ""gross underwriting spread,"" ""spread,"" or ""production.""",https://www.investopedia.com/terms/g/grossspread.asp
Gross Yield,The gross yield of an investment is its profit before taxes and expenses are deducted. Gross yield is expressed in percentage terms. It is calculated as theannual returnon an investment (before taxes and expenses) divided by the current price of the investment.,https://www.investopedia.com/terms/g/gross-yield.asp
Group of 11 (G-11),"The Group of 11 (G-11) is a group of developing countries created to ease members' debt burdens to direct their resources to economic development. The G-11 came into existence on Sept. 20, 2006, and was initially conceived by King Abdullah of Jordan. The group is mainly made up of lower-middle-income countries.",https://www.investopedia.com/terms/g/group-of-11-g11.asp
Growth at a Reasonable Price (GARP),Growth at a reasonable price (GARP) is an equity investment strategy that seeks to combine tenets of bothgrowth investingandvalue investingto select individual stocks. GARP investors look for companies that are showing consistent earnings growth above broad market levels while excluding companies that have very highvaluations. The overarching goal is to avoid the extremes of either growth or value investing; this typically leads GARP investors to growth-oriented stocks with relatively lowprice/earnings (P/E)multiples in normal market conditions.,https://www.investopedia.com/terms/g/garp.asp
Growth Fund,"A growth fund is a diversified portfolio of stocks that hascapital appreciationas its primary goal, with little or no dividend payouts. The portfolio mainly consists of companies with above-average growth that reinvest theirearningsinto expansion,acquisitions, orresearch and development (R&D). Most growth funds offer higher potential capital appreciation but usually at above-average risk.",https://www.investopedia.com/terms/g/growthfund.asp
Growth Industry,"A growth industry is that sector of an economy which experiences a higher-than-average growth rate as compared to other sectors. Growth industries are often new or pioneer industries that did not exist in the past. Their growth is a result of demand for new products or services offered by companies in the field. An example of a growth industry is the technology sector, whose products have become runaway hits with consumers and led to multibillion-dollar valuations for tech companies in the stock market.",https://www.investopedia.com/terms/g/growthindustry.asp
Growth Investing,"Growth investing is an investment style and strategy that is focused on increasing an investor's capital. Growth investors typically invest ingrowth stocks—that is, young or small companies whoseearningsare expected to increase at an above-average rate compared to their industry sector or the overall market.",https://www.investopedia.com/terms/g/growthinvesting.asp
Grunt Work,Grunt work is an expression often used to describe thankless and menial work. It can also refer to jobs that may lack glamour and prestige or are dull.,https://www.investopedia.com/terms/g/grunt-work.asp
Guanxi,"Guanxi,pronouncedgwan' CHē, is a Chinese term for relationships. It commonly refers to the networks or connections used in business to open doors for new business and facilitate deals.",https://www.investopedia.com/terms/g/guanxi.asp
Guarantee Fees,"The term guarantee fee refers to the sum of money paid to the issuer of amortgage-backed security(MBS) by the holder. This charge helps the issuer pay for administrative costs and expenses related to the security and also cuts down on any risk or loss that may arise if any of themortgagesthat back the security default. Also called g-fees, guarantee fees also refer to charges paid by a mortgagor to a guarantor for services rendered.",https://www.investopedia.com/terms/g/guarantee_fees.asp
Guaranteed Bond,"A guaranteed bond is a debt security that offers a secondary guarantee that interest and principal payments will be made by a third party, should the issuer default due to reasons such as insolvency or bankruptcy. A guaranteed bond can be of either the municipal or corporate variety. It can be backed by a bond insurance company, a fund or group entity, a government authority, or the corporate parents of subsidiaries or joint ventures that are issuing bonds.",https://www.investopedia.com/terms/g/guaranteedbond.asp
Guaranteed Investment Contract (GIC),"A guaranteed investment contract (GIC) is a contract between aninsurancecompany and an investor, typically a pension fund or an employer-sponsored retirement plan, such asa 401(k). The investor agrees to deposit a sum of money with the insurer for a specified period of time, and the insurer promises to pay the investor an agreed-uponinterest rate, as well as to return theprincipal.",https://www.investopedia.com/terms/g/guaranteedinvestmentcontract.asp
Guaranteed Minimum Income Benefit (GMIB),"A guaranteed minimum income benefit (GMIB) is an optional rider that an annuitant can purchase for their retirement annuity. When theannuityhas been annuitized, this specific option ensures that theannuitantwill receive at minimum a certain income on a regular basis, regardless of other circumstances.",https://www.investopedia.com/terms/g/gmib.asp
Guidance,"Guidance is an informal report a public company issues to shareholders detailing theearningsit expects to achieve in the upcoming fiscal quarter or year ahead. Guidance, also referred to as forwardearnings guidanceor a forward-looking statement, typically includes internal projections for revenue, earnings, and capital spending and is subject to revision in the interim.",https://www.investopedia.com/terms/g/guidance.asp
Gun Jumping,"Gun jumping, or more commonly ""jumping the gun,"" refers to selectively using financial information that has not been publicly announced. At least two illegal methods of jumping the gun can be identified:",https://www.investopedia.com/terms/g/gunjumping.asp
Gunslinger,"""Gunslinger"" is a slang term for an aggressiveportfolio manager. A gunslinger often useshigh-risk investmenttechniques to hopefully produce big returns. Rather than considering thelong-term valueof the company underlying a stock, gunslingers look at a stock's momentum and seek to benefit from short-term trades based on sharp movements in a stock's price.",https://www.investopedia.com/terms/g/gunslinger.asp
Haas School of Business,"The Haas School of Business is the business school of the University of California at Berkeley. Founded in 1898 and located in Berkeley, California, the school offers both undergraduate and graduate programs.",https://www.investopedia.com/terms/h/haas-school-of-business.asp
Hacktivism,Hacktivism is a social or political activist act that is carried out by breaking into and wreaking havoc on a secure computer system. Hacktivism is a mix of “hacking” and “activism” and is said to have been coined by the hacktivist group Cult of the Dead Cow.,https://www.investopedia.com/terms/h/hacktivism.asp
Haircut,"Broadly speaking, the term “haircut” refers to the reduction, or trimming, of an asset’s value. There are a couple different contexts in which it can be applied.",https://www.investopedia.com/terms/h/haircut.asp
Halo Effect,"The halo effect is a term for a consumer's favoritism toward a line of products due to positive experiences with other products by this maker. The halo effect is correlated to brand strength,brand loyalty, and contributes to brand equity.",https://www.investopedia.com/terms/h/halo-effect.asp
Hands-Off Investor,"A hands-off investor prefers to set an investment portfolio and make only minor changes for a long period of time. Many hands-off investors use index funds ortarget-date funds, which make only small and slow changes to their holdings and therefore do not require much monitoring.",https://www.investopedia.com/terms/h/handsoffinvestor.asp
Happiness Economics,Happiness economics is the formal academic study of the relationship between individual satisfaction and economic issues such as employment andwealth.,https://www.investopedia.com/terms/h/happiness-economics.asp
Hard Call Protection,"Hard call protection, or absolute call protection, is a provision in acallable bondwhereby theissuercannot exercise the call and redeem the bond before the specified date, usually three to five years from the date of issuance.",https://www.investopedia.com/terms/h/hardcallprotection.asp
Hard Currency,Hard currency refers to money that is issued by a nation that is seen as politically and economically stable. Hard currencies are widely accepted around the world as a form of payment for goods and services and may be preferred over the domestic currency.,https://www.investopedia.com/terms/h/hardcurrency.asp
Hard Dollars,Hard dollars are cash fees orpaymentsmade by an investor or customer to a brokerage firm in return for their services. Hard dollar payments are usually set amounts that are known before a customer begins dealing with a broker.,https://www.investopedia.com/terms/h/harddollars.asp
Hardening,"Hardening is a reference to trading conditions in which securities prices are rising andvolatilityis declining in a particular financial market. Although the assessment that a market is hardening can be applied in several contexts, it is most commonly used when referring to the market forcommodities futures.",https://www.investopedia.com/terms/h/hardening.asp
Harvest Strategy,"A harvest strategy is a marketing and business strategy that involves a reduction or a termination of investments in a product, product line, or line of business so that the entities involved can reap—or, harvest—the maximum profits. A harvest strategy is typically employed toward the end of a product's life cycle when it is determined that further investment will no longer boost product revenue.",https://www.investopedia.com/terms/h/harvest-strategy.asp
Hawk,"An inflation hawk, also known in economic jargon as a hawk, is a policymaker or advisor who is predominantly concerned with the potential impact of interest rates as they relate tomonetary policy.",https://www.investopedia.com/terms/h/hawk.asp
Hazard Insurance,"Hazard insurance is coverage that protects a property owner against damage caused by fires, severe storms, hail, sleet, or other natural events. As long as the specific weather event is covered within the policy, the property owner will receive compensation to cover the cost of any damage incurred.",https://www.investopedia.com/terms/h/hazardinsurance.asp
Hazard Rate,"The hazard rate refers to the rate of death for an item of a given age (x). It is part of a larger equation called the hazard function, which analyzes the likelihood that an item will survive to a certain point in time, based on its survival to an earlier time (t). In other words, it is the likelihood that if something survives to one moment, it will also survive to the next.",https://www.investopedia.com/terms/h/hazard-rate.asp
Hazardous Activity,"Hazardous activity refers to a recreational pursuit thatlifeordisability insurancepolicy considers high-risk. The activities are not typically covered by insurance as they carry an increased potential for injury or loss. Hazardous activities include scuba diving, BASE jumping, hang gliding, race car driving, flying a plane, horseback riding, bungee jumping, parasailing, and off-roading. Further, some employment falls into this category such as some construction work, logging, aircraft pilots, offshore oil rig worker, offshore fisherman, structural steelworkers, and underground mining.",https://www.investopedia.com/terms/h/hazardous-activity.asp
Head Trader,"A head trader is the manager of a trading business, responsible for the positions, risk, and ultimately, the profitability of that business. In a registered securities firm, the head trader supervises alltradersand other personnel within their purview and may also trade themselves. Most notably, the head trader is charged with ensuring regulatory and internalcompliancefor every employee who is part of the trading operation (i.e. not just traders). A head trader may also be referred to as a ""head of trading.""",https://www.investopedia.com/terms/h/head-trader.asp
Health Insurance Portability and Accountability Act (HIPAA),The Health Insurance Portability and Accountability Act (HIPAA) is an act created by the U.S. Congress in 1996 that amends both theEmployee Retirement Income Security Act (ERISA)and the Public Health Service Act (PHSA). HIPAA was enacted in an effort to protect individuals covered by health insurance and to set standards for the storage and privacy of personal medical data.,https://www.investopedia.com/terms/h/hipaa.asp
Heath-Jarrow-Morton Model,The Heath-Jarrow-Morton Model (HJM Model) is used to modelforward interest rates. These rates are then modeled to an existing term structure ofinterest ratesto determine appropriate prices for interest-rate-sensitive securities.,https://www.investopedia.com/terms/h/hjmmodel.asp
Hedge Fund Manager,"A hedge fund manager is an individual or financial firm that manages and makes investment decisions, and oversees the operations of, a hedge fund. Managing ahedge fundcan be an attractive career option because of its high earnings potential.",https://www.investopedia.com/terms/h/hedge-fund-manager.asp
Hedged Tender,"A hedged tender is an investment strategy where an investor sellsshorta portion of shares they own in anticipation that not all sharestenderedwill be accepted. This strategy is used to protect against the risk of loss, in case the tender offer does not go through. The offer locks in the shareholder's profit no matter the outcome of the tender offer.",https://www.investopedia.com/terms/h/hedgedtender.asp
Heikin-Ashi Technique,The Heikin-Ashi technique averages price data to create a Japanese candlestick chart that filters outmarket noise.,https://www.investopedia.com/terms/h/heikinashi.asp
Hell or High Water Contract,"A hell or high water contract (also known as a promise-to-pay contract) is a non-cancelable contract. A hell or high water contract stipulates that the purchaser must make the specified payments to the seller, regardless of any difficulties they may encounter. Hell or high water clauses bind the purchaser orlesseeto the terms of the contract until the contract's expiration.",https://www.investopedia.com/terms/h/hellorhighwater.asp
Henry Hub,"Henry Hub is a natural gas pipeline located in Erath, Louisiana, that serves as the official delivery location forfutures contractson theNew York Mercantile Exchange(NYMEX). The hub is owned by Sabine Pipe Line LLC and has access to many of the major gas markets in the United States. The hub connects to four intrastate and nine interstate pipelines, including the Transcontinental, Acadian and Sabine pipelines.",https://www.investopedia.com/terms/h/henry_hub.asp
Herbert A. Simon,"Herbert A. Simon (1916–2001) was an American economist and political scientist who won theNobel Memorial Prize in Economic Sciencesin 1978 for his contributions to modern business economics and administrative research. He is widely associated with the theory of bounded rationality, which states that individuals do not make perfectly rational decisions because of both cognitive limits (the difficulty in obtaining and processing all the information needed) and social limits (personal and social ties among individuals).",https://www.investopedia.com/terms/h/herbert-a-simon.asp
Heston Model,"The Heston Model, named after Steve Heston, is a type of stochastic volatility model used to priceEuropean options.",https://www.investopedia.com/terms/h/heston-model.asp
Heteroskedastic,"Heteroskedastic refers to a condition in which thevarianceof the residual term, or error term, in aregression modelvaries widely. If this is true, it may vary in a systematic way, and there may be some factor that can explain this. If so, then the model may be poorly defined and should be modified so that this systematic variance is explained by one or more additional predictor variables.",https://www.investopedia.com/terms/h/heteroskedastic.asp
Heuristics,"Heuristics are mental shortcuts that help people make quick decisions. They are rules or methods that help people use reason and past experience to solve problems efficiently. Commonly used to simplify problems and avoid cognitive overload, heuristics are part of how the human brain evolved and is wired, allowing individuals to quickly reach reasonable conclusions or solutions to complex problems. These solutions may not be optimal ones but are often sufficient given limited timeframes and calculative capacity.",https://www.investopedia.com/terms/h/heuristics.asp
Hierarchy-of-Effects Theory,"The hierarchy-of-effects theory is a model of howadvertisinginfluences a consumer's decision to purchase or not purchase a product or service. The hierarchy represents the progression of learning and decision-making consumer experiences as a result of advertising. A hierarchy-of-effects model is used to set up a structured series of advertising message objectives for a particular product, to build upon each successive objective until a sale is ultimately made. The objectives of acampaignare (in order of delivery): awareness, knowledge, liking, preference, conviction, and purchase.",https://www.investopedia.com/terms/h/hierarchy-of-effects-theory.asp
High Beta Index,A high beta index is a basket of stocks that exhibits greater volatility than a broad market index such as the S&P 500 Index. The S&P 500 High Beta Index is the most well-known of these indexes. It tracks the performance of 100 companies in the S&P 500 that are the most sensitive to changes in market returns.﻿﻿,https://www.investopedia.com/terms/h/highbetaindex.asp
High Close,A high close is a trading strategy that stock manipulators use that entails making small trades at high prices during the final minutes of trading so as to give the impression that the stock performed really well.,https://www.investopedia.com/terms/h/highclose.asp
High-Low Index,"The high-low index compares stocks that are reaching their 52-week highs with stocks that are hitting their 52-week lows. The high-low index is used by investors and traders to confirm the prevailing market trend of a broadmarket index, such as the Standard and Poor’s 500 index (S&P 500).",https://www.investopedia.com/terms/h/high-low-index.asp
High-Yield Bond,"High-yield bonds are debt securities, also known as junk bonds, that are issued by corporations. They can provide a higheryieldthan investment-grade bonds, but they are also riskier investments.",https://www.investopedia.com/terms/h/high_yield_bond.asp
High-Yield Bond Spread,"A high-yield bond spread is the percentage difference in current yields of various classes of high-yield bonds compared against investment-grade corporate bonds, Treasury bonds, or another benchmark bond measure. Spreads are often expressed as a difference in percentage points orbasis points. The high-yield bond spread is also referred to as credit spread.",https://www.investopedia.com/terms/h/high-yield-bond-spread.asp
High-Yield Investment Program (HYIP),A high-yield investment program (HYIP) is a fraudulent investment scheme that purports to deliver extraordinarily high returns on an investment.,https://www.investopedia.com/terms/h/high-yield-investment-program.asp
Hire Purchase Agreement,"The term ""hire purchase"" refers to a financial arrangement for buying expensive goods and services. With a hire purchase agreement, the buyer makes a down payment and pays the remaining balance plus interest in installments.",https://www.investopedia.com/terms/h/hire-purchase.asp
Hiring Freeze,"A hiring freeze is when an employer stops hiring workers, usually temporarily, in an effort to contain costs. Suchcost-cuttingmay be the result of financial distress, but even large, successful companies may opt to pause hiring amid an economic slowdown, recession or instances ofovercapacity.",https://www.investopedia.com/terms/h/hiring-freeze.asp
Historic Pricing,Historic pricing is a unit pricing method used to calculate the value of anassetusing the lastvaluationpoint calculated. Historic pricing is used when the value of an asset does not update in real time.,https://www.investopedia.com/terms/h/historic-pricing.asp
Historic Structure,"A historic structure is a sub-category of a historic property as designated by the National Register of Historic Places, referred to as the National Register. In casual conversation, a historic structure refers to a building or other structure, such as a bridge, mine, canal, ship, highway, or locomotive, that is significant because of its link to an important period in the past, but the official designation distinguishes a structure as being distinct from a human shelter.",https://www.investopedia.com/terms/h/historic-structure.asp
Historical Cost,A historical cost is a measure of value that's used in accounting. The value of an asset on the balance sheet is recorded at its original cost when it's acquired by the company. The historical cost method is used for fixed assets in the United States undergenerally accepted accounting principles(GAAP).,https://www.investopedia.com/terms/h/historical-cost.asp
Historical Volatility (HV),"Historical volatility (HV) is a statistical measure of thedispersionof returns for a given security ormarket indexover a given period of time. Generally, this measure is calculated by determining the average deviation from theaverage priceof a financial instrument in the given time period. Usingstandard deviationis the most common, but not the only, way tocalculate historical volatility. The higher the historical volatility value, the riskier the security. However, that is not necessarily a bad result as risk works both ways—bullish and bearish.",https://www.investopedia.com/terms/h/historicalvolatility.asp
HODL,"HODL is a term derived from a misspelling of ""hold"" in the context of buying and holding Bitcoin and other cryptocurrencies. It's also commonly come to stand for ""hold on for dear life"" among crypto investors.",https://www.investopedia.com/terms/h/hodl.asp
Holacracy,"Holacracy is a system ofcorporate governancewhereby members of a team or business form distinct, autonomous, yet symbiotic, teams to accomplish tasks and company goals. The concept of acorporate hierarchyis discarded in favor of a fluidorganizational structurewhere employees have the ability to make key decisions within their own area of authority.",https://www.investopedia.com/terms/h/holacracy.asp
Holdco,"Holdco is an abbreviation for ""holding company,"" which is a firm that exercises control over one or more additional firm(s). The holdco accomplishes this through the acquisition of stock that is sufficient to control or influence the voting by shareholders. The holding company earns money by collecting the dividends from the shares of firms in which it owns acontrolling interest.",https://www.investopedia.com/terms/h/holdco.asp
Holding the Market,"""Holding the market"" is the deliberate practice of placing active or pending orders for a security in a market where the price is dropping in an attempt to ""hold"" the price of the security steady or to create an artificialfloorin the security. This practice is outlawed in most instances, except when a broker or other party is mandated to keep the price of a security steady; this is only done in rare cases where there isn't enoughmarket depthto hold the price.",https://www.investopedia.com/terms/h/holdingthemarket.asp
Holdover Tenant,"A holdover tenant is a renter who remains in a property after the expiration of the lease. If the landlord continues to accept rent payments, the holdover tenant can continue to legally occupy the property, and state laws and court rulings determine the length of the holdover tenant’s new rental term. If the landlord does not accept further rent payments, the tenant is considered to be trespassing, and if they do not promptly move out, an eviction may be necessary.",https://www.investopedia.com/terms/h/holdover-tenant.asp
Home Bias,"The term home bias refers to the tendency for investors to invest the majority of their portfolio in domesticequities, ignoring the benefits ofdiversifyinginto foreign equities. This bias was originally believed to have arisen as a result of the extra difficulties associated with investing in foreign equities, such as legal restrictions and additionaltransaction costs. Other investors may simply exhibit home bias due to a preference for investing in what they are already familiar with rather than moving into the unknown.",https://www.investopedia.com/terms/h/homebias.asp
Home Inspection,"A home inspection is an examination of the condition and safety of a piece of real estate, often conducted when the home is being sold.",https://www.investopedia.com/terms/h/home-inspection.asp
Home Mortgage Disclosure Act (HMDA),"The Home Mortgage Disclosure Act (HMDA) is a federal law requiring mortgage lenders to keep key information regarding their lending practices. Lenders must submit these records to regulatory authorities. Established in 1975, the HMDA was implemented by theFederal Reservethrough Regulation C.In 2011, the rule-writing authority of Regulation C was transferred to theConsumer Financial Protection Bureau (CFPB).",https://www.investopedia.com/terms/h/home-mortgage-disclosure-act-hmda.asp
Home Office,A home office is a space designated in a person's residence for official business purposes. It provides a space for those that are self-employed or work remotely for an employer.,https://www.investopedia.com/terms/h/home-office.asp
Homemade Dividends,Homemade dividends are a form ofinvestment incomegenerated from the sale of a portion of an individual's investmentportfolio. These assets differ from the traditionaldividendsthat a company’s board of directors distributes to certain classes of shareholders.,https://www.investopedia.com/terms/h/homemadedividends.asp
Homo Economicus,"Homo economicus is a theoretical abstraction that someeconomistsuse to describe a rational human being. In certain neoclassical economic theories, people are portrayed this way: as ideal decision-makers with complete rationality, perfect access to information, and consistent, self-interested goals.",https://www.investopedia.com/terms/h/homoeconomicus.asp
Hong Kong Exchanges and Clearing Limited (HKEx),"Hong Kong Exchanges and Clearing Limited (HKEX) is a publicly tradedholding companybased in Hong Kong. HKEX is one of the largest market operators in the world. Established in 2000, its subsidiaries include theHong Kong Stock Exchange (HKG). HKEx also manages four clearing houses in Hong Kong as well as theLondon Metal Exchange (LME), making it an important institution in the global financial markets.",https://www.investopedia.com/terms/h/hkex.asp
Horizontal Analysis,"Horizontal analysis is used infinancial statement analysisto compare historical data, such as ratios, or line items, over a number of accounting periods. Horizontal analysis can either use absolute comparisons or percentage comparisons, where the numbers in each succeeding period are expressed as a percentage of the amount in thebaselineyear, with the baseline amount being listed as 100%. This is also known asbase-year analysis.",https://www.investopedia.com/terms/h/horizontalanalysis.asp
Horizontal Line,"Intechnical analysis, a horizontal line is often drawn on a price chart to highlight areas ofsupport or resistance.",https://www.investopedia.com/terms/h/horizontal-line.asp
Horizontal Merger,"A horizontal merger is a merger or business consolidation that occurs between firms that operate in the same industry. The aim is usually to create more efficienteconomies of scale, exploit cost-based and revenue-basedsynergies, increase market share, and generally gain an advantage over other competitors operating in the same space.",https://www.investopedia.com/terms/h/horizontalmerger.asp
Horizontal Spread,"A horizontal spread (more commonly known as acalendar spread) is an options or futures strategy created with simultaneous long and short positions in the derivative on the same underlying asset and the samestrike price, but with different expiration months.",https://www.investopedia.com/terms/h/horizontalspread.asp
Hostile Bid,"A hostile bid is a specific type oftakeover bidthat bidders present directly to the target firm's shareholders because management is not in favor of the deal. Bidders generally present their hostile bids through atender offer. In this scenario, the acquiring company offers to purchase the common shares of the target at a substantialpremium.",https://www.investopedia.com/terms/h/hostile-bid.asp
Hostile Takeover,A hostile takeover happens when an entity takes control of a company against the wishes of the company's management. It's an acquisition strategy requiring that the entity acquire and control more than 50% of the voting shares issued by the company.,https://www.investopedia.com/terms/h/hostiletakeover.asp
Hot Money,"Hot money signifies currency that quickly and regularly moves betweenfinancial markets, that ensures investors lock in the highest available short-term interest rates. Hot money continuously shifts from countries with low-interest rates to those with higher rates.",https://www.investopedia.com/terms/h/hotmoney.asp
House Maintenance Requirement,A house maintenance requirement is the level of minimummargin accountequity that is required by a brokerage firm. House maintenance requirement levels are based on the standards set out inRegulation Tof theFederal Reserve.,https://www.investopedia.com/terms/h/housemaintenancerequirement.asp
Housing Bonds,"Housing bonds are debt securities, a variation of municipalrevenue bonds, issued by state or local governments to raise money for affordable housing development projects.",https://www.investopedia.com/terms/h/housingbonds.asp
Housing Bubble,"A housing or real estate bubble is a run-up in housing prices fueled by demand, speculation, and exuberant spending. Housing bubbles usually start with increased demand in the face of limited supply.Speculatorsfurther drive up demand by investing money into the market. When demand decreases or stagnates as supply increases, prices drop, and the bubble bursts.",https://www.investopedia.com/terms/h/housing_bubble.asp
Housing Market Index,"The NAHB/Wells Fargo Housing Market Index (HMI) is a monthly sentiment survey of members of the National Association of Home Builders (NAHB). The index measures sentiment among builders of U.S. single-family homes, and is a widely watched gauge of the U.S. housing sector. Since housing represents is a large capital investment and spurs additional consumer spending on appliances and furnishings, housing market indices help to monitor the overall health of the economy.",https://www.investopedia.com/terms/h/housingmarketindex.asp
Housing Unit,"A housing unit is a single unit within a larger structure that can be used by an individual or household to eat, sleep, and live. The unit can be in any type of residence, such as a house, apartment, or mobile home, and may also be a single unit in a group of rooms.",https://www.investopedia.com/terms/h/housingunits.asp
HUD-1 Form,"A HUD-1 form, also called a HUD-1 Settlement Statement, is a standardized mortgage lending document. Creditors or their closing agents use this form to create an itemized list of all charges and credits to the buyer and to the seller in a consumer credit mortgage transaction. A HUD-1 form is most commonly used forreverse mortgagesand mortgagerefinancetransactions.",https://www.investopedia.com/terms/h/hud-1.asp
Hull-White Model,"The Hull-White model is a single-factor interest model used to priceinterest rate derivatives. The Hull-White model assumes that short rates have a normal distribution and that the short rates are subject tomean reversion. Volatility is thus likely to be low when short rates are near zero, which is reflected in a larger mean reversion in the model.",https://www.investopedia.com/terms/h/hullwhite-model.asp
Hybrid Security,"A hybrid security is a single financial security that combines two or more different financial instruments. Hybrid securities, often referred to as ""hybrids,"" generally combine both debt and equity characteristics. The most common type of hybrid security is aconvertible bondthat has features of an ordinary bond but is heavily influenced by the price movements of the stock into which it is convertible.",https://www.investopedia.com/terms/h/hybridsecurity.asp
Hydraulic Fracturing,"Hydraulic fracturing, commonly known as ""fracking"", is a process that injects high-pressure liquid into an oil- or gas-bearing rock formation to create fractures. This pressure typically yields improved flows, making it useful for oil and gas firms seeking more economical production in areas that would otherwise produce low-flow wells.",https://www.investopedia.com/terms/h/hydraulic-fracturing.asp
Hyperinflation,"Hyperinflation is a term that describes and measures rapid, excessive, and out-of-control general price increases that result in extreme inflation.Inflationmeasures the pace of rising prices for goods and services in an economy. Hyperinflation indicates uncontrollable price increases over a defined period, typically measuring more than 50% per month.",https://www.investopedia.com/terms/h/hyperinflation.asp
Hyperledger,"Hyperledger is a global enterprise blockchain project that offers the necessary framework, standards, guidelines, and tools to buildopen-sourceblockchainsand related applications for use across various industries. Hyperledger's projects include a variety of enterprise-ready permissioned blockchain platforms and plug-and-play options.",https://www.investopedia.com/terms/h/hyperledger.asp
Hyperledger Composer,"Hyperledger Composer is a set ofopen source toolsthat allows business owners, operators, and developers a way to createblockchainapplications andsmart contractsaimed at solving business problems and/or improving operational efficiencies. It is an example of a commercial application ofblockchain-as-a-service(BaaS). Hyperledger Composer is one of the severalHyperledgerprojects hosted by The Linux Foundation in collaboration with corporate members.﻿﻿﻿﻿",https://www.investopedia.com/terms/h/hyperledger-composer.asp
Hyperledger Sawtooth,"Hyperledger Sawtooth is anopen sourceproject under theHyperledgerumbrella, and works as an enterprise levelblockchainsystem used for creating and operatingdistributed ledgerapplications and networks particularly for use by enterprises.",https://www.investopedia.com/terms/h/hyperledger-sawtooth.asp
Hypermarket,"A hypermarket is a retail store that combines a department store and a grocery supermarket. Often a very large establishment, hypermarkets offer a wide variety of products such as appliances, clothing, and groceries.",https://www.investopedia.com/terms/h/hypermarket.asp
Hysteresis,"Hysteresis in the field of economics refers to an event in the economy that persists even after the factors that led to that event have been removed or otherwise run their course. Hysteresis often occurs following extreme or prolonged economic events such as an economic crash orrecession. After a recession, for example, the unemployment rate may continue to increase despite growth in the economy and the technical end of the recession.",https://www.investopedia.com/terms/h/hysteresis.asp
Illiquid,"Illiquid refers to the state of a stock, bond, or other assets that cannot easily and readily be sold or exchanged for cash without a substantial loss in value. Illiquid assets may be hard to sell quickly because there is low trading activity or interest in the issue, indicated by a lack of ready and willing investors or speculators to purchase or sell the asset. As a result, illiquid assets tend to have lower trading volume, widerbid-ask spreads,and greater price volatility.",https://www.investopedia.com/terms/i/illiquid.asp
Immediate Or Cancel Order (IOC),"An immediate or cancel order (IOC) is an order to buy or sell a security that willexecuteall or part immediately and then cancel any unfilled portion of the order. An IOC order is one of several ""duration,"" ortime-in-forceorders, that investors can use to specify how long the order remains active in the market and under what conditions the order is canceled.",https://www.investopedia.com/terms/i/immediateorcancel.asp
Impact Investing,"Impact investing involves making investments to help create beneficial social or environmental effects while also generating financial gains. Thisinvestment strategycan involve differentasset classes, such as stocks, bonds, mutual funds, or microloans. The point of impact investing is to use money and investment capital for positive social results.",https://www.investopedia.com/terms/i/impact-investing.asp
Impaired Credit,"Impaired credit typically refers to a deterioration in the perceived creditworthiness of an individual, a business, or other entity. Impaired credit is usually reflected for individuals in a lowercredit scoreand for businesses and other entities as a lowercredit rating. Would-be borrowers with impaired credit will find it harder to obtain loans and generally have to pay higher interest rates if they do. Impaired credit can be either a temporary and fixable condition or a warning sign that even greater financial distress may lie ahead.",https://www.investopedia.com/terms/i/impairedcredit.asp
Impairment,"In accounting, impairment is an unexpected deterioration in an asset's ability to generate future economic benefits. It requires a write-down to prevent financial overstatement.",https://www.investopedia.com/terms/i/impairment.asp
Implicit Cost,Implicit costs are revenue that an entity forgoes when it uses an asset it owns rather than selling or renting it.,https://www.investopedia.com/terms/i/implicitcost.asp
In-App Purchasing,"In-app purchasing refers to the buying of goods and services from inside an application on a mobile device, such as a smartphone or tablet. In-app purchases allow developers to provide their applications for free. The developer then advertises upgrades to the paid version, paid feature unlocks, special items for sale, or evenadsother apps and services to anyone who downloads the free version. This allows the developer to profit despite giving the basic app itself away for free.",https://www.investopedia.com/terms/i/inapp-purchasing.asp
In Specie,"The phrasein specieis used to describe the transfer of an asset as it is in its current form rather than in its cash equivalent. In specie is a Latin phrase that is translated to English as in its actual form. Assets that are commonly transferred in specie are property, shares, ordividends. There are tax benefits to some in specie transactions, including favorable tax treatment.",https://www.investopedia.com/terms/i/in_specie.asp
Income Effect,"The income effect, inmicroeconomics, is the resultant change in demand for a good or service caused by an increase or decrease in a consumer's purchasing power orreal income. As one's income grows, the income effect predicts that people will begin to demand more (and vice-versa).",https://www.investopedia.com/terms/i/incomeeffect.asp
Income Fund,"An income fund is a type ofmutual fundor exchange-traded fund (ETF) that emphasizescurrent income, either on a monthly or quarterly basis, as opposed tocapital gains or appreciation. Such funds usually hold a variety of government, municipal, and corporate debt obligations,preferred stock, money market instruments, and dividend-paying stocks.",https://www.investopedia.com/terms/i/incomefund.asp
Income Smoothing,"Income smoothing uses accounting techniques to level out fluctuations innet incomefrom one period to the next. Companies indulge in this practice because investors are generally willing to pay a premium for stocks with steady and predictableearningsstreams as opposed to stocks whose earnings are subject to more volatile patterns, which can be regarded as riskier.",https://www.investopedia.com/terms/i/income-smoothing.asp
Income Stock,"An income stock is a security that pays regular, often steadily increasing,dividends.",https://www.investopedia.com/terms/i/incomestock.asp
Incremental Cost,Incremental cost is the total cost incurred due to an additional unit of product being produced.,https://www.investopedia.com/terms/i/incrementalcost.asp
Indenture,"Indenture refers to a legal and binding agreement, contract, or document between two or more parties. Traditionally, these documents featured indented sides or perforated edges.",https://www.investopedia.com/terms/i/indenture.asp
Indentured Servitude,Indentured servitude is a form of labor in which an individual is under contract to work without a salary for a certain timeframe to repay a loan. Such a contract was historically known as an indenture.,https://www.investopedia.com/terms/i/indentured-servitude.asp
Index,"An index is a collection of a group of assets, such as stocks and bonds, used to track the performance of a specific sector or the broader market. Investors utilize indexes as benchmarks to understand the market and make comparisons against various investments.",https://www.investopedia.com/terms/i/index.asp
Index Fund,"Index funds are defined as investments that mirror the performance of benchmarks like the S&P 500 by mimicking their makeup. These passive investments, long considered an unimaginative way to invest, are behind a quiet revolution in U.S. equity markets, attracting a widening swath of investors. The numbers tell the story: Passive index funds tracking market benchmarks accounted for just 21% of the U.S. equity fund market in 2012.By 2023, passive index funds had grown to about half of all U.S. fund assets.",https://www.investopedia.com/terms/i/indexfund.asp
Index Futures,Index futures are futures contracts where the underlying asset is a stock index. These financial derivatives allow investors to buy or sell the future value of a stock index at a predetermined price and date.,https://www.investopedia.com/terms/i/indexfutures.asp
Index Investing,"Index investing is apassive investmenttechnique that attempts to generate returns similar to a broadmarket index. Investors use this buy-and-hold strategy to replicate the performance of a specific index—generally an equity or fixed-income index—by purchasing the component securities of the index, or investing in an index mutual fund or exchange traded fund (ETF) that itself closely tracks the underlying index.",https://www.investopedia.com/terms/i/index-investing.asp
Index-Linked Bond,"An index-linked bond is a bond in which payment of interest income on the principal is related to a specific price index, usually theConsumer Price Index (CPI). This feature provides protection to investors by shielding them from changes in the underlying index. The bond's cash flows are adjusted to ensure that the holder of the bond receives a knownreal rate of return. An index-linked bond is also known as a real return bond in Canada, Treasury Inflation-Protected Securities (TIPS) in the U.S., and a linker in the U.K.",https://www.investopedia.com/terms/i/indexlinkedbond.asp
Indexed Annuity,"An indexed annuity is a type ofinsurance contractthat pays an interest rate based on the performance of a market index, such as theS&P 500.",https://www.investopedia.com/terms/i/indexedannuity.asp
Indicator,Indicators are statistics used to measure current conditions as well as to forecast financial or economic trends.,https://www.investopedia.com/terms/i/indicator.asp
Indifference Curve,An indifference curve is used in contemporary microeconomics to demonstrate the effect of preference and budget limitations when consumers are choosing between products that would give them equal utility and satisfaction.,https://www.investopedia.com/terms/i/indifferencecurve.asp
Indirect Quote,The term “indirect quote” is a currency quotation in the foreign exchange market that expresses the variable amount of foreign currency required tobuy or sellone unit of the domestic currency.,https://www.investopedia.com/terms/i/indirectquote.asp
Industrial Goods Sector,"The industrial goodssectoris a broad sector of the economy. This sector is made up of companies that providecapital goodsused in the manufacturing, construction, and production of goods and services. These goods include machinery, equipment, and supplies. Subsectors of the industrial goods sector include aerospace, construction, and home building.",https://www.investopedia.com/terms/i/industrial-goods-sector.asp
Industrialization,Industrialization is the process of transforming the economy of a nation or region from a focus on agriculture to a reliance on manufacturing. Mechanized methods ofmass productionare an essential component of this transition.,https://www.investopedia.com/terms/i/industrialization.asp
Industry,"The term “industry” is a classification for a group of companies that have similar business activities. In modern economies, there are dozens of industry classifications. Industries typically are grouped into larger categories called sectors.",https://www.investopedia.com/terms/i/industry.asp
Infant-Industry Theory,The infant-industry theory states that new industries in developing countries need protection against competitive pressures until they mature and developeconomies of scalethat can rival their competitors'. The infant industry argument is often cited as a rationale forprotectionismand was developed by Alexander Hamilton and Friedrich List.,https://www.investopedia.com/terms/i/infantindustry.asp
Inflation Swap,An inflation swap is a contract used to transferinflation riskfrom one party to another through an exchange of fixed cash flows.,https://www.investopedia.com/terms/i/inflation-swap.asp
Inflection Point,"An inflection point is an event that results in a significant change in the progress of a company, industry,sector, economy, or geopolitical situation and can be considered a turning point after which a dramatic change, with either positive or negative results, is expected to result.",https://www.investopedia.com/terms/i/inflectionpoint.asp
Infrastructure,"Infrastructure is defined as the basic physical systems of a business, region, or nation and often involves the production ofpublic goodsor production processes. Examples of infrastructure include transportation systems, communication networks, sewage, water, and school systems.",https://www.investopedia.com/terms/i/infrastructure.asp
Initial Coin Offering (ICO),An initial coin offering (ICO) is the cryptocurrency industry’s equivalent of an initial public offering (IPO). A company seeking to raise money to create a new blockchain app or service with a cryptocurrency can launch an ICO as a way to raise funds.,https://www.investopedia.com/terms/i/initial-coin-offering-ico.asp
Initial Margin,"Initial margin is the percentage of the purchase price of a security that must be covered by cash or collateral when using a margin account. The current initial margin requirement set by the Federal Reserve Board’sRegulation Tis 50%. However, this regulation is only a minimum requirement; some equity brokerage firms may set their initial margin requirement higher.",https://www.investopedia.com/terms/i/initialmargin.asp
Inorganic Growth,Inorganic growth arises frommergersor takeovers rather than an increase in the company's own business activity. Firms that choose to grow inorganically can gain access to new markets through successful mergers and acquisitions. Inorganic growth is considered a faster way for a company to grow compared to organic growth.,https://www.investopedia.com/terms/i/inorganicgrowth.asp
INSEAD,"One of the world's top graduatebusiness schools, INSEAD, has campuses in France, Singapore, San Francisco, and the Middle East (Abu Dhabi). Founded in 1957, INSEAD is an acronym forInstitut Européen d'Administration des Affaires.",https://www.investopedia.com/terms/i/insead.asp
Inside Day,"An inside day is a two-day price pattern that occurs when a second day has arangethat is completely inside the first day's price range. The high of the second day is lower than the first, and the low of the second is higher than the first.",https://www.investopedia.com/terms/i/inside_day.asp
Insolvency,"Insolvency refers to a business that can no longer pay its debts. A company might be unable to repay creditors if it's struggling financially. The company might have had a significant drop in income due to lost sales, increased expenses due to the cost of goods or labor, or the business might be suffering from poor decisions.",https://www.investopedia.com/terms/i/insolvency.asp
Institute for Supply Management (ISM),"The term Institute for Supply Management (ISM) refers to anonprofitsupply management association. Established in 1915, it is the largest organization of its kind. It provides certification, development, education, and research for individuals andcorporationsin the supply management and purchasing professions. The goal of the ISM is to help advance supply management ""to drive value and competitive advantage.""The organization publishes the ISM Manufacturing Report on Business.",https://www.investopedia.com/terms/i/institute-for-supply-management.asp
Institutional Brokers' Estimate System (IBES),"The Institutional Brokers' Estimate System (IBES) is a database used by brokers and active investors to access the estimates made by stock analysts regarding the future earnings of publicly traded American companies. IBES is often written as ""I/B/E/S.""",https://www.investopedia.com/terms/i/ibes.asp
Insurance Coverage,"Insurance coverage is the amount of risk orliabilitythat is covered for an individual or entity by way of insurance services. Insurance coverage, such as auto insurance,life insurance—or more exotic forms, such as hole-in-one insurance—is issued by an insurer in the event of unforeseen occurrences.",https://www.investopedia.com/terms/i/insurance-coverage.asp
Insurance Underwriter,Insurance underwriters are professionals who evaluate and analyze the risks involved in insuring people and assets. Insurance underwriters establish pricing for accepted insurable risks. The term underwriting means receiving remuneration for the willingness to pay a potential risk.Underwritersuse specialized software and actuarial data to determine the likelihood and magnitude of a risk.,https://www.investopedia.com/terms/i/insurance-underwriter.asp
Intangible Asset,"Intangible assets differ fromtangible assets, which have physical forms such as buildings or office furniture. For businesses, an intangible asset includes patents, goodwill, and intellectual property.",https://www.investopedia.com/terms/i/intangibleasset.asp
Intellectual Capital,"Intellectual capital is the value of a company's employee knowledge, skills, business training, or any proprietary information that may provide the company with acompetitive advantage.",https://www.investopedia.com/terms/i/intellectual_capital.asp
Interbank Network for Electronic Transfer (INET),Interbank Network for Electronic Transfer (INET) processedcreditanddebit cardtransactionsbetweenfinancial institutions(FIs). It handled the transfer of funds from cards bearing the MasterCard logo before the introduction of Banknet.,https://www.investopedia.com/terms/i/interbank-network-for-electronic-transfer-inet.asp
Interest Rate,The interest rate is the percentage of interest relative to theprincipal. It is either what lenders charge borrowers or what is earned from deposit accounts.,https://www.investopedia.com/terms/i/interestrate.asp
Interest Rate Collar,An interest rate collar is a relatively low-cost interest rate risk management strategy that uses derivatives to hedge an investor's exposure to interest rate fluctuations.,https://www.investopedia.com/terms/i/interestratecollar.asp
Interest Rate Risk,"Interest rate risk is the potential for investment losses that can be triggered by a move upward in the prevailing rates for new debt instruments. If interest rates rise, for instance, the value of a bond or other fixed-income investment in the secondary market will decline. The change in a bond's price given a change in interest rates is known as itsduration.",https://www.investopedia.com/terms/i/interestraterisk.asp
Intermediate Good,"An intermediate good is a product used to produce a final good or finished product—also referred to as a consumer good.Intermediate goods—like salt—can also be finished products, since it is consumed directly by consumers and used by producers to manufacture other food products.",https://www.investopedia.com/terms/i/intermediate-good.asp
Internal Rate of Return (IRR),The internal rate of return (IRR) is the annual rate of growth that an investment is expected to generate.,https://www.investopedia.com/terms/i/irr.asp
Internalization,Internalization occurs when a business decides to handle a transaction internally rather than route it out-of-house to another entity to handle.,https://www.investopedia.com/terms/i/internalization.asp
International Chamber of Commerce (ICC),"The International Chamber of Commerce (ICC) is an international organization that represents the interests of individuals and businesses inprivate enterprise. The ICC is the largest, most diverse business organization in the world. It represents millions of companies across the globe. The ICC has a network of committees and experts in different business sectors as well as an arbitration tribunal that resolves business- and investment-related disputes.",https://www.investopedia.com/terms/i/international-chamber-of-commerce-icc.asp
International Depository Receipt (IDR),An international depository receipt (IDR) is anegotiablecertificate issued by a bank. It represents ownership of a number of shares of stock in a foreign company that the bank holds in trust.,https://www.investopedia.com/terms/i/idr.asp
International Fisher Effect (IFE),The International Fisher Effect (IFE) is an economic theory stating that the expected disparity between theexchange rateof two currencies is approximately equal to thedifference betweentheir countries’ nominal interest rates.,https://www.investopedia.com/terms/i/ife.asp
International Investing,International investing involves selecting global investment instruments as part of a diversified portfolio. People often invest internationally to increase thediversificationof their portfolios and spread investment risk among foreign markets and companies.,https://www.investopedia.com/terms/i/international-investing.asp
International Maritime Organization (IMO),The International Maritime Organization (IMO) is a specialized agency of theUnited Nationsthat is responsible for measures to improve the safety and security ofinternational shippingand prevent marine pollution from ships.,https://www.investopedia.com/terms/i/international-maritime-organization.asp
International Monetary Fund (IMF),"The International Monetary Fund (IMF) is an international organization that promotes globaleconomic growthand financial stability, encourages international trade, and reduces poverty.",https://www.investopedia.com/terms/i/imf.asp
Interpersonal Skills,"Interpersonal skills are the behaviors and tactics a person uses to interact with others effectively. People use interpersonal skills all the time when dealing with others, whether in the workplace, in social situations, or within a family.",https://www.investopedia.com/terms/i/interpersonal-skills.asp
Intertemporal Choice,"Intertemporal choice is aneconomic termdescribing how current decisions affect what options become available in the future.  Theoretically, by notconsumingtoday, consumption levels could increase significantly in the future, and vice versa.",https://www.investopedia.com/terms/i/intertemporalchoice.asp
Introducing Broker (IB),"An introducing broker (IB) is a professional adviser in thefutures marketswho has a direct relationship with a client but delegates trade executions, typically to afutures commission merchant(FCM).",https://www.investopedia.com/terms/i/introducingbroker.asp
Inverted Yield Curve,"An inverted yield curve shows that long-term U.S. Treasury debt interest rates are less than short-term interest rates. When theyield curveis inverted, yields decrease the farther out the maturity date is. Sometimes referred to as a negativeyieldcurve, the inverted curve has proven to be a reliable indicator of a recession.",https://www.investopedia.com/terms/i/invertedyieldcurve.asp
Investment Manager,"Investment managers handle financial planning, investing, and portfolio management activities.",https://www.investopedia.com/terms/i/investment-manager.asp
Investment Objective,An investment objective is used by asset managers to determine the optimalportfoliomix for a client. Investments are chosen using the guidelines of the investment objective.,https://www.investopedia.com/terms/i/investmentobjective.asp
Investment Property,"An investment property isreal estateproperty purchased with the intention of earning areturn on the investmenteither through rental income, the future resale of the property, or both. The property may be held by an individual investor, a group of investors, or a corporation.",https://www.investopedia.com/terms/i/investment-property.asp
Investment Securities,"Investment securities are a category of securities—tradable financial assets such as equities or fixed income instruments—that are purchased with the intention of holding them for investment. As opposed to investment securities, in general, securities are purchased by abroker-dealeror other intermediary for quick resale.",https://www.investopedia.com/terms/i/investment-securities.asp
IRS Publication 550,IRS Publication 550is a document published by theInternal Revenue Service (IRS)that provides information on how investment income and expenses are to be treated when filing taxes. IRS Publication 550 explains what investment expenses aredeductiblewhen gains and losses from the sale of investment property are to be reported and what type of investments are considered taxable.﻿﻿,https://www.investopedia.com/terms/i/irs-pub-550.asp
IRS Publication 970,"IRS Publication 970 is a document published by theInternal Revenue Service (IRS)that provides information on tax benefits available to students and families saving or paying for college. It explains the tax treatment for the most common forms of college funding, such as scholarships, fellowships and grants, and tuition reductions.",https://www.investopedia.com/terms/i/irs-pub-970.asp
iShares,"A global leader inexchange-traded funds(ETFs), iShares has over $2 trillion invested in more than 800 different product offerings across a wide range of asset classes and investment strategies.iShares is a subsidiary of BlackRock, the world's largest asset management company, and BlackRock is responsible for issuing and marketing iShares products.",https://www.investopedia.com/terms/i/ishares.asp
Jack Welch,Jack Welch was the former CEO and Chairman of GE,https://www.investopedia.com/terms/j/jack-welch.asp
James M. Buchanan Jr.,"James M. Buchanan Jr. was an American economist who earned the Nobel Prize in economics in 1986 for his contribution to public choice theory, which useseconomicsto analyze the behavior of voters and public officials.",https://www.investopedia.com/terms/j/james-m-buchanan-jr.asp
January Barometer,"Some traders believe theS&P 500 Index's January performance can predict its performance for the rest of the year. For example, proponents of this January Barometer believe that if the S&P 500 rises between Jan. 1 and Jan. 31, this will foretell a positive result for the remainder of the year. Similarly, it holds that if the market fares poorly in January, it likely will perform poorly for the rest of the year.",https://www.investopedia.com/terms/j/januarybarometer.asp
January Effect,Is the 'January Effect' a Tradable Seasonal Strategy?,https://www.investopedia.com/terms/j/januaryeffect.asp
Japan Credit Rating Agency (JCR),The Japan Credit Rating Agency (JCR) is a Japanese financial services company that providescredit ratingson the corporate debt of Japanese companies and foreign bond issuers. The entity also publishes a variety of financial and economic information and serves as a guide for counterparty credit risk.,https://www.investopedia.com/terms/j/japan-credit-rating-agency.asp
Jarrow Turnbull Model,"The Jarrow Turnbull model is one of the first reduced-form models for pricingcredit risk. Developed by Robert Jarrow and Stuart Turnbull, the model utilizesmulti-factorand dynamic analysis ofinterest ratesto calculate theprobabilityofdefault.",https://www.investopedia.com/terms/j/jarrowturnbull.asp
Jewelry Floater,"A jewelry floater is a type of supplemental insurance designed to protect precious jewelry. It is often purchased alongside other forms of insurance, such ashomeowners insuranceorrenters insurance. Although these types of insurance policies generally include some coverage for jewelry, jewelry floaters can expand this coverage, making them more suitable for valuable items.",https://www.investopedia.com/terms/j/jewelry-floater.asp
Jim Walton,"Jim Walton is the youngest son of Sam Walton, the founder of Walmart Inc. He served on the board of Walmart from 2005 to 2016 and is currently chair of the Arvest Bank Group.",https://www.investopedia.com/terms/j/jim-walton.asp
JMD (Jamaican Dollar),"JMD is the currency abbreviation for the Jamaican dollar, the official currency for the island nation of Jamaica, and is subdivided into 100 cents. The currency symbol for JMD (Jamaican dollar) is J$ or JA$.",https://www.investopedia.com/terms/forex/j/jmd-jamaican-dollar.asp
Job Lot,"In finance, the term “job lot” refers to acommodities futures contractwhose denomination is smaller than the typical standard lot for that commodity. For example, the standard lot for acrude oilfutures contract is 1,000 barrels per contract. Any crude oil futures contract corresponding to less than 1,000 barrels would therefore be considered a job lot.",https://www.investopedia.com/terms/j/joblot.asp
Jobber,"""Jobber"" is a slang term for a market maker on theLondon Stock Exchangeprior to the mid-1980s. Jobbers, also called ""stockjobbers,"" acted asmarket makers(MMs). They held shares on their own books and created market liquidity by buying and selling securities, and matching investors' buy and sell orders through their brokers, who were not allowed to make markets.",https://www.investopedia.com/terms/j/jobber.asp
Jobs Growth,"Jobs growth is measured in the U.S. by the number of employees added tononfarm payrollsmonthly, as reported by theBureau of Labor Statistics (BLS). It is a key indicator of the pace of economic expansion. Nonfarm payrolls are part of the Employment Situation Summary published by the BLS, the widely followed statistical release better known as the monthly jobs report.",https://www.investopedia.com/terms/j/jobsgrowth.asp
John Bogle,"John Bogle was the founder of theVanguard Groupand a major proponent ofindex investing. Commonly referred to as ""Jack,"" Bogle revolutionized the mutual fund world by creating index investing, which allows investors to buy mutual funds that track the broader market. He did this with the overall intent to make investing easier and at a low cost for the average investor.",https://www.investopedia.com/terms/j/john_bogle.asp
Joint Credit,"The term joint credit refers to any type ofcreditfacility that is issued to two or more people based on their combinedincomes, assets, andcredit histories. The parties involved share everything about the debt including the credit limit and the responsibility to repay it back to the lender. Joint credit can be used when one individual has little to no credit or a bad credit report, and when two or more people need access to a large credit limit that they wouldn't qualify for individually.",https://www.investopedia.com/terms/j/joint_credit.asp
Joint Tenants in Common (JTIC),"The term joint tenants in common (JTIC) refers to a legal relationship in which two or more people own a piece ofpropertyor anotherassetwhere no rights of survivorship are afforded to any of the account holders. If one owner dies, the surviving owner doesn't necessarily acquire the rights of the deceased owner. JTIC gives individuals the opportunity to own a piece of property and share the costs associated with it.",https://www.investopedia.com/terms/j/jtic.asp
Joint Venture (JV),A joint venture (JV) is a business arrangement in which two or more parties agree to pool their resources for the purpose of accomplishing a specific task. This task can be a new project or any other business activity.,https://www.investopedia.com/terms/j/jointventure.asp
Josef Ackermann,"Josef Ackermann is a Swiss banker who served asCEOand chair of Deutsche Bank from 2002 to 2012 and the chair of the Bank of Cyprus from 2014 to 2019. He was a member of theGroup of Thirty, a Washington-based group of international economists and financiers, who analyze global economic and financial issues.",https://www.investopedia.com/terms/j/josef-ackermann.asp
Junior Company,A junior company is a small company that is developing or seeking to develop a natural resource deposit or field. A junior company is like astartupin that it is either looking for funding to help it grow or it is looking for a much larger company to buy it out.,https://www.investopedia.com/terms/j/junior-company.asp
Junior Equity,"Junior equity isstockissued by a company that ranks at the bottom of the priority ladder in terms of ownership rights. Its owners are the last in line to receive certain payouts, such as dividends or reimbursements in cases of bankruptcy.",https://www.investopedia.com/terms/j/junior-equity.asp
Juris Doctor (JD),"A Juris Doctor (JD) is a three-year professional degree that confers recognition that the holder has a professional degree in law. Upon completion of a JD. program and passing the bar exam, individuals are eligible to practice law in their jurisdiction. This means they can represent clients, provide legal advice, and advocate for their clients in court.",https://www.investopedia.com/terms/j/juris-doctor.asp
Kagi Chart,"The Kagi chart is a specialized type oftechnical analysisdeveloped in Japan in the 1870s. It uses a series of vertical lines to illustrate general levels ofsupply and demandfor certain assets, including the price movement of rice, a core Japanese agricultural product. Thick lines are drawn when the price of the underlying asset breaks above the previous high price and is interpreted as an increase in demand for the asset. Thin lines are used to represent increased supply when the price falls below the previous low.",https://www.investopedia.com/terms/k/kagichart.asp
Kappa,"Kappa is the measurement of an option contract's price sensitivity to changes in the volatility of theunderlying asset. Volatility accounts for recent changes in price, historical changes in price, and future price moves. For a trading instrument, like anoption, volatility is intended to capture the amount and speed at which the price moves up and down.",https://www.investopedia.com/terms/k/kappa.asp
Kazakhstan National Fund,The Kazakhstan National Fund is a sovereign wealth fund for Kazakhstan that is operated by the National Bank of the Republic of Kazakhstan.,https://www.investopedia.com/terms/k/kazakhstan-national-fund.asp
Kellogg School of Management,"The Kellogg School of Management is the graduate business school of Northwestern University. The institution was founded in 1908 and is located in Evanston, Illinois. The school is known for its focus on interdisciplinary learning and international exchange opportunities.",https://www.investopedia.com/terms/k/kellogg-school-of-management.asp
Kelly Criterion,The Kelly criterion is a mathematical formula developed in 1956 by John L. Kelly Jr. while working at AT&T's Bell Laboratories. It helps determine how much to invest in a given asset to maximize wealth growth over time.,https://www.investopedia.com/terms/k/kellycriterion.asp
Kenneth Arrow,Kenneth Arrow (1921-2017) was an Americanneoclassicaleconomist who won theNobel Memorial Prize in Economicsalong withJohn Hicksin 1972 for his contributions to general equilibrium analysis and welfare economics.,https://www.investopedia.com/terms/k/kenneth-arrow.asp
Key Currency,"A key currency refers to a currency which is stable, does not fluctuate much, and provides the foundation for exchange rates for international transactions. Because of their global use, key currencies tend to set the value of other currencies. Also, these currencies tend to have a stable valuation over time. A key currency usually comes from a country that is financially strong, economically stable and developed, and one that is involved in the global market.",https://www.investopedia.com/terms/k/key-currency.asp
Key Money,"Key money is a fee paid to a manager, a landlord, or even a current tenant to secure a lease on a residential rental property. The term is sometimes used to refer to a security deposit. However, in some competitive rental markets, key money is simply a gratuity or a bribe.",https://www.investopedia.com/terms/k/key-money.asp
Key Rate,"The key rate is the specific interest rate that determines bank lending rates and the cost of credit for borrowers. The two key interest rates in the U.S. are thediscount rateand thefederal funds rate. These are rates that are set, either directly or indirectly, by the Federal Reserve, in order to influence lending and the supply of money and credit in the economy.",https://www.investopedia.com/terms/k/key-rate.asp
Keynesian Economics,"Keynesian economics is a macroeconomic theory of total spending in the economy and its effects on output, employment, and inflation. It was developed by British economist John Maynard Keynes during the 1930s in an attempt to deal with the effects of the Great Depression.",https://www.investopedia.com/terms/k/keynesianeconomics.asp
Kickback,"A kickback is an illegal payment intended as compensation for preferential treatment or any other type of improper service received. The kickback may be money, a gift, credit, or anything of value. Paying or receiving kickbacks is a corrupt practice that interferes with an employee's or a public official’s ability to make unbiased decisions. Kickbacks are often referred to as a type of bribery.",https://www.investopedia.com/terms/k/kickback.asp
Kids In Parents' Pockets Eroding Retirement Savings (KIPPERS),Kids In Parents' Pockets Eroding Retirement Savings (KIPPERS) is a slang term for adult children who are still living at home with their parents even after finishing school and reaching working age. Their parents face the challenges of managing their own finances and planning for retirement while dealing with the added expense of housing and feeding their adult offspring.,https://www.investopedia.com/terms/k/kippers.asp
Klinger Oscillator,"The Klinger oscillator was developed by Stephen Klinger to determine the long-term trend ofmoney flowwhile remaining sensitive enough to detect short-term fluctuations. The indicator compares thevolumeflowing through securities with the security's price movements and then converts the result into anoscillator. The Klinger oscillator shows the difference between two moving averages which are based on more than price. Traders watch fordivergenceon the indicator to signal potential price reversals. Like other oscillators, asignal linecan be added to provide additional trade signals.",https://www.investopedia.com/terms/k/klingeroscillator.asp
KMF,"The term Comorian franc (KMF) refers to the official nationalcurrencyof Comoros, a sovereign African island nation located in the Indian Ocean. It is maintained and issued by the country'scentral bank, la Banque Centrale des Comores.It is represented by the symbol KMF on global currency exchanges.The Comorian franc waspeggedto the euro as of 1999 at a rate of 491.96775 Comorian francs to one euro.As of January 2022, $1 U.S. is equal to roughly 437 KMF.",https://www.investopedia.com/terms/k/kmf.asp
Knowledge Engineering,Knowledge engineering is a field ofartificial intelligence(AI) that creates rules to apply to data to imitate the thought process of a human expert. It looks at the structure of a task or a decision to identify how a conclusion is reached.,https://www.investopedia.com/terms/k/knowledge-engineering.asp
Kondratieff Wave,"Kondratieff Wave, named after Russian economist Nikolai Kondratieff, refers to cycles, lasting about 40 to 60 years, experienced by capitalist economies. Also known as ""Kondratiev waves,"" ""super-cycles,"" ""K-waves,"" ""surges,"" and/or ""long waves.""",https://www.investopedia.com/terms/k/kondratieff-wave.asp
Kuwait Investment Authority,"The term Kuwait Investment Authority (KIA) refers to a government-owned corporation responsible for managing thesovereign wealth fundof Kuwait. Founded out of the Kuwait Investment Board in 1982, it was established to manage governmentrevenue, derived primarily from the excess proceeds Kuwait earns from itsoil reserves. The fund—the world's first and oldest—was created to lessen the country's dependence on oil.",https://www.investopedia.com/terms/k/kia.asp
Labor Intensive,The term “labor intensive” refers to a process orindustrythat requires a large amount of labor to produce its goods or services.,https://www.investopedia.com/terms/l/laborintensive.asp
Laissez-Faire,"Laissez-faire is an economic theory dating back to the 18th century that opposes any government intervention in business affairs. The driving principle behind laissez-faire economics is that the less thegovernmentis involved in theeconomy, the better off business, and society as a whole, will be.",https://www.investopedia.com/terms/l/laissezfaire.asp
Land,"Land, in the business sense, can refer toreal estateor property without buildings and equipment that is designated by fixed spatial boundaries.",https://www.investopedia.com/terms/l/land.asp
Land Value,"Land value is the value of a piece of property including both the value of the land itself as well as any improvements that have been made to it. This is not to be confused with site value, which is the reasonable value of the land assuming that there are no leases, mortgages or anything else present that would otherwise change the site's value. Land values increase when demand for land exceeds the supply of available land or if a particular piece of land hasintrinsic valuegreater than neighboring areas (e.g., oil can be found on the land).",https://www.investopedia.com/terms/l/landvalue.asp
Large Trader,"A large trader is an investor or organization with trades that are equal to or exceed certain amounts as specified by theSecurities and Exchange Commission (SEC). A large trader is defined by the SEC as ""a person whose transactions inNational Market System (NMS)securities equal or exceed two million shares or $20 million during any calendar day, or 20 million shares or $200 million during any calendar month.""",https://www.investopedia.com/terms/l/largetrader.asp
Larry Ellison,Larry Ellison is an American billionaire and the founder of software giant Oracle,https://www.investopedia.com/terms/l/larry-ellison.asp
Law of Diminishing Marginal Productivity,"The law of diminishing marginal productivity is an economic principle usually considered by managers inproductivitymanagement. Generally, it states that increasing an input in a production process, for example labor hours, will result in marginally smaller increases in output after the initial increase and may level off or even decrease after a specific point.",https://www.investopedia.com/terms/l/law-diminishing-marginal-productivity.asp
Law of Supply and Demand,"The law of supply and demand combines two fundamental economic principles that describe how changes in the price of a resource, commodity, or product affect its supply and demand. Supply rises while demand declines as the price increases. Supply constricts while demand grows as the price drops.",https://www.investopedia.com/terms/l/law-of-supply-demand.asp
Layaway,Layaway is a method of buying merchandise. A consumer makes a down payment on an item which the store then holds for them while they pay the remainder of the price in installments. They can then take possession of the purchased item when they've fully paid for it.,https://www.investopedia.com/terms/l/layaway.asp
Leadership Grid,"The Leadership Grid is a model of behavioral leadership developed in the 1960s by Robert Blake and Jane Mouton. Previously known as the Managerial Grid, the Leadership Grid is based on two behavioral dimensions: concern for production, which is plotted on the X-axis on a scale from one to nine points; andconcern for people, which is plotted on a similar scale along the Y-axis.",https://www.investopedia.com/terms/l/leadership-grid.asp
Leakage,"In economics, leakage refers to capital or income that diverges from some kind of iterative system.",https://www.investopedia.com/terms/l/leakage.asp
Leasehold Improvement,"The term leasehold improvement refers to changes made to customize a rentalpropertyto satisfy the particular needs of a specific tenant. These changes and alterations may include painting, installing partitions, changing the flooring, or putting in customized light fixtures. Improvements may be undertaken by thelandlordor the tenant andmay be paid by the tenant.",https://www.investopedia.com/terms/l/leaseholdimprovement.asp
Leg,"A leg is one piece of a multi-part trade, often aderivativestrading strategy, in which a trader combines multiple options or futures contracts, or—in rarer cases—combinations of both types of contract, tohedgea position, to benefit from arbitrage, or to profit from a spread widening or tightening. Within these strategies, each derivative contract or position in the underlying security is called a leg.",https://www.investopedia.com/terms/l/leg.asp
Legal Monopoly,"A legal monopoly refers to a company that is operating as amonopolyunder a government mandate. A legal monopoly offers a specific product or service at a regulated price. It can either be independently run and government regulated, or both government-run and government regulated. A legal monopoly is also known as a ""statutory monopoly.""",https://www.investopedia.com/terms/l/legalmonopoly.asp
Legal Tender,Legal tender is the money that a country or political jurisdiction legally recognizes for financial exchanges within its borders.,https://www.investopedia.com/terms/l/legal-tender.asp
Lehman Brothers,"Lehman Brothers was a global financial services firm. It provided investment banking, trading, investment management, private banking, research, brokerage, private equity, and associated services. The firm was one of the largestinvestment banksin the United States until Sept. 15, 2008, when it declared bankruptcy. Its failure was largely caused and accelerated by thesubprime mortgage crisis. Its bankruptcy remains the largest ever. At the time of its Chapter 11 filing, Lehman Brothers was in operation for 164 years.",https://www.investopedia.com/terms/l/lehman-brothers.asp
Lender,"A lender is an individual, a group (public or private), or afinancial institutionthat makes funds available to a person or business with the expectation that the funds will be repaid. Repayment will include the payment of any interest or fees.Repaymentmay occur in increments (as in a monthly mortgage payment) or as a lump sum. One of the largest loans consumers take out from lenders is a mortgage.",https://www.investopedia.com/terms/l/lender.asp
Level 1,"Level 1 is a type of trading screen used with stock trading that displays the best bid-offer-volume quotes in real-time, or thenational best bid and offer(NBBO). Level 1 quotes supply basic information that, for the most part, is more than sufficient for most investors, though some extremely active traders preferorder bookand market depth information that can be found in higher-level quotes.",https://www.investopedia.com/terms/l/level1.asp
Level-Premium Insurance,"Level-premium insurance is a type of permanent orterm life insurancewhere the premium remains the same over the policy's life. With this type of coverage, premiums are thus guaranteed to remain the same throughout the contract. For a permanent insurance policy likewhole life, the amount of coverage provided increases over time.",https://www.investopedia.com/terms/l/levelpremiumlife.asp
Leveraged Buyout (LBO),A leveraged buyout (LBO) is the acquisition of one company by another using a significant amount of borrowed money to meet thecost of acquisition. The borrowed money can be in the form of bonds or loans. The assets of the company being acquired are often used as collateral for the loans along with the assets of the acquiring company.,https://www.investopedia.com/terms/l/leveragedbuyout.asp
Licensee,"A licensee is any individual, business, organization that has been granted legal permission, or certain rights by another entity who owns certain assets, to engage in any activity related to these assets. This permission, or license, can be given on an express or implied basis.",https://www.investopedia.com/terms/l/licensee.asp
Licensing Fee,"A licensing fee is money paid to buy specific rights from another party. For example, this fee may be paid to a government agency by people or companies for the privilege of offering professional services or engaging in a specific type of business.",https://www.investopedia.com/terms/l/licensing-fee.asp
Lien,"A lien is a claim or legal right to a debtor's property or other assets, typically assets that were used as collateral to back a loan. It serves to guarantee that the underlying obligation will be satisfied. If not, thecreditorcan seize and sell the assets in question. Liens can also be established through court judgments and by government entities for reasons such as unpaid taxes. This article describes the major types of liens and how they work.",https://www.investopedia.com/terms/l/lien.asp
Lien Waiver,A lien waiver is a written agreement between a payer and a counterparty where said counterparty gives up their right to place a lien on the payer's property or goods.,https://www.investopedia.com/terms/l/lien-waiver.asp
Life Estate,"A life estate is a property, usually a residence, that an individual owns and may use for the duration of their lifetime. This person is called the life tenant and shares ownership of the property with a second person. The second person is referred to as theremaindermanand automatically receives the title to the property upon the life tenant's death.",https://www.investopedia.com/terms/l/life-estate.asp
Life Insurance,"Life insurance acts as a financial safety net for your family. If you die while it’s active, your insurance company pays a sum of money to the people you’ve named in your policy (your beneficiaries). This money, known as the death benefit, can help your beneficiaries replace your lost income and cover expenses like housing, food, and utility bills.",https://www.investopedia.com/terms/l/lifeinsurance.asp
Lifestyle Creep,"Lifestyle creep is when your standard of living rises alongside yourdiscretionary income—and soon enough, former luxuries become new necessities. It happens little by little, without you really realizing it: it sneaks (""creeps"") up on you.",https://www.investopedia.com/terms/l/lifestyle-creep.asp
Lifetime Learning Credit,"The Lifetime Learning Credit (LLC) is a provision of the U.S. federal income tax code that lets parents and students lower their tax liability by up to $2,000 to help offset higher education expenses. Unfortunately, the LLC is not refundable, which means you can use the LLC to pay the taxes you owe, but you don't get a refund back of any of the credit, according to the Internal Revenue Service (IRS).",https://www.investopedia.com/terms/l/lifelearningcredit.asp
Like-for-Like Sales,Like-for-like sales are used as an adjusted growth metric that includes revenues generated from stores or products with similar characteristics while omitting any with distinct differences that could skew the numbers.,https://www.investopedia.com/terms/l/likeforlikesales.asp
Limit Order Book,A limit order book is a record of outstanding limit orders maintained by the security specialist who works at the exchange. Alimit orderis a type oforderto buy or sell a security at a specific price or better. A buy limit order is an order to buy at a preset price or lower while a sell limit order is an order to sell a security at a pre-specified price or higher.,https://www.investopedia.com/terms/l/limitorderbook.asp
Limited Partner,A limited partner invests money in exchange for shares in a partnership but has restricted voting power on company business and no day-to-day involvement in the business.,https://www.investopedia.com/terms/l/limited-partner.asp
Limited Partnership (LP),"A limited partnership (LP) is a business structure where at least two partners own the company, but only one of them manages the business.",https://www.investopedia.com/terms/l/limitedpartnership.asp
Limited Power of Attorney (LPOA),"Limited Power of Attorney (LPOA) is an authorization that permits aportfolio managerto perform specific functions on behalf of the account owner. In general, the LPOA allows the manager to execute an agreed-upon investment strategy and take care of routine related business without contacting the account holder.",https://www.investopedia.com/terms/l/limited_power_of_attorney.asp
Line Chart,"In investing, line charts track changes in stock prices, currencies, and indexes over time. The information is given as a series of data points connected by straight-line segments.",https://www.investopedia.com/terms/l/linechart.asp
Liquidation,"Liquidation in finance and economics is the process of bringing a business to an end and distributing its assets to claimants. It is an event that usually occurs when a company isinsolvent, meaning it cannot pay its obligations when they are due. As company operations end, the remaining assets are used to pay creditors and shareholders, based on the priority of their claims.General partnersare subject to liquidation.",https://www.investopedia.com/terms/l/liquidation.asp
Liquidity Premium,"Liquidity premium is the additional compensation used to encourage investments in assets that cannot be easily or quickly converted into cash at fair market value. For example, a long-term bond will carry a higher interest rate than a short-term bond because it is relatively illiquid. The higher return is the liquidity premium offered to the investor as compensation for the additional risk.",https://www.investopedia.com/terms/l/liquiditypremium.asp
Listed,"A listed company issues shares of its stock for trading on a stock exchange. If a company is listed in the U.S., it has met the requirements of the Securities and Exchange Commission (SEC) for selling shares to the public and has been accepted for trading on an exchange such as the New York Stock Exchange. It is a public company.",https://www.investopedia.com/terms/l/listed.asp
Listed Property,"Listed property is tangible property that can be used for both business and personal purposes. TheInternal Revenue Service (IRS)defines it as ""passenger automobiles; any other property used for transportation; and property of a type generally used for entertainment, recreation, or amusement."" If listed property is used more than 50% for business purposes, it is eligible for special tax deduction and depreciation rules.",https://www.investopedia.com/terms/l/listed-property.asp
Listed Security,"A listed security is afinancial instrumentthat is traded through an exchange, such as theNew York Stock Exchange (NYSE)or Nasdaq. A listed security may be a stock, bond, or a derivative. These listed securities can be bought and sold on the open market. Private companies that go public must choose an exchange where they plan to be listed and meet its listing requirements. Companies that issue stock launch their listing through aninitial public offering (IPO).",https://www.investopedia.com/terms/l/listedsecurity.asp
Listing Agreement,"A listing agreement is a contract under which a property owner (as principal) authorizes a real estate broker (as agent) to find a buyer for the property on the owner's terms. In exchange for this service, the ownerpays a commission.",https://www.investopedia.com/terms/l/listing-agreement.asp
Load,A load is asales chargeor commission charged to an investor when buying or redeeming shares in a mutual fund. Sales charge commissions can be structured in a number of ways. They are determined by the mutual fund company and charged by mutual fund intermediaries in mutual fund transactions.,https://www.investopedia.com/terms/l/load.asp
Load Fund,"A load fund is a mutual fund that comes with asales chargeor commission. The fund investor pays the load, which goes to compensate a sales intermediary, such as abroker,financial planner, or investment advisor, for his time and expertise in selecting an appropriate fund for the investor. The load is either paid upfront at the time of purchase (front-end load), when the shares are sold (back-end load), or as long as the fund is held by the investor (level-load). Load funds may be contrasted withno-load funds, which do not carry a sales charge.",https://www.investopedia.com/terms/l/loadfund.asp
Loan Credit Default Swap (LCDS),"A loan credit default swap (LCDS) is a type ofcredit derivativein which thecredit exposureof an underlying loan is exchanged between two parties. A loan credit default swap's structure is the same as a regular credit default swap (CDS), except that the underlyingreference obligationis limited strictly tosyndicated secured loans, rather than any type of corporate debt.",https://www.investopedia.com/terms/l/loan-credit-default-swap.asp
Loan Participation Note (LPN),"A loan participation note (LPN) is afixed-income securitythat permits investors to buy portions of an outstanding loan or package of loans. LPN holders participate on apro-rata basisin collecting interest and principal payments, and are similarly exposed to a proportional risk of default.",https://www.investopedia.com/terms/l/loanparticipationnote.asp
Loan Stock,"Loan stock refers to shares of common orpreferred stockthat are used as collateral to secure a loan from another party. The loan earns a fixed interest rate, much like a standard loan, and can be secured or unsecured.",https://www.investopedia.com/terms/l/loan_stock.asp
Loan-to-Deposit Ratio (LDR),"The loan-to-deposit ratio (LDR) is a financial metric that compares a bank’s total loans to its total deposits. You use it to assess a bank’sliquidity. The higher the ratio, the more a bank may be relying on its deposits to fund loans, increasing profits but also leaving less cash to cover withdrawals, reserve requirements, and unexpected funding needs.",https://www.investopedia.com/terms/l/loan-to-deposit-ratio.asp
Lock-Up Agreement,A lock-up agreement is a contractual provision preventinginsidersof a company from selling their shares for a specified period of time. They are commonly used as part of theinitial public offering(IPO) process.,https://www.investopedia.com/terms/l/lockup.asp
Log-Normal Distribution,A log-normal distribution is a statistical distribution of logarithmic values from a related normal distribution. A log-normal distribution can be translated to anormal distributionand vice versa using associated logarithmic calculations.,https://www.investopedia.com/terms/l/log-normal-distribution.asp
Long-Legged Doji,"The long-legged doji is acandlestickthat consists of long upper and lower shadows and has approximately the sameopeningand closing price, resulting in a small real body.",https://www.investopedia.com/terms/l/long-legged-doji.asp
Long-Term Debt,"Long-term debt is debt thatmaturesin more than one year. Long-term debt can be viewed from two perspectives: financial statement reporting by the issuer and financial investing. In financial statement reporting, companies must record long-term debt issuance and all of its associated payment obligations on its financial statements. On the flip side, investing in long-term debt includes putting money into debt investments with maturities of more than one year.",https://www.investopedia.com/terms/l/longtermdebt.asp
Loss Carryforward,A loss carryforward refers to an accounting technique that applies the current year'snet operating loss(NOL) to future years' net income to reduce tax liability.,https://www.investopedia.com/terms/l/losscarryforward.asp
Low Volume Pullback,"A low volume pullback is atechnical correctiontoward an area of support that occurs on lower-than-average volume. Since the move occurs on low volume, traders often attribute the pullback toweak longslocking in profits rather than areversal.",https://www.investopedia.com/terms/l/low_volume_pullback.asp
M2,The Federal Reserve's M2 weekly measurement estimates the U.S. liquid money supply.,https://www.investopedia.com/terms/m/m2.asp
Macro Environment,"A macro environment refers to the set of conditions that exist in the economy as a whole, rather than in a particular sector or region. In general, the macro environment includes trends in the gross domestic product (GDP), inflation, employment, spending, and monetary and fiscal policy. The macro-environment is closely linked to the generalbusiness cycleas opposed to the performance of an individual business sector.",https://www.investopedia.com/terms/m/macro-environment.asp
Magic Formula Investing,"Magic formula investing refers to a rules-based, disciplined investing strategy that teaches people a relatively simple and easy-to-understand method forvalue investing. It relies onquantitativescreens of companies and stocks, and is designed to beat the stock market's average annual returns using the S&P 500 to represent the market return. Put simply, it works by ranking stocks based on their price and returns on capital.",https://www.investopedia.com/terms/m/magic-formula-investing.asp
Main Street,"Main Street is a colloquial term used by economists to refer collectively to America's independent small businesses. It gets its name from a common name for the principal commercial street of small towns across the country. In England, the equivalent term is High Street.",https://www.investopedia.com/terms/m/mainstreet.asp
Make to Stock (MTS),"Make to stock (MTS) is a traditional production strategy that is used by businesses to match inventory with anticipated consumerdemand. Instead of setting a production level and then attempting to sellgoods, a company using MTS would estimate how many orders its products could generate, and then supply enough stock to meet those orders.",https://www.investopedia.com/terms/m/make-to-stock.asp
Managed Account,A managed account is an investment account that is owned by an investor but managed by somebody else. The account owner can either be an institutional investor or an individual retail investor. A professionalmoney managerhired by the investor then oversees the account and the trading activity within it.,https://www.investopedia.com/terms/m/managedaccount.asp
Managed Futures,Managed futures refers to an investment where a portfolio offutures contractsis actively managed by professionals. Managed futures are considered an alternative investment and are often used by funds and institutional investors to provide both portfolio and marketdiversification.,https://www.investopedia.com/terms/m/managed-futures.asp
Management Buyout (MBO),"The term management buyout (MBO) refers to a financial transaction where someone from corporate management or the team purchases the business from the owner(s). Management members that execute MBOs purchase everything associated with the business. This type ofbuyoutappeals to professional managers because of the greater potential rewards and control from being owners of the business rather than employees. The MBO is a type ofleveraged buyout(LBO), which is an acquisition funded primarily with borrowed capital.",https://www.investopedia.com/terms/m/mbo.asp
Managerial Accounting,"Unlike financial accounting, which follows standardized rules for external reporting, managerial accounting is customized to internal needs, examining costs, revenue, and performance metrics to support planning and evaluating business operations.",https://www.investopedia.com/terms/m/managerialaccounting.asp
Maquiladora,The term maquiladora refers to a factory ormanufacturingplant in Mexico. These corporations are approved for operation by the country's Secretariat of Commerce and Industrial Development under a decree established in 1989 and are owned by foreign entities.,https://www.investopedia.com/terms/m/maquiladora.asp
Margin Loan Availability,Margin loan availability describes the amount in a margin account that is currently available for purchasing securities on margin or the amount that is available for withdrawal. Amargin accountmakes loans available to the customer of a brokerage firm using the customer's securities in their account as collateral.,https://www.investopedia.com/terms/m/margin_loan_availability.asp
Margin of Safety,"The margin of safety is a principle of investing in which an investor only purchases securities when theirmarket priceis significantly below their intrinsic value. In other words, when the market price of a security is significantly below your estimation of its intrinsic value, the difference is the margin of safety.",https://www.investopedia.com/terms/m/marginofsafety.asp
Marginal Propensity to Consume (MPC),"In economics, the marginal propensity to consume (MPC) is defined as the proportion of an aggregate raise in pay that a consumer spends on the consumption of goods and services, as opposed to saving it. Marginal propensity to consume is a component of Keynesian macroeconomic theory and is calculated as the change in consumption divided by the change in income.",https://www.investopedia.com/terms/m/marginalpropensitytoconsume.asp
Marginal Propensity to Import (MPM),The marginal propensity to import (MPM) is the amountimportsincrease or decrease with each unit rise or decline indisposable income. The idea is that rising income for businesses and households spurs greater demand for goods from abroad and vice versa.,https://www.investopedia.com/terms/m/marginal-propensity-import-mpm.asp
Marginal Revenue Product (MRP),"Marginal revenue product (MRP), also known as the marginal value product, is the marginal revenue created due to an addition of one unit of resource. The marginal revenue product is calculated by multiplying the marginal physical product (MPP) of the resource by the marginal revenue (MR) generated. The MRP assumes that the expenditures on other factors remain unchanged and helps determine the optimal level of a resource.",https://www.investopedia.com/terms/m/marginal-revenue-product-mrp.asp
Marginal Social Cost (MSC),Marginal social cost (MSC) is the total cost society pays for the production of another unit or for taking further action in the economy. The total cost of the production of an additional unit of something is not merely thedirect costundertaken by the producer but also includes costs to other stakeholders and the environment as a whole. MSC is calculated as:,https://www.investopedia.com/terms/m/marginalsocialcost.asp
Mark Zuckerberg,"Mark Zuckerberg is a self-taught computer programmer and co-founder, chair, andchief executive officerof Meta (META), formerly known as Facebook. Originally named Facemash, Zuckerberg founded the social networking site in his Harvard University dorm room in 2004 along with Andrew McCollum, Dustin Moskovitz, Chris Hughes, and Eduardo Saverin.",https://www.investopedia.com/terms/m/mark-zuckerberg.asp
Market Approach,"The market approach is a method of determining the value of an asset based on the selling price of similar assets. It is one of three popular valuation methods, along with thecost approachanddiscounted cash-flow analysis(DCF).",https://www.investopedia.com/terms/m/market-approach.asp
Market Breadth,"Market breadth indicators analyze the number of stocks advancing relative to those that are declining in a givenindexor on a stock exchange, such as the New York Stock Exchange (NYSE) or Nasdaq. Positive market breadth occurs when more stocks are advancing than are declining. This suggests that thebullsare in control of the market's momentum and helps confirm a price rise in the index. Conversely, a disproportional number of declining securities is used to confirmbearishmomentum and a downside move in the stock index.",https://www.investopedia.com/terms/m/market_breadth.asp
Market Capitalization,"Market capitalization, or ""market cap,"" represents thetotal dollar market valueof a company's outstandingsharesof stock. Investors use this figure to determine a company's size instead of sales or total asset value. In an acquisition, the market cap helps determine whether a takeover candidate represents a good value for the acquirer.",https://www.investopedia.com/terms/m/marketcapitalization.asp
Market Cycles,"Market cycles, also known as stock market cycles, is a wide term referring to trends or patterns that emerge during different markets or business environments. During a cycle, some securities orasset classesoutperform others because their business models are aligned with conditions for growth. Market cycles are the period between the two latest highs or lows of a common benchmark, such as the S&P 500, highlighting a fund’s performance through both an up and a down market.",https://www.investopedia.com/terms/m/market_cycles.asp
Market Dynamics,"Market dynamics are forces that will impact prices and the behaviors of producers and consumers. In a market, these forces create pricing signals that result from the fluctuation ofsupply and demandfor a given product or service. Market dynamics can impact any industry or government policy.",https://www.investopedia.com/terms/m/market-dynamics.asp
Market Exposure,"Market exposure refers to the dollar amount of funds or percentage of a broaderportfoliothat is invested in a particular type of security, market sector, or industry. Market exposure is usually expressed as a percentage of total portfolio holdings, for instance, as in 10% of a portfolio being exposed to the oil and gas sector or a $ 50,000 in Tesla stock.",https://www.investopedia.com/terms/m/marketexposure.asp
Market Failure,"Market failure refers to a situation defined by an inefficient distribution of goods and services in the free market. In an ideally functioning market, the forces ofsupply and demandbalance each other out, with a change on one side of the equation leading to a change in price that maintains the market's equilibrium. In a market failure, however, this balance is disrupted.",https://www.investopedia.com/terms/m/marketfailure.asp
Market Indicators,Market indicators arequantitative in natureand seek to interpret stock or financial index data in an attempt to forecast market moves. Market indicators are a subset of technical indicators and are typically comprised of formulas and ratios. They aid investors' investment/trading decisions.,https://www.investopedia.com/terms/m/market_indicators.asp
Market Leader,"A market leader is a company with the largestmarket sharein an industry that can often use its dominance to affect the competitive landscape and direction the market takes. A market leader typically enjoys the largest market share or the largest percentage of total sales in a given market. It may surpass its competitors according to other metrics, too, including brand loyalty, perceived value, distribution coverage, image, price, promotional spending, and profit.",https://www.investopedia.com/terms/m/market-leader.asp
Market Order,"A market order is an instruction by an investor to abrokerto buy or sell stock shares, bonds, or other assets at the best available price in the current financial market.",https://www.investopedia.com/terms/m/marketorder.asp
Market Penetration,Market penetration measures how many customers buy or use a product or service out of the total market.,https://www.investopedia.com/terms/m/market-penetration.asp
Market Power,"Market power refers to a company's relative ability to manipulate the price of an item in the marketplace by manipulating the level of supply, demand, or both.",https://www.investopedia.com/terms/m/market-power.asp
Market Price,The market price is the current price at which a product or service can be bought or sold. The market price of a product or service is determined by the forces of supply and demand. The price at which quantity supplied equals quantity demanded is the market price.,https://www.investopedia.com/terms/m/market-price.asp
Market Saturation,Market saturation arises when the demand for a product or service in a marketplace has been maximized.,https://www.investopedia.com/terms/m/marketsaturation.asp
Market Segmentation Theory,"Market segmentation theory is a theory that long and short-term interest rates are not related to each other. It also states that the prevailing interest rates for short, intermediate, and long-term bonds should be viewed separately like items in different markets for debt securities.",https://www.investopedia.com/terms/m/market-segmentation-theory.asp
Market Value Added (MVA),"Market value added (MVA) is a calculation that shows the difference between the market value of a company and the capital contributed by all investors, both bondholders and shareholders. In other words, it is the market value ofdebt and equity minus all capital claimsheld against the company. It is calculated as:",https://www.investopedia.com/terms/m/mva.asp
Market Value of Equity,Market value of equity is the total dollar value of a company'sequityand is also known asmarket capitalization. This measure of a company's value is calculated by multiplying the current stock price by the total number of outstanding shares. A company's market value of equity is therefore always changing as these two input variables change. It is used to measure a company's size and helps investors diversify their investments across companies of different sizes and different levels of risk.,https://www.investopedia.com/terms/m/market-value-of-equity.asp
Marketable Securities,"Marketable securities are liquidfinancial instrumentsthat can be quickly converted into cash at a reasonable price. The liquidity of marketable securities comes from the fact that the maturities tend to be less than one year, and that the rates at which they can be bought or sold have little effect on prices.",https://www.investopedia.com/terms/m/marketablesecurities.asp
Markup,"A markup is the difference between an investment's lowest currentoffering priceamong broker-dealers and the price charged to the customer for said investment. Markups occur when brokers act as principals, buying and selling securities from their own accounts at their own risk rather than receiving a fee for facilitating a transaction. Most dealers are brokers, and vice versa, and so the termbroker-dealeris common.",https://www.investopedia.com/terms/m/markup.asp
McClellan Oscillator,"The McClellan Oscillator is amarket breadthindicator that is based on the difference between the number of advancing and declining issues on a stock exchange, such as the New York Stock Exchange (NYSE) or NASDAQ.",https://www.investopedia.com/terms/m/mcclellanoscillator.asp
Media Kit,A media kit is a package of information assembled by a company to provide basic information about itself to reporters. The media kit is a promotional public relations tool that can serve several functions. These functions include promoting the launch of a new company or announcing the launch of a new product or service by an existing company. You can present your company as you would like it be seen and save time by eliminating the need for you or your employees to repeatedly answer the same questions.,https://www.investopedia.com/terms/m/media-kit.asp
Medical Cost Ratio (MCR),"Medical cost ratio (MCR), also referred to as medical loss ratio, is a metric used in the privatehealth insuranceindustry. The ratio is calculated by dividing total medical expenses paid by an insurer by the totalinsurance premiumsit collected. A lower ratio likely indicates higher profitability for the insurer, as it signifies a larger amount of premiums are left over after paying customer insurance claims.",https://www.investopedia.com/terms/m/medical-cost-ratio.asp
Medium of Exchange,A medium of exchange is an intermediary instrument or system used to facilitate the purchase and sale of goods and services between parties.,https://www.investopedia.com/terms/m/mediumofexchange.asp
Mental Accounting,Mental accounting refers to the different values a person places on the same amount of money based on subjective criteria.,https://www.investopedia.com/terms/m/mentalaccounting.asp
Mercantilism,"Mercantilism was an economic system of trade that spanned the 16th century to the 18th century. Mercantilism was based on the principle that the world's wealth was static, and consequently, governments had to regulate trade to build their wealth and national power. Many European nations attempted to accumulate the largest possible share of that wealth by maximizing their exports and limiting their imports viatariffs.",https://www.investopedia.com/terms/m/mercantilism.asp
Merger,"A merger is an agreement that unites two existing companies into one new company. There are several types of mergers and reasons companies complete mergers.Mergers and acquisitions (M&A)are commonly done to expand a company’s reach, expand into new segments, or gainmarket share. All of these are done to increaseshareholder value. Often, during a merger, companies have ano-shop clauseto prevent purchases or mergers by additional companies.",https://www.investopedia.com/terms/m/merger.asp
Merger Arbitrage,"Merger arbitrage, often considered ahedge fundstrategy, involves simultaneously purchasing and selling the respective stock of two merging companies to create ""riskless"" profits. Because there is the uncertainty of the deal being completed, the stock price of the target company typically sells at a price below the acquisition price. A merger arbitrageur will review the probability of amergernot closing on time or at all and will then purchase the stock before the acquisition, expecting to make a profit when the merger or acquisition completes.",https://www.investopedia.com/terms/m/mergerarbitrage.asp
Merrill Lynch,"Merrill Lynch & Co. is the former name of a prominentWall Streetinvestment firm. Since its acquisition byBank of America(BAC) in 2009, it has become known simply as “Merrill” and operates as awealth managementdivision of Bank of America.",https://www.investopedia.com/terms/m/merrilllynch.asp
Micro-Investing Platform,"A micro-investing platform is an application that allows users to regularly save small sums of money. Micro-investing platforms aim to remove traditional barriers to investing, such as brokerageaccount minimums, and encourage people to invest even if they have limited incomes and assets.",https://www.investopedia.com/terms/m/microinvesting-platform.asp
Micromarketing,"Micromarketing is an approach to advertising that tends to target a specific group of people in a niche market. With micromarketing, products or services are marketed directly to a targeted group of customers.",https://www.investopedia.com/terms/m/micromarketing.asp
Middle-Income Countries (MICs),"According to the World Bank, middle-income countries (MICs) are defined as economies with agross national income (GNI)per capita between $1,136 and $13,845 as of 2024.MICsconsist of lower-middle-income countries and upper-middle-income countries, both of which are part of the income categories that the World Bank uses to classify economies for operational and analytical purposes.",https://www.investopedia.com/terms/m/middle-income-countries.asp
Mill Levy,The mill levy is the tax rate expressed in mills applied to a property's assessed value.,https://www.investopedia.com/terms/m/mill-levy.asp
Mixed Economic System,"A mixed economic system is one that combines aspects of bothcapitalismandsocialism. A mixed economic system accepts private property and permits economic freedom in the use of capital, but also allows for governments to interfere in economic activities in order to achieve social aims.",https://www.investopedia.com/terms/m/mixed-economic-system.asp
Mobile Banking,"Mobile banking is the act of making financial transactions on a mobile device (cell phone, tablet, etc.). This activity can be as simple as a bank sending fraud or usage activity to a client’s cell phone or as complex as a client paying bills or sending money abroad. Advantages to mobile banking include the ability to bank anywhere and at any time. Disadvantages include security concerns and a limited range of capabilities when compared to banking in person or on a computer.",https://www.investopedia.com/terms/m/mobile-banking.asp
Mobile Commerce,"Mobile commerce, also known as m-commerce, involves using wireless handheld devices like cell phones and tablets to conduct commercial transactions online, including the purchase and sale of products,online banking, and paying bills.",https://www.investopedia.com/terms/m/mobile-commerce.asp
Modified Adjusted Gross Income (MAGI),Modified adjusted gross income (MAGI) is individual's adjusted gross income (AGI) after taking into account certain allowable deductions and tax penalties. MAGI is an important number to understand since it is used in several different tax concepts.,https://www.investopedia.com/terms/m/magi.asp
Modified Dietz Method,The modified Dietz method is a way to measure a portfolio's historical return that is based on a weighted calculation of itscash flow. The method takes into account the timing of cash flows and assumes that there is a constantrate of returnover a specified period of time.,https://www.investopedia.com/terms/m/modifieddietzmethod.asp
Modified Gross Lease,"A modified gross lease is a type ofreal estaterental agreement where the tenant pays base rent at the lease's inception. Still, it takes on a proportional share of some of the other costs associated with the property as well, such asproperty taxes, utilities, insurance, and maintenance.",https://www.investopedia.com/terms/m/modified-gross-lease.asp
Modigliani-Miller Theorem (M&M),"Developed in the 1950s, the Modigliani-Miller theorem (M&M) states that the market value of a company is calculated as the present value of its future earnings andunderlying assets, and is independent of itscapital structure. Capital structure is the combination ofdebtandequityused to finance overall operations and growth.",https://www.investopedia.com/terms/m/modigliani-millertheorem.asp
Mom-and-Pop,"“Mom-and-pop” is a colloquial term used to describe a small, family-owned, or independent business.Mom-and-pop stores are often operations that struggle to compete with more substantial establishments, such asbig-box retailers, which generally boast more buying power than smaller players. In the last few years “shop local” and “shop small” have been used as slogans in marketing campaigns to support these smaller establishments.The term “mom-and-pop” can also refer to inexperienced investors who casually play the market.",https://www.investopedia.com/terms/m/momandpop.asp
Momentum,"Momentum is the rate of acceleration of asecurity'sprice—that is, the speed at which the price is changing. Momentum trading is a strategy that seeks to capitalize on momentum to enter a trend as it is picking up steam.",https://www.investopedia.com/terms/m/momentum.asp
Momentum Investing,Momentum investing is a strategy that aims to capitalize on the continuance of an existingmarket trend. It is a trading strategy in which investors buy securities that are already rising and look to sell them when they look to have peaked,https://www.investopedia.com/terms/m/momentum_investing.asp
Monetarist Theory,"The monetarist theory is an economic concept that contends that changes inmoney supplyare the most significant determinants of the rate ofeconomic growthand the behavior of the business cycle. When monetarist theory works in practice, central banks, which control the levers of monetary policy, can exert much power over economic growth rates.",https://www.investopedia.com/terms/m/monetaristtheory.asp
Monetary Policy,Monetary policy is a set of tools used by a nation'scentral bankto control the overall money supply and promote economic growth and employ strategies such as revising interest rates and changing bank reserve requirements.,https://www.investopedia.com/terms/m/monetarypolicy.asp
Money Factor,"Money factor is a method for determining the financing charges on a lease with monthly payments. A money factor can be translated into the more commonannual percentage rate(APR) by multiplying the money factor by 2,400.",https://www.investopedia.com/terms/m/money-factor.asp
Money Flow,"Money flow is calculated by averaging the high, low andclosing prices, and multiplying by the daily volume. Comparing that result with the number for the previous day tells traders whether money flow was positive or negative for the current day. Positive money flow indicates that prices are likely to move higher, while negative money flow suggests prices are about to fall. The below example shows negative money flow between Day One and Day Two:",https://www.investopedia.com/terms/m/moneyflow.asp
Money Illusion,"Money illusion is an economic theory that suggests that people tend to view theirwealthandincomeinnominaldollar terms rather than inreal terms. Put simply, money allusion means that people don't account for inflation in an economy and wrongly believe that a dollar is worth the same as it was the prior year.",https://www.investopedia.com/terms/m/money_illusion.asp
Money Laundering,The prevention of money laundering has become an international effort,https://www.investopedia.com/terms/m/moneylaundering.asp
Money Manager,"A money manager is a person or financial firm that manages the securitiesportfolioof an individual or institutional investor. Typically, a money manager employs people with various expertise ranging from research and selection of investment options to monitoring the assets and deciding when to sell them.",https://www.investopedia.com/terms/m/moneymanager.asp
Monopolistic Competition,"Monopolistic competition is a market structure in which companies compete against each other by offering products or services that are only slightly different. As a result, no single product or service dominates the market.",https://www.investopedia.com/terms/m/monopolisticmarket.asp
Mothballing,"Mothballing is the deactivation and preservation of equipment or a production facility for possible future use or sale. It can also mean the setting aside of an object or idea for possible reuse or revisiting in the future. Mothballing is common with expensivecapital goods, machinery, aircraft, ships, properties, and other assets that are costly to create, have long useful lives, and may be subject to unpredictablemarket disruptions.",https://www.investopedia.com/terms/m/mothballing.asp
MSCI All Country World Index (ACWI),"The MSCI All Country World Index (ACWI) is a stock index designed to track broad global equity-market performance. Maintained byMorgan Stanley Capital International(MSCI), the index comprises the stocks of nearly 3,000 companies from 23 developed countries and 24emerging marketsas of Dec. 29, 2023.",https://www.investopedia.com/terms/m/msci-acwi.asp
Multiple Employer Welfare Arrangement (MEWA),"A multiple employer welfare arrangement (MEWA) is a system for marketing health and welfarebenefitsto employers, for their employees. Also described as a ""multiple employer trust (MET),"" a multiple employer welfare arrangement happens when agroup of employerscombines their contributions in a self-contributing benefits plan for the benefit of their employees.",https://www.investopedia.com/terms/m/mewa.asp
Multiplier Effect,"The multiplier effect refers to the proportional amount of increase, or decrease, in final income that results from an injection, or withdrawal, of capital. The multiplier effect measures the impact that a change in economic activity—like investment or spending—will have on total economic output. This degree of amplification is known as themultiplier.",https://www.investopedia.com/terms/m/multipliereffect.asp
Municipal Securities Rulemaking Board (MSRB),"The Municipal Securities Rulemaking Board (MSRB) is a regulating body thatcreates rules and policiesfor investment firms and banks in the issuing and sale of municipal bonds, notes, and other municipal securities. States, cities, and counties issue municipal securities for a variety of reasons.",https://www.investopedia.com/terms/m/msrb.asp
Musharakah,"Musharakah is a joint enterprise or partnership structure in Islamic finance in which partners share in the profits and losses of an enterprise. Since Islamic law (Sharia) does not permit profiting from interest in lending, musharakah allows for the financier of a project or company to achieve a return in the form of a portion of the actual profits according to a predetermined ratio.",https://www.investopedia.com/terms/m/musharakah.asp
Mutual Company,"A mutual company is aprivate firmthat is owned by its customers or policyholders. The company's customers are also its owners. As such, they are entitled to receive a share of the profits generated by the mutual company.",https://www.investopedia.com/terms/m/mutualcompany.asp
NACHA,"Nacha is the steward of the electronic system that connects all U.S. bank accounts and facilitates the movement of money among them. According to the organization, $73 trillion moved through itsAutomated Clearing House (ACH)Network in 2021.",https://www.investopedia.com/terms/n/nacha.asp
Narrow Money,"Narrow money is a category of money supply that includes all physical money such as coins and currency,demand deposits, and otherliquid assetsheld by a central bank.",https://www.investopedia.com/terms/n/narrowmoney.asp
Nasdaq Global Select Market Composite,"The NASDAQ Global Select Market Composite is a market capitalization-weightedindexmade up of U.S.-based and international stocks that represent the NASDAQ Global Select Market. As of August 2020, the NASDAQ Global Select Market Composite consisted of more than 1,400 stocks that meet Nasdaq's strict financial and liquidity requirements and corporate governance standards.﻿﻿",https://www.investopedia.com/terms/n/nqgs.asp
National Association of Investors Corp. (NAIC),"The National Association of Investors Corp. (NAIC) is a nonprofit organization founded in 1951, and dedicated to providing investor education and promote investor success. The association is based in Madison Heights, Mich., and is composed ofinvesting clubsalong with individual investors from around the United States. The organization today goes mainly by the name BetterInvesting.",https://www.investopedia.com/terms/n/naic.asp
National Association of Real Estate Investment Trusts (Nareit),The National Association of Real Estate Investment Trusts (Nareit) is a trade association that represents the interests ofreal estate investment trusts (REITs)and other public companies that deal with the U.S.real estatemarket.,https://www.investopedia.com/terms/n/nareit.asp
National Credit Union Administration (NCUA),The National Credit Union Administration (NCUA) is an agency of the United States federal government. The federal government created theNCUAto monitor federal credit unions across the country.,https://www.investopedia.com/terms/n/ncua.asp
National Income Accounting,Governments use national income accounting to study a country's economic activity.,https://www.investopedia.com/terms/n/national_income_accounting.asp
National Market System (NMS),"The National Market System (NMS) promotes free market transparency by regulating how all major exchanges disclose and execute trades. It is the system forequitytrading and order fulfillment in the U.S. that consists of trading, clearing, depository, and quote distribution functions. The NMS governs the activities of all formal U.S. stockexchangesand the NASDAQ market.",https://www.investopedia.com/terms/n/nms.asp
National Securities Clearing Corporation (NSCC),"National Securities Clearing Corporation (NSCC) is a subsidiary of Depository Trust & Clearing Corporation (DTCC) that provides centralized clearing, risk management, information, and settlement services to the financial industry.",https://www.investopedia.com/terms/n/nscc.asp
Nationalization,"Nationalization refers to the action of a government taking control of a company or industry, which generally occurs without compensation for the loss of thenet worthof seized assets and potential income. The action may be the result of a nation's attempt toconsolidate power, resentment of foreign ownership of industries representing significant importance to local economies or to prop up failing industries.",https://www.investopedia.com/terms/n/nationalization.asp
Natural Gas Liquids,"Natural gas liquids (NGL) are components of natural gas that are separated from the gas state in the form of liquids. This separation occurs in a field facility or a gas processing plant through absorption, condensation, or other methods. There are several types of natural gas liquids and many different applications for NGL products.",https://www.investopedia.com/terms/n/natural-gas-liquids.asp
Natural Language Processing (NLP),"Natural Language Processing (NLP) is a field of artificial intelligence (AI) that enables computers to analyze and understand human language, both written and spoken. It was formulated to build software that generates and comprehends natural languages so that a user can have natural conversations with a computer instead of through programming or artificial languages like Java or C.",https://www.investopedia.com/terms/n/natural-language-processing-nlp.asp
Natural Selection,"In modern biology, natural selection is a process whereby species which have traits that enable them to adapt in an environment survive and reproduce, and then pass on their genes to the next generation. Natural selection means that species that can adapt to a specific environment will grow in numbers and eventually greatly outnumber those species that cannot adapt.",https://www.investopedia.com/terms/n/natural-selection.asp
Near Money,"Near money, sometimes referred to as quasi-money or cash equivalents, is a financial economics term describing non-cash assets that are highlyliquidand easily converted to cash.",https://www.investopedia.com/terms/n/near-money.asp
Near the Money,"The phrase ""near the money"" refers to anoptions contractwhose strike price is close to the current market price of the corresponding underlying security. Near-the-money is synonymous with at-the-money. It is very seldom that the underlying asset's price will be exactly at the strike price.",https://www.investopedia.com/terms/n/near-the-money.asp
Negative Amortization,"Negative amortization is a financial term referring to an increase in theprincipalbalance of a loan caused by a failure to cover theinterestdue on that loan. For example, if the interest payment on a loan is $500, and the borrower only pays $400, then the $100 difference would be added to the loan's principal balance.",https://www.investopedia.com/terms/n/negativeamortization.asp
Negative Bond Yield,A negative bond yield is when an investor receives less money at thebond'smaturity than the original purchase price for the bond. A negative bond yield is an unusual situation in which issuers of debt arepaidto borrow.,https://www.investopedia.com/terms/n/negative-bond-yield.asp
Negative Feedback,"Negative feedback can be defined as a system where outputs mute or moderate the initial inputs, with a dampening effect. In the context ofcontrarian investment, an investor using a negative feedback strategy would buy stocks when prices decline and sell stocks when prices rise, which is the opposite of what most people do. Negative feedback, by this definition, helps make markets less volatile by pushing systems towards equilibrium.",https://www.investopedia.com/terms/n/negative-feedback.asp
Negative Goodwill (NGW),"In business, negative goodwill (NGW) is a term that refers to thebargain purchaseamount of money paid, when a company acquires another company or its assets for significantly less their fair market values. Negative goodwill,also know as badwill, generally indicates that the selling party is distressed or has declared bankruptcy, and faces no other option but to unload its assets for a fraction of their worth.",https://www.investopedia.com/terms/n/negativegoodwill.asp
Negotiable Bill of Lading,"Lading is the process of loading cargo onto a ship or vessel, and a negotiable bill of lading is one kind ofbill of lading. The bill of lading is a legal document between the shipper and carrier, detailing the type, quantity, and destination of goods being carried. The negotiable bill of lading is distinguished by the fact that it is a contract of carriage that can be transferred to athird party.",https://www.investopedia.com/terms/n/negotiable-bill-of-lading.asp
Net Cash,Net cash is a figure that is reported on a company’s financial statements. It is calculated by subtracting a company’s total liabilities from its totalcash.,https://www.investopedia.com/terms/n/net-cash.asp
Net Debt-to-EBITDA Ratio,"The net debt-to-EBITDA(earnings before interest depreciation and amortization) ratio is a measurement of leverage, calculated as a company's interest-bearing liabilities minus cash or cash equivalents, divided by its EBITDA. The net debt-to-EBITDA ratio is a debt ratio that shows how many years it would take for a company to pay back its debt if net debt and EBITDA are held constant. However, if a company has more cash than debt, the ratio can be negative. It is similar to thedebt/EBITDA ratio, but net debt subtracts cash and cash equivalents while the standard ratio does not.",https://www.investopedia.com/terms/n/net-debt-to-ebitda-ratio.asp
Net Domestic Product (NDP),Net domestic product (NDP) is an annual measure of the economic output of a nation that is calculated by subtractingdepreciationfromgross domestic product (GDP). It is the market value of goods and services produced in a nation minus the value of the capital used to produce those goods and services.,https://www.investopedia.com/terms/n/netdomesticproduct.asp
Net Foreign Assets (NFA),"Net foreign assets (NFA) determine whether a country is a creditor or debtor nation by measuring the difference in its externalassetsand liabilities. NFA refer to the value of overseas assets owned by a nation, minus the value of its domestic assets that are owned by foreigners, adjusted for changes in valuation andexchange rates.",https://www.investopedia.com/terms/n/net-foreign-assets-nfa.asp
Net Foreign Factor Income (NFFI),Net foreign factor income (NFFI) is the difference between a nation’sgross national product(GNP) and itsgross domestic product(GDP).,https://www.investopedia.com/terms/n/net-foreign-factor-income-nffi.asp
Net Income (NI),"Net income (NI), also called net earnings, is a useful number for investors to assess how much revenue exceeds the expenses of an organization. The formula to determine net income is sales minuscost of goods sold, selling, general and administrative expenses, operating expenses, depreciation, interest, taxes, and other expenses.",https://www.investopedia.com/terms/n/netincome.asp
Net International Investment Position (NIIP),"A net international investment position (NIIP) measures the gap between a nation’s stock of foreignassetsand a foreigner's stock of that nation's assets. Essentially, it can be viewed as a nation’sbalance sheetwith the rest of the world at a specific point in time.",https://www.investopedia.com/terms/n/net-international-investment-position-niip.asp
Net Investment,"Net investment is the total amount of money that a company spends oncapital assets, minus the cost of thedepreciationof those assets. This figure provides a sense of the real expenditure on durable goods such as plants, equipment, and software that are being used in the company's operations.",https://www.investopedia.com/terms/n/netinvestment.asp
Net Investment Income (NII),"Net investment income (NII), for tax purposes, is the total amount of money received from assets such as stocks, bonds, and mutual funds, minus related expenses.",https://www.investopedia.com/terms/n/netinvestmentincome.asp
Net Present Value of Growth Opportunities (NPVGO),The net present value of growth opportunities (NPVGO) is a calculation of the net present value per share of all future cash flows involved with growth opportunities such as new projects or potential acquisitions. Thenet present valueof growth opportunities is used to determine the intrinsic value per share of these growth opportunities in order to determine how much of the firm's current per-share value is determined by them.,https://www.investopedia.com/terms/n/npvgo.asp
Net Present Value Rule,The net present value rule is the idea that company managers and investors should only invest in projects or engage in transactions that have a positivenet present value(NPV). They should avoid investing in projects that have a negative net present value. It is a logical outgrowth of net present value theory.,https://www.investopedia.com/terms/n/npv-rule.asp
Net Sales,"Net sales is the sum of a company'sgross salesminus its returns, allowances, and discounts. Net sales calculations are not always transparent externally. They can often be factored into the reporting of top line revenues reported on the income statement.",https://www.investopedia.com/terms/n/netsales.asp
Net Tangible Assets,"The term nettangible assetsrefers to the total physical assets of a company minus all intangible assets and liabilities. In other words, net tangible assets focus on physical assets such asproperty, plant, and equipment(PP&E), as well as inventories and cash instruments. Physical assets are anything that is listed on a company's balance sheet while intangible assets are those without a physical form. Acompany's net tangible assetscan help it secure financing and determine how much risk it carries.",https://www.investopedia.com/terms/n/nettangibleassets.asp
Network Effect,"The network effect is a phenomenon whereby increased numbers of people or participants improve thevalue of a good or service. The more popular a business or product grows, the more the users effectively act as salesmen, spreading the word about the entity or item.",https://www.investopedia.com/terms/n/network-effect.asp
Neutrality Of Money,"The neutrality of money, also called neutral money, is an economic theorystating that changes in themoney supplyonly affectnominalvariables and not real variables. In other words, the theory says that the amount of money printed bycentral bankscan impact prices and wages, but not the output or structure of the economy.",https://www.investopedia.com/terms/n/neutrality_of_money.asp
New Home Sales,"New Home Sales, also known as ""new residential sales,"" is aneconomic indicatorpublished monthly by theU.S Census Bureauthat measures sales of newly built homes.﻿﻿",https://www.investopedia.com/terms/n/newhomesales.asp
New Indications,"New indications is a termpharmaceutical companiesuse to refer to new evidence signifying that there may be new applications for an existing drug or procedure. This type of news is closely followed by investors, who can access such findings through the press releases issued on companies’investor relationspages.",https://www.investopedia.com/terms/n/new-indications.asp
New Keynesian Economics,New Keynesian economics is a modernmacroeconomicschool of thought that evolved from classicalKeynesian economics. This revised theory differs from classical Keynesian thinking in terms of how quickly pricesand wagesadjust.,https://www.investopedia.com/terms/n/new-keynesian-economics.asp
New Paradigm,"In investing, a new paradigm is a revolutionary new concept or way of doing things that replaces old beliefs and ways of doing things.",https://www.investopedia.com/terms/n/newparadigm.asp
New York Mercantile Exchange (NYMEX),"The New York Mercantile Exchange (NYMEX) is the world's largest physical commodityfutures exchangeand is today part of theChicago Mercantile Exchange Group(CME Group), which is the world’s leading and most diverse derivatives marketplace. CME Group consists of four exchanges:Chicago Mercantile Exchange(CME),Chicago Board of Trade(CBOT), NYMEX, and theCommodity Exchange, Inc.(COMEX). Each exchange lists a wide range of futures products, commodities, and global benchmarks across major asset classes.",https://www.investopedia.com/terms/n/nymex.asp
New York Stock Exchange (NYSE),"The New York Stock Exchange (NYSE) is astock exchangelocated in New York City that is the largestequities-based exchange in the world, based on the totalmarket capitalizationof its listed securities.",https://www.investopedia.com/terms/n/nyse.asp
Newly Industrialized Country (NIC),"A newly industrialized country (NIC) is a term used by political scientists andeconomiststo describe a country whose level of economic development ranks it somewhere between developing and highly developed classifications. These countries have moved away from an agriculture-based economy and into a more industrialized, urban economy. Experts also know them as ""newly industrializing economies"" or ""advanced developing countries.""",https://www.investopedia.com/terms/n/newly-industrialized-country.asp
News Trader,"A news trader is a trader or investor who makes decisions based on news announcements. Breaking news, economic reports, and other reported events can have a short-lived effect on the price action of stocks, bonds, and other securities. News traders try to profit by taking advantage ofmarket sentimentleading up to the release of important news and/or trading on the market's response to the news after the fact.",https://www.investopedia.com/terms/n/news-trader.asp
Next of Kin,"Next of kin refers to a person's closest living relative(s). Individuals who count as next of kin include those with a blood relation, such as children, or those with legal standing, such as spouses or adopted children. A person's next of kin often takes precedence over others ininheritancecases, especially whena willisn't established.",https://www.investopedia.com/terms/n/next-of-kin.asp
Night Depository,"A night depository is a secured bank drop box where account holders (usually small business owners or employees) can deposit their daily cash, checks, and credit card slips outside of normal banking hours (usually from 9 a.m. to 5 p.m.). The bank will collect thedepositsand credit them to the client's account on the following business day.",https://www.investopedia.com/terms/n/night-depository.asp
No-Load Fund,A no-load fund is a mutual fund in which shares are sold without a commission or sales charge.,https://www.investopedia.com/terms/n/no-loadfund.asp
No-Par Value Stock,"No-par value stock is issued without the specification of a par value indicated in a company'sarticles of incorporationor on itsstock certificates. Most shares issued are classified as no-par or low-par value stock, where prices of the latter are determined by the amount of cash investors are willing to pony up for the stocks on the open market.",https://www.investopedia.com/terms/n/noparvalue.asp
Nominal,"Nominal is a common financial term with several different meanings. In the first, it means very small or far below the real value or cost. In finance, this adjective modifies words such as a fee or charge. A nominal fee is below the price of the service provided or presumably easy for a consumer to afford, or a fee that is small enough that it does not have any meaningful impact on one's finances. Nominal may also refer to a rate that's been unadjusted for inflation.",https://www.investopedia.com/terms/n/nominal.asp
Nominal Yield,"A bond's nominal yield, depicted as a percentage, is calculated by dividing total interest paid annually by the face, orpar, value of the bond.",https://www.investopedia.com/terms/n/nominalyield.asp
Nomination Committee,"The term nomination committee refers to a committee that acts as part of an organization’scorporate governance. A nomination committee evaluates a firm'sboard of directorsand examines the skills and characteristics required of board candidates. Nomination committees may also have other duties, which vary from company to company.",https://www.investopedia.com/terms/n/nominationcommittee.asp
Non-Accelerating Inflation Rate of Unemployment,"The non-accelerating inflation rate of unemployment (NAIRU) is the specific level ofunemploymentthat is evident in an economy that does not causeinflationto increase. In other words, if unemployment is at the NAIRU level, inflation is constant. NAIRU often represents the equilibrium between the state of the economy and the labor market.",https://www.investopedia.com/terms/n/non-accelerating-rate-unemployment.asp
Non-Deliverable Swap (NDS),"A non-deliverable swap (NDS) is a variation on acurrency swapbetween major and minor currencies that are restricted or not convertible. This means there is no physical delivery of the two currencies involved, unlike a typical currency swap where there is an exchange of currency flows. Periodic settlement of an NDS is done on a cash basis, generally in U.S. dollars. The settlement value is based on the difference between the exchange rate specified in the swap contract and the spot rate, with one party paying the other the difference.",https://www.investopedia.com/terms/n/nondeliverableswap.asp
Non-Disclosure Agreement (NDA),A non-disclosure agreement (NDA) is a legally binding contract that establishes a confidential relationship between two parties: one that holds sensitive information and the other that will receive that sensitive information. The latter agrees that the information they receive won't be made available to others. An NDA may also be referred to as a confidentiality agreement.,https://www.investopedia.com/terms/n/nda.asp
Non-Marketable Security,"A non-marketable security is an asset that is difficult to buy or sell due to the fact that they are not traded on any majorsecondary market exchanges. Suchsecurities, often forms of debt or fixed-income securities, are usually only bought and sold through private transactions or in anover-the-counter (OTC)market.",https://www.investopedia.com/terms/n/non-marketable_securities.asp
Non-Member Banks,"Non-member banks are banks that are not members of the U.S.Federal Reserve System. As with member banks, non-member banks are subject toreserve requirements, which they have to maintain by placing a percentage of their deposits at aFederal Reserve Bank. Although non-member banks are not required to purchase stock in their district Federal Reserve banks, they still have access to services offered by the Federal Reserve, such as its discount window on the same terms as member banks.",https://www.investopedia.com/terms/n/non-member-banks.asp
Non-Operating Income,"Non-operating income is the portion of an organization'sincomethat is derived from activities not related to its core business operations. It can include items such asdividendincome,profitsor losses from investments, as well as gains or losses incurred by foreign exchange and asset write-downs. Non-operating income is also referred to as incidentalor peripheral income.",https://www.investopedia.com/terms/n/non-operating-income.asp
Nonaccrual Loan,"Nonaccrual loan is an accounting term in the lending industry for anunsecured loanthat is no longer generating its stated interest rate because no payment has been made by the borrower for 90 days or more. For a lender in business to earn interest, it has become anonperforming loan(NPL).",https://www.investopedia.com/terms/n/nonaccrual-loan.asp
Nonce,"Nonce, a portmanteau of “number used only once,” is a number that the Bitcoin mining program uses. It is included in the block header, then that information is hashed. If the resulting hexadecimal number adds up to a value of less than or equal to the network’s difficulty target, the miner’s block is added to the blockchain. Another is opened, and the process begins again.",https://www.investopedia.com/terms/n/nonce.asp
Noncumulative,"The term ""noncumulative"" describes a type ofpreferred stockthat does not pay stockholders any unpaid or omitted dividends. Preferred stock shares are issued with pre-established dividend rates, which may either be stated as a dollar amount or as a percentage of the par value. If the corporation chooses not to pay dividends in a given year,investorsforfeit the right to claim any of the unpaid dividends in the future.",https://www.investopedia.com/terms/n/noncumulative.asp
Noncurrent Assets,"Noncurrent assets are a company's long-term investments for which the full value will not be realized within the accounting year. They are typically highlyilliquid, meaning these assets cannot easily be converted into cash. Examples of noncurrent assets include investments, intellectual property, real estate, and equipment. Noncurrent assets appear on a company'sbalance sheet.",https://www.investopedia.com/terms/n/noncurrent-assets.asp
Nonfinancial Asset,"A nonfinancial asset is an asset that derives its value from its physical traits. Examples include real estate and vehicles. It also includes allintellectual property, such as patents and trademarks. The classification of possessions as nonfinancial assets is important to businesses as these items appear on a company's balance sheet and determine a multitude of factors, such as a company'smarket valueand debt profile.",https://www.investopedia.com/terms/n/nonfinancialasset.asp
Nonpassive Income and Losses,"Nonpassive income and losses constitute any income or losses that cannot be classified as passive. Nonpassive income includes anyactive incomesuch as wages,business income, or investment income. Nonpassive losses include losses incurred in theactive managementof a business. Nonpassive income and losses are usually declarable and deductible in the year incurred.",https://www.investopedia.com/terms/n/nonpassive-income-and-losses.asp
Normal Good,"Normal goods are consumer products such as food and clothing that exhibit a direct relationship between demand and income. As a consumer's income rises, the demand for normal goods also increases.",https://www.investopedia.com/terms/n/normal-good.asp
Normal Profit,Normal profit is a profit metric that takes into consideration both explicit and implicit costs. It may be viewed in conjunction with economic profit. Normal profit occurs when the difference between a company’s total revenue and combinedexplicitandimplicitcosts are equal to zero.,https://www.investopedia.com/terms/n/normal_profit.asp
Normal Yield Curve,"The normal yield curve is a yield curve in whichshort-term debtinstruments have a lower yield thanlong-term debtinstruments of the same credit quality. This gives the yield curve an upward slope. This is the most often seen yield curve shape, and it's sometimes referred to as the ""positive yield curve.""",https://www.investopedia.com/terms/n/normalyieldcurve.asp
Notching,Notching is the practice by credit rating agencies to give differentcredit ratingsto the particular obligations or debts of a single issuing entity or closely related entities.,https://www.investopedia.com/terms/n/notching.asp
Notice of Termination,"A notice of termination is what an employer uses to notify an employee as to the end of theiremployment contract. More broadly, it may also refer to the formal notification of the end of a contract between two or more parties. While a notice of termination usually is provided to an employee for reasons unrelated to their job performance—for example, because business conditions necessitate layoffs or downsizing—it may also be given to an employee for poor job performance or misconduct.",https://www.investopedia.com/terms/n/notice-of-termination.asp
Notional Value,"Notional value is a term often used by derivatives traders to refer to the total value of the underlying asset in a contract. It can be the total value of a position, how much value a position controls, or an agreed-upon amount in a contract. Put simply, it is the face value that is used to determine payments on a financial asset. This term is used when describing derivative contracts in the options, futures, forwards, and currency markets.",https://www.investopedia.com/terms/n/notionalvalue.asp
Numeraire,"Numeraire is an economic term of French origin, which acts as a benchmark in comparing the value of similar products or financial instruments. The word numeraire translates as ""money,"" ""coinage,"" or ""face value.""",https://www.investopedia.com/terms/n/numeraire.asp
Objective Probability,"Objective probability refers to the chances or the odds that an event will occur based on the analysis of concrete measures rather than hunches or guesswork. Each measure is a recorded observation, a hard fact, or part of a long history of collected data. The probability estimate is computed using mathematical equations that manipulate the data to determine the likelihood of an independent event occurring. An independent event is an event whose outcome is not influenced by prior events. Subjective probability, by contrast, may utilize some method ofdata analysisbut also uses guesstimates or intuition to determine the chances of a specific outcome.",https://www.investopedia.com/terms/o/objective-probability.asp
Obligation,"An obligation is the responsibility of a party to meet the terms of a contract or agreement. If an obligation is not met, the legal system often provides recourse for the injured party.",https://www.investopedia.com/terms/o/obligation.asp
Obsolete Inventory,Obsolete inventory is a term that refers toinventorythat is at the end of itsproduct life cycle. This inventory has not been sold or used for a long period of time and is not expected to be sold in the future. This type of inventory has to be written-down or written-off and can cause large losses for a company.,https://www.investopedia.com/terms/o/obsoleteinventory.asp
Occupancy Rate,"Occupancy rate is the ratio of rented or used space to the total amount of available space. Analysts use occupancy rates when discussing senior housing, hospitals, bed-and-breakfasts, hotels, and rental units, among other categories. In a call center, occupancy rate refers to the amount of time agents spend on calls compared to their total working hours.",https://www.investopedia.com/terms/o/occupancy-rate.asp
Occupational Safety And Health Act,"The Occupational Safety and Health Act is a law passed by the U.S. Congress in 1970 to ensure safe workplace conditions around the country. It established the federal Occupational Safety and Health Administration (OSHA), which sets and enforces workplace health and safety standards.",https://www.investopedia.com/terms/o/occupational-safety-and-health-act.asp
Odious Debt,"Odious debt, also known as illegitimate debt, is when a country's government changes and the successor government does not want to pay debts incurred by the previous government. Usually, successor governments argue that the previous government misappropriated money it had borrowed and that they should not be held responsible for the previous regime’s alleged misdeeds.",https://www.investopedia.com/terms/o/odious-debt.asp
Off-the-Run Treasuries,Off-the-run treasuries are all Treasury bonds and notes issued before the most recently issued bond or note of a particular maturity.,https://www.investopedia.com/terms/o/off-the-runtreasuries.asp
Office of the Superintendent of Financial Institutions (OSFI),"The Office of the Superintendent of Financial Institutions (OSFI) is an independent agency of the Government of Canada that is responsible for the supervision and regulation of banks, insurance companies, and trust and loan companies. The agency also regulates privatepension plans, which are subject to federal oversight.",https://www.investopedia.com/terms/o/office-of-the-superintendent-of-financial-institutions-osfi.asp
Offsetting Transaction,"An offsetting transaction cancels out the effects of another transaction. Offsetting transactions can occur in any market, but typically offsetting transactions refer to the options,futures, and exotic instrument markets. An offsetting transaction can meanclosinga transaction or taking another position in the opposite direction to cancel the effects of the first.",https://www.investopedia.com/terms/o/offsetting-transaction.asp
Offtake Agreement,"The term offtake agreement refers to an arrangement between a producer and buyer to purchase or sell portions of the producer's upcoming goods. Offtake agreements often help selling companies acquireproject financingfor future construction, expansion projects, or new equipment through the promise of future income and proof of existing demand for the goods. They are normally negotiated involatilemarkets before a company builds its factory or facility to secure a position in the market and a future revenue stream.",https://www.investopedia.com/terms/o/offtake-agreement.asp
OHLC Chart,"An OHLC chart is a type ofbar chartthat shows open, high, low, and closing prices for each period. OHLC charts are useful since they show the four major data points over a period, with theclosingprice being considered the most important by many traders.",https://www.investopedia.com/terms/o/ohlcchart.asp
Oil Field,"An oil field is a tract of land used for the purpose of extracting petroleum, such as natural gas orcrude oil,from the ground. Although some contest the exact origins of oil, most consider petroleum to be a ""fossil fuel"" created from dead organic material often found in ancient seabeds thousands of meters below the surface of the earth.",https://www.investopedia.com/terms/o/oil-field.asp
Oil Initially In Place (OIIP),"Oil initially in place (OIIP) is the amount ofcrude oilfirst estimated to be in a reservoir. Oil initially in place differs from oil reserves, as OIIP refers to the total amount of oil that is potentially in a reservoir and not the amount of oil that can be recovered. Calculating OIIP requires engineers to determine how porous the rock surrounding the oil is, how high water saturation might be and the net rock volume of the reservoir. The numbers for the aforementioned factors are established by conducting a series of test drills around the reservoir.",https://www.investopedia.com/terms/o/oil-initially-in-place.asp
Oil Pollution Act of 1990,The U.S. Congress enacted the Oil Pollution Act of 1990 (OPA) to streamline and strengthen the Environmental Protection Agency's (EPA) power to prevent oil spills. It was passed as an amendment to the Clean Water Act of 1972 following the Exxon Valdez oil spill of 1989. The Oil Pollution Act of 1990 is one of the most wide-reaching and critical pieces of environmental legislation ever passed.,https://www.investopedia.com/terms/o/oil-pollution-act-of-1990.asp
Oil Sands,"Oil sands, or tar sands, are sand and rock material that contain crudebitumen—a dense, viscous form ofcrude oil. Bitumen is too thick to flow on its own, so extraction methods are necessary. Bitumen is extracted and processed using two methods: mining and in-situ recovery.",https://www.investopedia.com/terms/o/oilsand.asp
Old Lady,"The ""Old Lady"" is an eighteenth-century nickname for the Bank of England. It is a short version of the Old Lady of Threadneedle Street, a reference to the bank’s address in the middle of London.",https://www.investopedia.com/terms/o/old_lady.asp
Oligopsony,An oligopsony is a market for a product or service which is dominated by a few large buyers. The concentration of demand in just a few parties gives each substantial power over thesellersand can effectively keep prices down.,https://www.investopedia.com/terms/o/oligopsony.asp
One Percent Rule,"The one percent rule, sometimes stylized as the ""1% rule,"" is used to determine if the monthly rent earned from a piece ofinvestment propertywill exceed that property's monthlymortgage payment. The goal of the rule is to ensure that the rent will be greater than or—at worst—equal to the mortgage payment, so the investor at least breaks even on the property.",https://www.investopedia.com/terms/o/one-percent-rule.asp
One-Third Rule,The one-third rule estimates change inlabor productivitybased on changes in capital devoted to labor. The rule is used to determine the impact that changes in technology or capital have on production.,https://www.investopedia.com/terms/o/one-third-rule.asp
Opaque Pricing,"Opaque pricing is a way that companies can sell their merchandise at hidden, lower prices. Opaque pricing is a type ofprice discrimination, with the target customer being the one who will purchase a product or service primarily based on price (price-conscious customer)—and not based on the company’s amenities, reputation, etc.",https://www.investopedia.com/terms/o/opaque-pricing.asp
OPEC Basket,"The OPEC Basket is a weighted average of oil prices from the different OPEC members around the world. Members of theOrganization of the Petroleum Exporting Countries(OPEC) contribute data that forms the basis of the basket. The basket is a benchmark, or reference point, for those monitoring the oil price and the stability of the global oil market.",https://www.investopedia.com/terms/o/opecbasket.asp
Open-End Credit,"Open-end credit is a loan from a bank or other financial institution that the borrowercan draw on repeatedly, up to a certain pre-approved amount, and that has no fixed end date for full repayment. Open-end credit is also referred to as revolving credit. Credit cards are one common example.",https://www.investopedia.com/terms/o/openendcredit.asp
Open-End Fund,An open-end fund is a diversified portfolio of pooled investor money that can issue an unlimited number of shares.,https://www.investopedia.com/terms/o/open-endfund.asp
Open-End Management Company,An open-end management company is a type of investment company responsible for the management of open-end funds. Open-end management companies manage both open-end mutual funds andexchange traded funds(ETFs).,https://www.investopedia.com/terms/o/openendmanagementcompany.asp
Open House,Buying a house is often the largest single purchase that someone will make. An open house allows prospective buyers to tour properties in person before committing to the sale.,https://www.investopedia.com/terms/o/open-house.asp
Open Loop Card,"An open loop card is a general-purpose charge card that can be used anywhere that brand of card is accepted. It usually bears the logo of the card brand or network (which processes the actual transactions), such as Visa, Mastercard, American Express, or Discover. In the case of cards offered through financial institutions, like Visas or Mastercards, it often shows the name of the issuing bank or credit union as well.",https://www.investopedia.com/terms/o/open-loop-card.asp
Open Market,"An open market is an economic system with little to no barriers to free-market activity. An open market is characterized by the absence of tariffs, taxes, licensing requirements,subsidies, unionization, and any other regulations or practices that interfere with free-market activity. Open markets may have competitivebarriers to entry, but never any regulatory barriers to entry.",https://www.investopedia.com/terms/o/open-market.asp
Open-Market Rate,"The open-market rate is the rate of interest paid on any debt security that trades in theopen market. Interest rates for such debt instruments as commercial paper and banker's acceptances would fall under the category of open-market rates. Debt securities include government bonds, corporate bonds, certificate of deposit (CD), municipal bonds and preferred stock.",https://www.investopedia.com/terms/o/open-market-rate.asp
Open Order,"An open order is an un-filled, or working order that is to beexecutedwhen an, as yet, unmet requirement has been met before it is cancelled by the customer or expires. The customer has the flexibility to place an order to buy or sell a security that remains in effect until their specified condition has been satisfied.",https://www.investopedia.com/terms/o/openorder.asp
Open Position,"An open position in investing is any established or entered trade that has yet to close with an opposing trade. An open position can exist following a buy, along position, a sell, or ashort position. In any case, the position remains open until an opposing trade takes place.",https://www.investopedia.com/terms/o/open-position.asp
Open Source,Open source refers to a software program or platform with source code that is readily accessible and can be modified or enhanced by anyone.,https://www.investopedia.com/terms/o/open-source.asp
Open Trade Equity (OTE),"Open trade equity (OTE) is the net ofunrealized gain or losson open derivatives positions. Put differently, OTE is the paper gains and losses represented by the present market value and the price paid (or received) for a position. Once the position is closed, the gain or loss will becomerealized.",https://www.investopedia.com/terms/o/open-trade-equity-ote.asp
Opening Cross,The Opening Cross is a process the Nasdaq uses to determine the opening price of stocks. It matches buy and sell orders at the start of each trading day to establish a fair and orderly opening price for each stock.,https://www.investopedia.com/terms/o/opening-cross.asp
Operating Activities,"Operating activities are the functions of a business directly related to providing its goods and/or services to the market. These are the company's core business activities, such as manufacturing, distributing, marketing, and selling a product or service. Operating activities will generally provide the majority of a company’scash flowand largely determine whether it is profitable. Some common operating activities include cash receipts from goods sold, payments to employees, taxes, and payments to suppliers. These activities can be found on a company's financial statements and in particular the income statement and cash flow statement.",https://www.investopedia.com/terms/o/operating-activities.asp
Operating Cash Flow (OCF),"Amazon.com Inc. (AMZN) reported a staggering $115.9 billion in operating cash flow (OCF) in 2024, a third more than the year before.That's enough to buy every person in the state of California two new iPhone 16 Pros—with billions more left over.While OCF is a financial metric that's less glamorous than profit margins, it's arguably more important. We take you through the details below.",https://www.investopedia.com/terms/o/operatingcashflow.asp
Operating Cash Flow Ratio,The operating cash flow ratio is a measure of how readilycurrent liabilitiesare covered by the cash flows generated from a company's operations. This ratio can help gauge a company'sliquidityin the short term.,https://www.investopedia.com/terms/o/ocfratio.asp
Operating Cost,"Operating costs are the ongoing, daily expenses necessary for running a business.",https://www.investopedia.com/terms/o/operating-cost.asp
Operating Profit,"A company's operating profit is its total earnings from its core business functions for a given period. Put simply, operating profit is a company's net income from its core operations after accounting for operating expenses. Operating profit excludes the deduction of interest and taxes, as well as any profits earned from ancillary investments, such asearningsfrom other businesses in which a company has a part interest. Anoperating lossoccurs when core business income ends up being lower than expenses.",https://www.investopedia.com/terms/o/operating_profit.asp
Operating Revenue,Operating revenue is the revenue that a company generates from its primary business activities.,https://www.investopedia.com/terms/o/operating-revenue.asp
Opportunity Cost,"Opportunity cost represents the potential benefits that a business, an investor, or an individual consumer misses out on when choosing one alternative over another.",https://www.investopedia.com/terms/o/opportunitycost.asp
Optimal Currency Area,"An optimal currency area (OCA) is the geographic area in which a singlecurrencywould create the greatest economic benefit. While traditionally each country has maintained its own separatenational currency, work by Robert Mundell in the 1960s theorized that this might not be the most efficient economic arrangement.",https://www.investopedia.com/terms/o/optimal-currency-area.asp
Option Class,"An option class refers to all thecall optionsor all theput optionslisted on an exchange for a particularunderlying asset. For example, all the calls available for trade on Apple Inc. (AAPL) stock would be part of the same options class. All the puts listed on Apple would be part of another, related class.",https://www.investopedia.com/terms/o/option-class.asp
Option Margin,Option margin is the cash or securities an investor must deposit in their account as collateral beforewriting—or selling—options. Margin requirements are established by theFederal Reserve BoardinRegulation Tand vary based on the type of option.,https://www.investopedia.com/terms/o/option-margin.asp
Option Premium,An option premium is the current market price of an option contract. It is thus the income received by the seller (writer) of anoption contractto another party. In-the-money option premiums are composed of two factors: intrinsic and extrinsic value. Out-of-the-money options premiums consist solely of extrinsic value.,https://www.investopedia.com/terms/o/option-premium.asp
Option Pricing Theory,"Option pricing theory derives an estimated value of anoptions contractusing the calculated probability that the contract will finishin the money(ITM) at expiration. Market makers use theoretical models to generate a starting value that they subsequently adjust using proprietary factors to arrive at their offered price, also known as the option premium. Essentially, option pricing theory provides an evaluation of an option's fair value, which traders incorporate into their strategies.",https://www.investopedia.com/terms/o/optionpricingtheory.asp
Options Contract,"An options contract is an agreement between two parties for a potential transaction on an underlying security at a preset price, called the strike price, before or on the expiration date.",https://www.investopedia.com/terms/o/optionscontract.asp
Options Industry Council (OIC),Options Industry Council (OIC) refers to a cooperative that helps educate investors and financial advisers about the benefits and risks ofexchange-traded equity options.,https://www.investopedia.com/terms/o/options-industry-council-oic.asp
Options Price Reporting Authority (OPRA),The Options Price Reporting Authority (OPRA) is a committee of representatives from participating securities exchanges responsible for providing last-sale optionsquotationsand information from the participating exchanges.,https://www.investopedia.com/terms/o/opra.asp
Order Imbalance,"Order imbalance is a situation resulting from an excess of buy or sell orders for a specific security on a trading exchange, making it impossible to match the orders of buyers and sellers. For securities that are overseen by amarket makeror specialist, shares may be brought in from a specified reserve to add liquidity, temporarily clearing out excess orders from the inventory so that the trading in the security can resume at an orderly level. Extreme cases of order imbalance may causesuspension of tradinguntil the imbalance is resolved.",https://www.investopedia.com/terms/o/order-imbalance.asp
Organisation for Economic Co-operation and Development (OECD),The Organisation for Economic Co-operation and Development (OECD) is a group of 37 member countries that discuss and develop economic and social policy.﻿﻿﻿﻿﻿ OECD members are typically democratic countries that support free-market economies.,https://www.investopedia.com/terms/o/oecd.asp
Organized Labor,"Organized labor is a strategy of workers joining together to engage incollective bargainingfor higher wages, job benefits, or better working conditions.Organized labor associations are also known as unions.",https://www.investopedia.com/terms/o/organizedlabor.asp
Oscillator,An oscillator is atechnical analysistool that constructs high and low bands between two extreme values and then builds a trend indicator that fluctuates within these bounds. Traders use the trend indicator to discover short-termoverbought or oversold conditions.,https://www.investopedia.com/terms/o/oscillator.asp
OTC Options,OTC options areexotic optionsthat trade in theover-the-counter marketrather than on a formal exchange likeexchange traded optioncontracts.,https://www.investopedia.com/terms/o/otcoptions.asp
Other Current Liabilities,"Other current liabilities, in financial accounting, are categories ofshort-term debtthat are lumped together on the liabilities side of thebalance sheet. The term ""current liabilities"" refers to items of short-term debt that a firm must pay within 12 months. To that, companies add the word ""other"" to describe those current liabilities that are not significant enough to identify separately on their own lines in financial statements, so they are grouped together as ""other current liabilities.""",https://www.investopedia.com/terms/o/othercurrentliabilities.asp
Other Real Estate Owned (OREO),"Other Real Estate Owned (OREO) is a bank accounting term that refers to real estate property assets that a bank holds but are not part of its business. Often, these assets are acquired due to foreclosure proceedings. A large quantity of OREO assets on a bank balance sheet may raise concerns about the institution's overall health.",https://www.investopedia.com/terms/o/other-real-estate-owned-oreo.asp
Outplacement,"Outplacement is any service that assists a departing employee with obtaining a new job or transitioning to a new career. Access to outplacement services is offered by some employers as an employee benefit for their staff. Outplacement services can be beneficial for all parties monetarily, professionally, and emotionally and, more often than not, ensure a peaceful end to a working relationship.",https://www.investopedia.com/terms/o/outplacement.asp
Output Gap,The term output gap refers to the difference between the actual output of aneconomyand the maximum potential output of an economy expressed as a percentage ofgross domestic product (GDP). A country's output gap may be either positive or negative. A negative output gap suggests that actual economic output is below the economy's full capacity for output while a positive output suggests an economy that is outperforming expectations because its actual output is higher than the economy's recognized maximum capacity output.,https://www.investopedia.com/terms/o/outputgap.asp
Outside Days,"Outside days are days where asecurity’sprice is more volatile than the previous day. On an outside day, a security's price will reach a higher high and a lower low than the previous day. Outside days are a two-day price pattern; the difference between theopenandcloseon the second day is larger than the first day when the open and close of the second day are outside the range of the first day.",https://www.investopedia.com/terms/o/outside-days.asp
Outside Sales,"Outside sales refer to the sales of products or services by sales personnel that physically go out into the field to meet with prospective customers. Outside sales professionals tend to work autonomously outside of a formal office setting or a formal team environment. They often travel to meet customers face-to-face, as well as to maintain relationships with existing customers.",https://www.investopedia.com/terms/o/outside-sales.asp
Outsourcing,"Outsourcing is the practice of hiring a party outside a company to perform services or create goods. In some cases, these were traditionally performedin-houseby the company's own employees and staff. Outsourcing is a practice usually undertaken by companies as a cost-cutting measure or a strategic management tool. As such, it can affect a wide range of jobs, from customer support to manufacturing to the back office.",https://www.investopedia.com/terms/o/outsourcing.asp
Outward Direct Investment (ODI),An outward direct investment (ODI) is a business strategy in which a domestic firm expands its operations to a foreign country.,https://www.investopedia.com/terms/o/outward_direct_investment.asp
Over and Short,"Over and short—often called ""cash over short""—is an accounting term that signals a discrepancy between a company's reported figures (from its sales records or receipts) and its audited figures. The term also is the name of an account in a company'sgeneral ledger—the cash-over-short account.",https://www.investopedia.com/terms/o/over-and-short.asp
Over-Selling,"Over-selling occurs when a salesperson continues their sales pitch after the customer has already decided to make a purchase. This mistake can sometimes annoy the customer and could potentially cause the customer to change their mind, resulting in the deal falling through. Over-selling also means trying toupsella customer on more than they need or want; this may also have the effect of making the customer unconformable.",https://www.investopedia.com/terms/o/over-selling.asp
Overbought,"Overbought is a term used when a security is believed to be trading at a level above its intrinsic or fair value. Overbought generally describes recent or short-term movement in the price of the security, and reflects an expectation that the market will correct the price in the near future. This belief is often the result of technical analysis of the security’s price history, but fundamentals may also be employed. A stock that is overbought may be a good candidate for sale.",https://www.investopedia.com/terms/o/overbought.asp
Overheated Economy,"An overheated economy is one that has experienced a prolonged period of goodeconomic growthand activity that has led to high levels ofinflation, triggered by increased consumer wealth.",https://www.investopedia.com/terms/o/overheated_economy.asp
Overlapping Debt,"Overlapping debt refers to the financial obligations of one political jurisdiction that also falls partly on a nearby jurisdiction. Overlapping debt is common in the U.S. because most states are divided into numerous jurisdictions for different tax purposes, such as building a new public school or building a new road.",https://www.investopedia.com/terms/o/overlappingdebt.asp
Overleveraged,"A business is said to be overleveraged when it is carrying too much debt when compared to its operating cash flows and equity. An overleveraged company has difficulty in paying its interest and principal payments and is often unable to pay itsoperating expensesbecause of excessive costs due to its debt burden, which often leads to a downward financial spiral. This results in the company having to borrow more to stay in operation, and the problem gets worse. This spiral usually ends when a company restructures its debt or files forbankruptcyprotection.",https://www.investopedia.com/terms/o/overleveraged.asp
Oversold,"The term oversold refers to a condition where an asset has traded lower in price and has the potential for a price bounce.An oversold condition can last for a long time, and therefore being oversold doesn't mean a price rally will come soon, or at all. Manytechnical indicatorsidentify oversold andoverboughtlevels. These indicators base their assessment on where the price is currently trading relative to prior prices.Fundamentalscan also be used to assess whether an asset is potentially oversold and has deviated from its typical value metrics.",https://www.investopedia.com/terms/o/oversold.asp
Oversubscription Privilege,An oversubscription privilege gets extended to a company’s shareholders on the issuance of a rights or warrants offering. The privilege allows shareholders to purchase any shares remaining after other shareholders have had an opportunity to purchase them.,https://www.investopedia.com/terms/o/oversubscriptionprivilege.asp
Overtrading,Overtrading refers to the excessive buying and selling of stocks by either a broker or an individual trader. Both are entirely different situations and have very different implications.,https://www.investopedia.com/terms/o/overtrading.asp
Overwriting,"Overwriting is a trading strategy that involves sellingoptionsthat are believed to be overpriced, with the assumption that the options won't get exercised before they expire.",https://www.investopedia.com/terms/o/overwriting.asp
Owner Financing,"Owner financing is a transaction in which a property's seller finances the purchase directly with the person or entity buying it, either in whole or in part. This type of arrangement can be advantageous for bothsellersand buyers because it eliminates the costs of a bank intermediary. Owner financing can create much greater risk and responsibilities for the owner, however.",https://www.investopedia.com/terms/o/owner-financing.asp
P-Value,"A p-value, or probability value, is a number describing the likelihood of obtaining the observed data under thenull hypothesisof a statistical test.",https://www.investopedia.com/terms/p/p-value.asp
Paid-Up Capital,"Paid-up capital is the amount of money a company has received from shareholders in exchange for shares of stock. Paid-up capital is created when a company sells its shares on theprimary marketdirectly to investors, usually through aninitial public offering (IPO).",https://www.investopedia.com/terms/p/paidupcapital.asp
Paper Money,"Paper money is a country's official, paper currency that is circulated for the transactions involved in acquiring goods and services. The printing of paper money is typically regulated by a country's central bank or treasury in order to keep the flow of funds in line withmonetary policy.",https://www.investopedia.com/terms/p/paper_money.asp
Par,"Par value, also known as nominal or original value, is the face value of a bond or the value of a stock certificate, as stated in the corporate charter. Par value is required for a bond or a fixed-income instrument and shows its maturity value and the dollar value of the coupon, or interest, payments due to the bondholder.",https://www.investopedia.com/terms/p/parvalue.asp
Par Value,"Par value, also known as nominal or original value, is the face value of a bond or the value of a stock certificate, as stated in the corporate charter. Par value is required for a bond or a fixed-income instrument and shows its maturity value and the dollar value of the coupon, or interest, payments due to the bondholder.",https://www.investopedia.com/terms/p/parvalue.asp
Parity,"Parity price refers to a price level that sets two assets or securities equal in value to one another. It is a concept that is used in several markets, including fixed income, equities, commodities, andconvertible bonds. For convertible bonds, the parity price concept is used to determine when it is financially beneficial to convert a bond into shares of common stock.",https://www.investopedia.com/terms/p/parityprice.asp
Parity Price,"Parity price refers to a price level that sets two assets or securities equal in value to one another. It is a concept that is used in several markets, including fixed income, equities, commodities, andconvertible bonds. For convertible bonds, the parity price concept is used to determine when it is financially beneficial to convert a bond into shares of common stock.",https://www.investopedia.com/terms/p/parityprice.asp
Participating Preferred Stock,"Participating preferred stock is a type ofpreferred stockthat gives the holder the right to receive dividends equal to the customarily specified rate thatpreferred dividendsare paid to preferred shareholders, as well as an additionaldividendbased on some predetermined condition. Participating preferred stock can also have liquidation preferences upon a liquidation event.",https://www.investopedia.com/terms/p/participatingpreferredstock.asp
Passive Investing,"Passive investing is aninvestment strategythat aims to maximize returns in large part by minimizing the costs of buying and selling securities. Index investing is one common passive investing strategy. Using it, investors purchase the securities in a representative benchmark, such as the S&P 500 index, and hold them for a long time.",https://www.investopedia.com/terms/p/passiveinvesting.asp
Patriot Act,"The Patriot Act, or USA PATRIOT Act, was passed shortly after the terrorist attacks in the United States that occurred onSeptember 11, 2001, and gave law enforcement agencies broader powers to investigate, indict, and bring terrorists to justice. It also led to increased penalties for committing and supporting terrorist crimes.",https://www.investopedia.com/terms/p/patriotact.asp
Pay Yourself First,"""Pay yourself first"" is an investor mentality and phrase popular inpersonal financeandretirement planningthat encourages you to save money before you spend it. If you direct some of your paycheck to a savings or investment account—that is, pay yourself—before you do anything else with that money, your savings will grow.",https://www.investopedia.com/terms/p/payyourselffirst.asp
Payee,"A payee is a party in an exchange of goods or services who receives payment. The payee is paid by cash, check, or another transfer medium by a payer. The payer receives goods or services in return. The name of the payee is included in thebill of exchangeand it usually refers to a natural person or an entity such as a business,trust, or custodian.",https://www.investopedia.com/terms/p/payee.asp
Peer-to-Peer (P2P) Economy,"A peer-to-peer (P2P) economy is a decentralized model whereby two individuals interact to buy sell goods and services directly with each other or produce goods and service together, without an intermediary third-party or the use of an incorporated entity or business firm. In a peer-to-peer transaction, the buyer and thesellertransact directly with each other in terms of the delivery of the good or service and the exchange of payment. In a peer-to-peer economy, the producer is usually a private individual or independent contractor who owns both their tools (or means of production) and their finished product.",https://www.investopedia.com/terms/p/peertopeer-p2p-economy.asp
Pell Grant,"Federal Pell Grants are a type of student aid generally awarded to undergraduates who’ve demonstrated extraordinary financial need on their Free Application for Federal Student Aid (FAFSA) forms. Unlike federalstudent loans, Pell Grants usually won’t require repayment.",https://www.investopedia.com/terms/p/pell-grant.asp
Penny Stock,"A penny stock typically refers to the stock of a small company that trades for less than $5 per share. Though some penny stocks trade on large exchanges such as theNew York Stock Exchange(NYSE), most trade via over-the-counter (OTC) transactions through the electronicOTC Bulletin Board(OTCBB) or through the privately-ownedOTC Markets Group.",https://www.investopedia.com/terms/p/pennystock.asp
Per Capita,"Per capita is a Latin term that translates to “by head” and is used in English to mean average per person. Per capita is often used in place of “per person” in statistical observances. If an amount is expressed per capita, it means that amount per person.",https://www.investopedia.com/terms/p/percapita.asp
Perceived Value,"In marketing terminology, perceived value is customers’ evaluation of a product or service’s merits and its ability to meet their needs and expectations, especially compared with its peers.",https://www.investopedia.com/terms/p/perceived-value.asp
Periodic Interest Rate,"A periodic interest rate is a rate that can be charged on a loan, or realized on an investment over a specific period of time. Lenders typically quote interest rates on an annual basis, but theinterest compoundsmore frequently than annually in most cases. The periodic interest rate is the annual interest rate divided by the number of compounding periods.",https://www.investopedia.com/terms/p/periodic_interest_rate.asp
Perpetual Inventory,"A perpetual inventory system is a computerized system that continuously records inventory changes in real-time, thereby reducing or eliminating the need for physical inventory checks. Relying on data provided by electronic point-of-sale technology, it provides a highly detailed view of changes ininventoryand immediate reporting on the amount of inventory in stock. Perpetual inventory systems differ fromperiodic inventory systems, in which a company must instead depend on regularly scheduled physical counts.",https://www.investopedia.com/terms/p/perpetualinventory.asp
Personal Consumption Expenditures (PCE),"Personal consumption expenditures (PCE), also known as consumer spending, is a measure of the spending on goods and services by people of the United States. According to the Bureau of Economic Analysis (BEA), a U.S. government agency, PCE accounts for about two-thirds of domestic spending and is a significant driver ofgross domestic product (GDP).",https://www.investopedia.com/terms/p/pce.asp
Physical Capital,"Physical capital is one of what economists call the three mainfactors of production. It consists of tangible, human-made goods that assist in the process of creating a product or service. The machinery, buildings, office or warehouse supplies, vehicles, and computers that a company owns are all considered part of its physical capital.",https://www.investopedia.com/terms/p/physical-capital.asp
Pivot Point,"Pivot points help traders identify support and resistance levels by calculating the average of the previous period's high, low, and closing prices.",https://www.investopedia.com/terms/p/pivotpoint.asp
Planned Obsolescence,"Planned obsolescencedescribes a strategy of deliberately ensuring that the current version of a given product will become out of date or useless within a known time period. This proactive move guarantees that consumers will seek replacements in the future, thus bolstering demand.",https://www.investopedia.com/terms/p/planned_obsolescence.asp
Platykurtic,"The term ""platykurtic"" refers to astatistical distributionin which theexcess kurtosisvalue is negative. For this reason, a platykurtic distribution will have thinner tails than a normal distribution will, resulting in fewer extreme positive or negative events. The opposite of a platykurtic distribution is aleptokurtic distribution, in which excess kurtosis is positive.",https://www.investopedia.com/terms/p/platykurtic.asp
Pledged Asset,"Lenders use a pledged asset to secure a debt or loan. Pledged assets can include cash, stocks, bonds, and other equity or securities that serve ascollateralheld by a lender in return for lending funds. Pledged assets can reduce the down payment that is typically required for a loan as well as reduce the interest rate charged.",https://www.investopedia.com/terms/p/pledgedasset.asp
Political Economy,Political economy is a branch of social sciences that studies the relationship between politics and the economy and how each influences the other.,https://www.investopedia.com/terms/p/political-economy.asp
Ponzi Scheme,"A Ponzi scheme is an investment scam that pays early investors with money taken from later investors to create an illusion of big profits. A Ponzi scheme promises a high rate of return with little risk to the investor. It relies on word-of-mouth, as new investors hear about the big returns earned by early investors. Inevitably, the scheme collapses when the flow of new money slows, making it impossible to keep up the payments of alleged profits.",https://www.investopedia.com/terms/p/ponzischeme.asp
Pork Barrel Politics,"Pork barrel politics refers the legislative practice of slipping funding for a local project into a broader budget, even when said project may have little or nothing to do with the larger bill. Often, this funding may primarily benefit the legislator's home district, serving to garner or preserve political support among constituents.Pork barrelingcan have the effect of substantially inflating the cost of legislation.",https://www.investopedia.com/terms/p/pork_barrel_politics.asp
Portfolio Turnover,"Portfolio turnover is a measure of how frequently assets within afundare bought and sold by the managers. Portfolio turnover is calculated by taking either the total amount of new securities purchased or the number of securities sold (whichever is less) over a particular period, divided by the totalnet asset value(NAV) of the fund. The measurement is usually reported for a 12-month time period.",https://www.investopedia.com/terms/p/portfolioturnover.asp
Positive Economics,Positive economics refers to objective analysis in the study of economics. Most economists look at what has happened and what is currently happening in a given economy to form a basis for future predictions. This process is known as positive economics.,https://www.investopedia.com/terms/p/positiveeconomics.asp
Poverty Trap,"A poverty trap is a mechanism that makes it very difficult for people to escapepoverty. A poverty trap is created when aneconomic systemrequires a significant amount of capital to escape poverty. When individuals lack this capital, they may also find it difficult to acquire it, creating a self-reinforcing cycle of poverty.",https://www.investopedia.com/terms/p/poverty-trap.asp
Pre-Foreclosure,Pre-foreclosure refers to the first phase of a legal proceeding that ultimately can conclude in a property being repossessed from a defaulted borrower. The lender files a notice of default on the property in pre-foreclosure because the borrowing owner exceeds the contractual terms for delinquent payments.,https://www.investopedia.com/terms/p/pre-foreclosure.asp
Pre-IPO,"A pre-initial public offering (IPO) placement is a private sale of large blocks of shares before a stock is listed on a publicexchange. The buyers are typicallyprivate equityfirms,hedge funds, and other institutions willing to buy large stakes in the firm. Due to the size of the investments being made and the risks involved, the buyers in a pre-IPO placement usually get a discount from the price stated in the prospective for the IPO.",https://www.investopedia.com/terms/p/pre-ipo-placement.asp
Preference Shares,"Preference shares, more commonly referred to aspreferred stock, are shares of a company’s stock with dividends that are paid out to shareholders before common stock dividends are issued. If the company enters bankruptcy, preferred stockholders are entitled to be paid from company assets before common stockholders.",https://www.investopedia.com/terms/p/preference-shares.asp
Prepaid Expense,A prepaid expense occurs when a company pays in advance for goods or services it will receive in the future. These payments are recorded as assets on a company's balance sheet until the benefit of the good or service is realized.,https://www.investopedia.com/terms/p/prepaidexpense.asp
Prepayment Risk,"Prepaymentrisk is the risk involved with the premature return of principal on afixed-income security. When debtors return part of the principal early, they do not have to make interest payments on that part of the principal. That means investors in associated fixed-income securities will not receive interest paid on the principal. The prepayment risk is highest for fixed-income securities, such ascallable bondsand mortgage-backed securities (MBS). Bonds with prepayment risk often haveprepayment penalties.",https://www.investopedia.com/terms/p/prepaymentrisk.asp
Preservation of Capital,"Preservation of capital is a conservative investment strategy where the primary goal is to preserve capital and prevent loss in a portfolio. This strategy necessitates investment in the safest short-term instruments, such as Treasury bills and certificates of deposit.",https://www.investopedia.com/terms/p/preservationofcapital.asp
Press Conference,A press conference is an event organized to officially distribute information and answer questions from the media. Press conferences are also announced in response to specificpublic relationsissues.,https://www.investopedia.com/terms/p/press-conference.asp
Price Ceiling,A price ceiling is the maximum amount a seller is permitted to charge for a product or service. It is usually set by law and is typically applied to staples such as food and energy products when they become too expensive for average consumers.,https://www.investopedia.com/terms/p/price-ceiling.asp
Price Level,"Price level is the average of current prices across the entire spectrum of goods and services produced in an economy. In more general terms, price level refers to the price or cost of a good, service, or security in the economy.",https://www.investopedia.com/terms/p/price_level.asp
Price-to-Book Ratio (P/B Ratio),Many investors use the price-to-book ratio (P/B ratio) to compare a firm's market capitalization to its book value and locate undervalued companies. This ratio is calculated by dividing the company's current stock price per share by its book value per share (BVPS).,https://www.investopedia.com/terms/p/price-to-bookratio.asp
Prime Brokerage,"A prime brokerage is a bundled group of services that investment banks and other financial institutions offer tohedge fundsand other large investment clients. They often need to be able to borrow securities or cash to engage innetting, which offsets the value of multiple positions or payments exchanged between two or more parties.",https://www.investopedia.com/terms/p/primebrokerage.asp
Prime Cost,"Prime costs are a firm's expenses directly related to the materials and labor used in production. It refers to a manufactured product's costs, which are calculated to ensure the bestprofit marginfor a company. The prime cost calculates thedirect costsof raw materials and labor that are involved in the production of a good. Direct costs do not include indirect expenses, such as advertising and administrative costs.",https://www.investopedia.com/terms/p/prime-cost.asp
Prisoner's Dilemma,The prisoner's dilemma is a paradox indecision analysisin which two individuals acting in their own self-interests do not produce the optimal outcome.,https://www.investopedia.com/terms/p/prisoners-dilemma.asp
Private Company,"A private company is a firm held under private ownership. Private companies may issue stock and have shareholders, but their shares are not issued through aninitial public offering (IPO)and do not trade on public exchanges. Private firms are not subject to theSecurities and Exchange Commission's (SEC)filing requirements. The shares of these businesses are generally less liquid, and theirvaluationsare more difficult to determine.",https://www.investopedia.com/terms/p/privatecompany.asp
Privatization,"Privatization occurs when a government-owned business, operation, or property becomes owned by a private, nongovernment party.",https://www.investopedia.com/terms/p/privatization.asp
Pro Forma,"From the Latin meaning ""for the sake of form,"" pro forma generally means something done for the sake of appearances, or formality. In finance, pro forma statements are projected, hypothetical views that reflect ""what-if"" scenarios.",https://www.investopedia.com/terms/p/proforma.asp
Producer Price Index (PPI),The Producer Price Index (PPI) measures the average change over time in the prices domestic producers receive for their output. It is a measure of inflation at the wholesale level that is compiled from thousands of indexes measuring producer prices by industry and product category. The index is published monthly by the U.S.Bureau of Labor Statistics (BLS).,https://www.investopedia.com/terms/p/ppi.asp
Product Line,"A product line is a group of related products all marketed under a single brand name that is sold by the same company.Companies sell multiple product linesunder their various brand names, seeking to distinguish them from each other for better usability for consumers.",https://www.investopedia.com/terms/p/product-line.asp
Product Portfolio,"A productportfoliois the collection of all the products or services offered by a company, each with a different growth rate and market share.Product portfolio analysis can provide nuanced views on a stock type, company growth prospects, profit margin drivers, income contributions, market leadership, and operational risk. This is essential forinvestors conducting equity researchor analysts supporting internal corporate financial planning.",https://www.investopedia.com/terms/p/product-portfolio.asp
Production Efficiency,Production efficiency is an economic term describing a level at which an economy or entity can no longer produce additional amounts of a good without lowering the production level of another product. This happens when production is reportedly occurring along aproduction possibility frontier (PPF).,https://www.investopedia.com/terms/p/production_efficiency.asp
Profit Before Tax (PBT),Profit before tax (PBT) is a measure that looks at a company’s profits before the company has to pay corporate income tax. It essentially is all of a company’s profits without the consideration of any taxes.,https://www.investopedia.com/terms/p/profitbeforetax.asp
Profits Interest,Profits interest refers to an equity right based on the future value of apartnershipawarded to an individual for their service to the partnership. The award consists of receiving a percentage of profits from a partnership without having to contribute capital.,https://www.investopedia.com/terms/p/profits-interest.asp
Promotion,"Promotions can apply to people, products, orfinancial instruments. An employee promotion refers to advancing in rank or position within a company or organization. In marketing, promotion means increasing attention to a product through advertising or a discounted price.",https://www.investopedia.com/terms/p/promotion.asp
Property Insurance,Property insurance is a broad term for a series of policies that provide either property protection orliability coveragefor property owners. Property insurance provides financial reimbursement to the owner or renter of a structure and its contents in case of damage or theft—and to a person other than the owner or renter if that person is injured on the property.,https://www.investopedia.com/terms/p/property-insurance.asp
Prospectus,"A prospectus is a written document used in finance to inform the public of the relevant details about an offering of securities, such as stocks,bonds, andmutual funds. The prospectus is part of a company's registration statement, which must be filed with theSecurities and Exchange Commission (SEC).",https://www.investopedia.com/terms/p/prospectus.asp
Public Company Accounting Oversight Board (PCAOB),"The Public Company Accounting Oversight Board (PCAOB) is a non-profit organization that regulates auditors of publicly traded companies. The purpose of PCAOB is to minimizeaudit risk. In particular, the PCAOB oversees the audits of public companies, brokers, and dealers registered with the U.S. Securities and Exchange Commission (SEC)",https://www.investopedia.com/terms/p/pcaob.asp
Pump Priming,"Pump priming is a type of action taken to stimulate an economy, usually during a recessionary period, such as through government spending or reductions in interest rates and taxes. The term pump priming is derived from the operation of literal pumps, which had to be primed with water so in order to function properly.",https://www.investopedia.com/terms/p/pump-priming.asp
Pure Play,A pure play is a company that focuses solely on one type of product or service. Some investors prefer investing in pure plays because they are easier to analyze and give maximum exposure to a particularmarket segment.,https://www.investopedia.com/terms/p/pureplay.asp
Put Option,"A put option (or “put”) is a contract giving the option buyer the right, but not the obligation, to sell—or sell short—a specified amount of an underlying security at a predetermined price within a specified time frame. This predetermined price at which the buyer of the put option can sell the underlying security is called the strike price.",https://www.investopedia.com/terms/p/putoption.asp
QSEHRA,"A qualified small employer health reimbursement arrangement (QSEHRA), also known as a small business HRA, allows businesses with fewer than 50 full-time workers that don't provide group insurance coverage to help subsidize their employees' health care costs. Any money reimbursed through the plan is tax-free for employees andtax-deductiblefor employers.",https://www.investopedia.com/terms/q/qsehra.asp
Qualified Exchange Accommodation Arrangements,"A qualified exchange accommodation arrangement is a tax strategy where a third party, known as the accommodation party, temporarily holds a real estate investor's relinquished or replacement property. Qualified exchange accommodation arrangements, while still subjecting investors to strict guidelines for the sale and purchase of like-kind properties, increase flexibility in the timing of sales, and simplify qualifications for the tax deferral.",https://www.investopedia.com/terms/q/qeaa.asp
Qualified Foreign Institutional Investor (QFII),The Qualified Foreign Institutional Investor (QFII) is a program that allows specified licensed international investors to participate in mainland China's stock exchanges.,https://www.investopedia.com/terms/q/qualified-foreign-institutional-investor-qfii.asp
Qualified Institutional Buyer (QIB),"A qualified institutional buyer (QIB) is a class of investor that can safely be assumed to be a sophisticated investor and hence does not require the regulatory protection that the Securities Act's registration provisions give to investors. In broad terms, QIBs are institutional investors that own or manage on a discretionary basis at least $100 million worth of securities.",https://www.investopedia.com/terms/q/qib.asp
Qualified Reservist,"A qualified reservist is a member of the military reserve who is not active, but when called to duty, is eligible to make an early withdrawal from a retirement account without incurring the usual early distribution penalty.",https://www.investopedia.com/terms/q/qualified-reservist.asp
Qualifying Event,"A qualifying event is a change in life circumstances that allows you to alter an existing health insurance policy, or sign up for a new one, outside of open enrollment periods.",https://www.investopedia.com/terms/q/qualifying-event.asp
Qualitative Analysis,"In business and management, qualitative analysis uses subjective judgment to analyze a company's value or prospects based on non-quantifiable information, such as management expertise, industry cycles, strength of research and development, and labor relations.",https://www.investopedia.com/terms/q/qualitativeanalysis.asp
Quality Management,"Quality management is the act of overseeing all activities and tasks that must be accomplished to maintain a desired level of excellence. This includes the determination of a quality policy, creating and implementing quality planning and assurance, and quality control and quality improvement. It is also referred to astotal quality management (TQM).",https://www.investopedia.com/terms/q/quality-management.asp
Quality of Earnings,"A company’s quality of earnings is revealed by dismissing anyanomalies, accounting tricks, or one-time events that may skew the real bottom-line numbers on performance. Once these are removed, theearningsthat are derived from higher sales or lower costs can be seen clearly.",https://www.investopedia.com/terms/q/qualityofearnings.asp
Quantity Demanded,Quantity demanded is a term used in economics to describe the total amount of a good or service that consumers demand over a given interval of time. It depends on the price of a good or service in a marketplace regardless of whether that market is inequilibrium.,https://www.investopedia.com/terms/q/quantitydemanded.asp
Quantity Discount,A quantity discount is an incentive offered to a buyer that results in a decreasedcost per unitof goods or materials when purchased in greater numbers. A quantity discount is often offered by sellers to entice customers to purchase in larger quantities.,https://www.investopedia.com/terms/q/quantity-discount.asp
Quantity Theory of Money,The quantity theory of money is a theory that variations in price relate to variations in themoney supply. It is most commonly expressed and taught using theequation of exchangeand is a key foundation of the economic theory of monetarism.,https://www.investopedia.com/terms/q/quantity_theory_of_money.asp
Quasi-Public Corporation,"A quasi-public corporation is a company in theprivate sectorthat is supported by the government with a public mandate to provide a given service. Examples include telegraph and telephone companies, oil and gas, water, and electric light companies, and irrigation companies.",https://www.investopedia.com/terms/q/quasi_public_corporation.asp
Quiet Title,"Quiet title is a lawsuit filed to establish ownership of real estate when ownership is in question.Real estateowners want to ensure that they have a clear title, meaning that there are noliensor levies against the title and no disputes over the property's ownership. These possible problems are known as clouds on the title and can be resolved by action to quiet the title. When you quiet the title, you are insuring that once and for all, there is only one clear owner of the title.",https://www.investopedia.com/terms/q/quiet-title.asp
Quote,A quote is the last price at which an asset traded; it is the most recent price that a buyer and seller agreed upon and at which some amount of the asset was transacted.,https://www.investopedia.com/terms/q/quote.asp
Quoted Price,"A quoted price is the most recent price at which an investment (or any other type of asset) has traded. The quoted price of investments such as stocks, bonds, commodities, andderivativeschanges constantly throughout the day as events occur that affect the financial markets and theperceived valueof various investments. The quoted price represents the most recent bid and ask prices that buyers and sellers were able to agree on.",https://www.investopedia.com/terms/q/quoted-price.asp
Race to the Bottom,"The race to the bottom refers to a competitive situation where a company, state, or nation attempts to undercut the competition's prices by sacrificing quality standards or worker safety (often defying regulation), or reducing labor costs. A race to the bottom can also be between governments to attract industry or tax revenues. For example, a jurisdiction may relax regulations or cut taxes and compromise the public good in an attempt to attract investment, such as the building of a new factory or corporate office.",https://www.investopedia.com/terms/r/race-bottom.asp
Rally,"A rally is a period of sustained increases in the prices of stocks, bonds, or related indexes. A rally usually involves rapid or substantial upside moves over a relatively short period of time. This type of price movement can happen during either a bull or a bear market, when it is known as either abull marketrally or abear market rally, respectively. However, a rally will typically follow a period of flat or declining prices.",https://www.investopedia.com/terms/r/rally.asp
Random Variables,A random variable is one whose value is unknown or a function that assigns values to each of an experiment's outcomes. Random variables are often designated by letters and can be classified asdiscreteor continuous. Discrete variables have specific values. Continuous variables can have any values within a continuous range.,https://www.investopedia.com/terms/r/random-variable.asp
Ratchet Effect,"The ratchet effect is an economic process that is difficult to reverse once it is underway or has already occurred. A ratchet is an analogy to a mechanical ratchet, which spins one way but not the other, in an economic process that tends to only work one way. The results or side effects of the process may reinforce the cause by creating or altering incentives and expectations among participants.",https://www.investopedia.com/terms/r/ratchet-effect.asp
Rate of Return,A rate of return (RoR) is how much an investment has gained or lost during a certain period of time relative to what the investment cost.,https://www.investopedia.com/terms/r/rateofreturn.asp
Ratio Analysis,"Ratio analysis is a method of examining a company's balance sheet and income statement to learn about its liquidity, operational efficiency, and profitability. It doesn't involve one single metric; instead, it is a way of analyzing a variety of financial data about a company. Ratio analysis is a cornerstone offundamental equity analysis.",https://www.investopedia.com/terms/r/ratioanalysis.asp
Rational Expectations Theory,"The rational expectations theory is a concept and modeling technique that is used widely inmacroeconomics. The theory posits that individuals base their decisions on three primary factors: their human rationality, the information available to them, and their past experiences.",https://www.investopedia.com/terms/r/rationaltheoryofexpectations.asp
Real Estate,"Real estate is defined as the land and any permanent structures, like a home, or improvements attached to the land, whether natural or man-made.",https://www.investopedia.com/terms/r/realestate.asp
Real Estate Agent,"A real estate agent is a licensed professional who arranges property transactions, connects buyers and sellers, and represents them in negotiations. Real estate agents are usually paid through a commission—a percentage of the property’s sale price—so their income depends on the size and number of deals they close. In almost every state, a real estate agent must work for or be affiliated with a real estate broker, someone who is more experienced, has taken additional coursework, and is licensed.",https://www.investopedia.com/terms/r/realestateagent.asp
Real Estate Owned (REO),"The term real estate owned (REO) refers to a lender-owned property that is not sold at aforeclosureauction. Properties become REO when owners default and the bank repossesses them and tries to sell them. The lender, which is often a bank, takes ownership of a foreclosed property when it fails to sell at the amount sought to cover the loan. These properties generally come at a steep discount but may require extensive repairs.",https://www.investopedia.com/terms/r/realestateowned.asp
Real Estate Settlement Procedures Act (RESPA),"The Real Estate Settlement Procedures Act (RESPA) was enacted by the U.S. Congress in 1975 to provide homebuyers and sellers with complete settlement cost disclosures. RESPA was also introduced to eliminate abusive practices in the real estate settlement process, prohibit kickbacks, and limit the use of escrow accounts. RESPA is a federal statute now regulated by theConsumer Financial Protection Bureau (CFPB).",https://www.investopedia.com/terms/r/real-estate-settlement-procedures-act-respa.asp
Real Property,"Real property includes land and the permanent structures on it, but itdiffers from real estatein that it includes ownership rights that don't necessarily exist with real estate. Understanding what real property includes is important whenbuying a homeor a business, especially if the rights that come with real property are important to your purchase.",https://www.investopedia.com/terms/r/real-property.asp
Realized Yield,"Realized yield is the actual return earned during theholding periodfor an investment. It may include dividends, interest payments, and other cash distributions. The term ""realized yield"" can be applied to a bond sold before itsmaturity dateor a dividend-paying security. Generally speaking, the realized yield on bonds includes thecouponpayments received during the holding period, plus or minus the change in the value of the original investment, calculated on an annual basis.",https://www.investopedia.com/terms/r/realizedyield.asp
Recession,"A recession is a significant and widespread downturn in economic activity that typically lasts for longer than a few months. A common rule of thumb is that two consecutive quarters of negativegross domestic product(GDP) growth indicate a recession. However, more complex formulas are also used to determine recessions.",https://www.investopedia.com/terms/r/recession.asp
Recessionary Gap,"A recessionary gap, or contractionary gap, is a macroeconomic term used when a country'srealgross domestic product (GDP) is lower than its GDP atfull employment.",https://www.investopedia.com/terms/r/recessionarygap.asp
Reconciliation,"Account reconciliation ensures that financial records match external financial statements, such as bank statements, invoices, or credit card bills. It helps verify that recorded financial transactions are accurate by preventing errors, detecting fraud, and maintaining financial integrity. Account reconciliation plays an important role infinancial healthregardless of whether you're a business owner keeping track of sales and expenses or an individual managing your family's finances.",https://www.investopedia.com/terms/r/reconciliation.asp
Redemption,"Depending on the context, the term redemption has different uses in the finance and business world. In finance, redemption refers to the repayment of anyfixed-income securityat or before the asset's maturity date. Bonds are the most common type of fixed-income security, but others include certificates of deposit (CDs),Treasury notes(T-notes), and preferred shares.",https://www.investopedia.com/terms/r/redemption.asp
Refinance,"A refinance,or refi for short, refers to revising and replacing the terms of an existingcredit agreement,usually as it relates to a loan or mortgage. Refinancing a loan or mortgage is typically done to take advantage oflower interest ratesor improve the loan terms, such as the monthly payment or length of the loan. If approved, the borrower gets a new loan that replaces the original.",https://www.investopedia.com/terms/r/refinance.asp
Reflexivity,"Reflexivity in economics is the theory that a feedback loop exists in which investors' perceptions affect economic fundamentals, which in turn changes investor perception. The theory of reflexivity has its roots in sociology, but in the world of economics and finance, its primary proponent isGeorge Soros. Soros believes that reflexivity disproves much of mainstream economic theory and should become a major focus of economic research, and even makes grandiose claims that it ""gives rise to a new morality as well as a new epistemology.""",https://www.investopedia.com/terms/r/reflexivity.asp
Regtech,"Regtech is the management of regulatory processes within the financial industry through technology. The main functions of regtech include regulatory monitoring, reporting, and compliance.",https://www.investopedia.com/terms/r/regtech.asp
Reinvestment,"Reinvestment is the process of using profits or earnings to purchase additional assets or investments, rather than taking them as cash.",https://www.investopedia.com/terms/r/reinvestment.asp
Reinvestment Rate,"The reinvestment rate is the amount of interest that can be earned when money is taken out of onefixed-income investmentand put into another. For example, the reinvestment rate is the amount of interest the investor could earn if he purchased a new bond while holding acallable bondcalled due because of an interest rate decline.",https://www.investopedia.com/terms/r/reinvestmentrate.asp
Relationship Manager,Relationship managers work to improve business relationships with partner firms and clients.,https://www.investopedia.com/terms/r/relationship-manager.asp
Relative Strength,"Relative strength is a strategy used inmomentum investingand in identifying value stocks. It focuses on investing in stocks or other investments that have performed well relative to the market as a whole or to a relevantbenchmark. For example, a relative strength investor might select technology companies that have outperformed theNasdaq Composite Index, or stocks that are outperforming the S&P 500 index.",https://www.investopedia.com/terms/r/relativestrength.asp
Relative Value,"Relative value is a method of determining an asset's worth that takes into account the value of similar assets. This is in contrast withabsolute value, which looks only at an asset'sintrinsic valueand does not compare it to other assets. Theprice-to-earnings ratio(P/E ratio) is a popular valuation method that can be used to measure the relative value of stocks.",https://www.investopedia.com/terms/r/relative-value.asp
Relief Rally,A relief rally is a respite from a broader marketsell-offthat results in temporarily higher securities prices. Relief rallies often occur when anticipated negative news winds up being positive or less severe than expected. A relief rally is one type ofbear market rally.,https://www.investopedia.com/terms/r/relief-rally.asp
Remittance,"""Remittance"" refers to sending money from one person or group to another and commonly refers to sending money back to one's family in another country. For instance, someone living and working in the U.S. might send money back to their family in a poorer country, where remittances can account for a significant source of financial support.",https://www.investopedia.com/terms/r/remittance.asp
Rent Control,"Rent control is a government program that limits how much alandlordcan charge for leasing a home or renewing a lease. Rent control laws are usually enacted by municipalities, and the details vary widely. All are intended to keep living costs affordable for lower-income residents.",https://www.investopedia.com/terms/r/rent-control.asp
Rent Seeking,Rent seeking is defined as any practice in which an entity aims to increase itswealthwithout making any contribution to the wealth or benefit of society.,https://www.investopedia.com/terms/r/rentseeking.asp
Reorganization,"A reorganization is a significant and disruptive overhaul of a troubled business intended to restore it to profitability. It may include shutting down or selling divisions, replacing management, cutting budgets, and laying off workers.",https://www.investopedia.com/terms/r/reorganization.asp
Repatriable,Repatriable refers to the ability to move liquid financial assets from a foreign country to an investor's country of origin.,https://www.investopedia.com/terms/r/repatriable.asp
Replacement Cost,"Replacement cost is a term referring to the amount of money a business must currently spend to replace an asset like a fixture, a machine, a vehicle, or an equipment, at current market prices. Sometimes referred to as a ""replacement value,"" a replacement cost may fluctuate, depending on factors such as the market value of components used to reconstruct or repurchase the asset and the expenses involved in preparing assets for use.",https://www.investopedia.com/terms/r/replacementcost.asp
Representative Sample,"A representative sample is a subset of a population that seeks to accurately reflect the characteristics of the larger group. For example, a classroom of 30 students with 15 males and 15 females could generate a representative sample that might include six students: three males and three females.Samplesare useful in statistical analysis when population sizes are large because they contain smaller, manageable versions of the larger group.",https://www.investopedia.com/terms/r/representative-sample.asp
Repudiation,"Repudiation involves disputing the validity of a contract and refusing to honor its terms. In investing, repudiation is most relevant infixed incomesecurities, particularlysovereign debt. Fixed income instruments are fundamentally contracts where the borrower lends a certain amount of principal in return for payments of interest and principal on a preset schedule.",https://www.investopedia.com/terms/r/repudiation.asp
Research Associate,"A research associate typically works within a research department of an investment bank or asset management firm to provide helpful data to the decision-makers who buy and sell securities for the firm. A research associate can plan, organize, and conduct research about industries, sectors, individual companies, markets, variousinvestment vehicles, and economics.",https://www.investopedia.com/terms/r/research-associate.asp
Research Report,"A research report is a document prepared by ananalystor strategist who is a part of the investment research team in a stock brokerage orinvestment bank. A research report may focus on a specific stock or industry sector, a currency, commodity or fixed-income instrument, or on a geographic region or country. Research reports generally, but not always, have actionable recommendations such asinvestment ideasthat investors can act upon.",https://www.investopedia.com/terms/r/research-report.asp
Reserve Currency,"A reserve currency is a large quantity of currency maintained bycentral banksand other major financial institutions to prepare for investments, transactions, and international debt obligations, or to influence their domestic exchange rate. A large percentage of commodities, such as gold and oil, are priced in the reserve currency, causing other countries to hold this currency to pay for these goods.",https://www.investopedia.com/terms/r/reservecurrency.asp
Reserve Fund,"A reserve fund is a savings account or other highlyliquid assetset aside by an individual or business to meet any future costs or financial obligations, especially those arising unexpectedly. If the fund is set up to meet the costs of scheduled upgrades, less liquid assets may be used. For example, ahomeowner's associationoften manages a reserve fund to help maintain the community and its amenities using the dues paid by homeowners.",https://www.investopedia.com/terms/r/reservefund.asp
Reserve Requirements,"Reserve requirements are the amount of cash that financial institutions must have, in their vaults or at the closestFederal Reserve bank, in line withdepositsmade by their customers. Set by the Fed's board of governors, reserve requirements are one of the three main tools of monetary policy—the other two tools areopen market operationsand thediscount rate.",https://www.investopedia.com/terms/r/requiredreserves.asp
Restricted Cash,"Restricted cash, in contrast to unrestricted cash, is not freely available for a company to spend or invest. Restricted cash refers to money that is held for a specific purpose and thus not available to the company for immediate or general business use.",https://www.investopedia.com/terms/r/restricted-cash.asp
Restricted Stock,"Restricted stocks are unregistered shares of ownership in a corporation that are issued to company executives, directors, and other employees as part of their compensation. Restricted stocks are nontransferable and must be traded according to the relevant Securities and Exchange Commission (SEC) regulations.The restrictions of these stocks usually relate to theirvestingperiod, which is when they can't be sold or transferred.",https://www.investopedia.com/terms/r/restrictedstock.asp
Restricted Stock Unit (RSU),"A restricted stock unit (RSU) is an award of stock shares, usually given as a form of employee compensation. The recipient must meet certain conditions before the restricted stock units are transferred to the owner.",https://www.investopedia.com/terms/r/restricted-stock-unit.asp
Retail Sales,Retail sales are an economic metric that tracks consumer demand for finished goods. This figure is a very important data set as it is a key monthly market-moving event. Retail sales are reported each month by the U.S. Census Bureau and indicate the direction of the economy. It acts as a key economic barometer and whetherinflationary pressuresexist. Retail sales are measured by durable and non-durable goods purchased over a defined period of time. Sales for the report are derived from 13 types of retailers from food service to retail stores.,https://www.investopedia.com/terms/r/retail-sales.asp
Retained Earnings,"Retained earnings are the cumulative net earnings or profits of a company after accounting for dividend payments. As an important concept in accounting, the word “retained” captures the fact that because thoseearningswere not paid out to shareholders as dividends, they were instead retained by the company.",https://www.investopedia.com/terms/r/retainedearnings.asp
Return on Assets (ROA),Return on assets (ROA) is a ratio used in financial analysis that demonstrates how efficiently a company uses its assets to generate profits.,https://www.investopedia.com/terms/r/returnonassets.asp
Return on Average Assets (ROAA),"Return on average assets (ROAA) is an indicator used to assess the profitability of a firm's assets, and it is most often used by banks and otherfinancial institutionsas a means to gauge financial performance. Sometimes, ROAA is used interchangeably withreturn on assets(ROA) although the latter often uses current assets instead of average assets.",https://www.investopedia.com/terms/r/roaa.asp
Return on Investment (ROI),"Return on investment (ROI) is a performance measure used to evaluate the efficiency orprofitabilityof an investment or compare the efficiency of a number of different investments. ROI tries to directly measure the amount ofreturnon a particular investment, relative to the investment’s cost. Key factors influencing ROI include the initial investment amount, ongoing maintenance costs, and the cash flow generated by the investment.",https://www.investopedia.com/terms/r/returnoninvestment.asp
Revenue Bond,"A revenue bond is a category ofmunicipal bondsupported by the revenue from a specific project, such as a toll bridge, highway, or local stadium. Revenue bonds that finance income-producing projects are thus secured by a specified revenue source. Typically, revenue bonds can be issued by any government agency or fund that is managed in the manner of a business, such as entities having bothoperating revenuesand expenses.",https://www.investopedia.com/terms/r/revenuebond.asp
Revenue Passenger Mile (RPM),"A revenue passenger mile (RPM) is a transportation industry metric that shows the number of miles traveled by paying passengers and is typically an airline traffic statistic. Revenue passenger miles are calculated by multiplying the number of paying passengers by the distance traveled. For example, an airplane with 100 passengers that flies 250 miles has generated 25,000 RPM.",https://www.investopedia.com/terms/r/revenue-passenger-mile-rpm.asp
Revenue per Available Seat Mile (RASM),"Revenue per available seat mile (RASM) is a unit of measurement commonly used to compare the efficiency of various airlines. It is obtained by dividing operating income byavailable seat miles(ASM). Generally, the higher the RASM, the more profitable the airline under question. Revenue is represented in cents and is not solely limited to ticket sales, as other factors of efficiency and profitability are taken into account.",https://www.investopedia.com/terms/r/revenue-per-available-seat-mile-rasm.asp
Revenue Recognition,"Revenue recognition is agenerally accepted accounting principle (GAAP)that identifies the specific conditions in which revenue is recognized and determines how to account for it. Revenue is typically recognized when a critical event has occurred, when a product or service has been delivered to a customer, and the dollar amount is easily measurable to the company.",https://www.investopedia.com/terms/r/revenuerecognition.asp
Reversal,"A reversal is a change in the price direction of an asset. A reversal can occur to the upside or downside. Following anuptrend, a reversal would be to the downside. Following adowntrend, a reversal would be to the upside. Reversals are based on overall price direction and are not typically based on one or two periods/bars on a chart.",https://www.investopedia.com/terms/r/reversal.asp
Reverse Auction,"A reverse auction is a type ofauctionwhere sellers bid for the lowest price to sell their goods and services to a buyer. It is the opposite of a regular auction, where asellerputs up an item and buyers placebidsuntil the close of the auction, and the item goes to the highestbidder.",https://www.investopedia.com/terms/r/reverse-auction.asp
Reverse Stock Split,"A reverse stock split is a type ofcorporate actionthat consolidates the number of existing shares of stock into fewer (and, importantly, higher-priced) shares. A reverse stock split divides the existing total quantity of shares by a number, such as five or 10, which would then be called a ""1-for-5"" or a ""1-for-10"" reverse split, respectively.",https://www.investopedia.com/terms/r/reversesplit.asp
Reverse Takeover (RTO),A reverse takeover (RTO) is a process whereby private companies can become publicly traded companies without going through aninitial public offering (IPO).,https://www.investopedia.com/terms/r/reversetakeover.asp
Revolver,"A revolver refers to a borrower—either an individual or a company—who carries a balance from month to month via a revolving credit line. Borrowers are only obligated to make minimum monthly payments, which go toward paying interest and reducing principal debt. Revolvers are used by corporations to fund working capital needs, which are expenses for day-to-day operations, such as payroll.",https://www.investopedia.com/terms/r/revolver.asp
Revolving Credit,"Revolving credit refers to a type of credit account that allows the borrower to repeatedly borrow up to a certain limit. Making payments reduces the balance owed and frees up credit, which can be used again. Credit cards, personal lines of credit, andhome equity lines of credit (HELOCs)are all types of revolving credit.",https://www.investopedia.com/terms/r/revolvingcredit.asp
Right of First Offer,"A right of first offer (ROFO) is a contractual obligation that allows the holder to purchase anassetbefore the owner tries to sell it to someone else. If the right holder is no longer interested in the property, the seller can then sell it to a third party. Rights of first offer are most commonly used in the real estate industry and the sale of businesses.",https://www.investopedia.com/terms/r/rofo.asp
Right of First Refusal,"Right of first refusal (ROFR), also known as first right of refusal, is a contractual right that someone has to match or decline to match an offer for an asset after other offers have been made.",https://www.investopedia.com/terms/r/rightoffirstrefusal.asp
Right of Rescission,"The right of rescission is a legal right outlined in the federalTruth in Lending Act (TILA)that allows a borrower to cancel (or rescind) certain types of home loans within three days of closing on the loan. This right is provided on a no-questions-asked basis, and the lender must give up its claim to the property and refund all fees within 20 days of the borrower exercising their right of rescission.",https://www.investopedia.com/terms/r/right_of_rescission.asp
Risk,Risk is defined in financial terms as the chance that an outcome or investment's actual gains will differ from an expected outcome orreturn. Risk includes the possibility of losing some or all of an original investment.,https://www.investopedia.com/terms/r/risk.asp
Risk Assessment,"Risk assessment is a general term used across many industries to determine the likelihood of loss on an asset, loan, or investment. Assessing risk is essential for determining how worthwhile a specific investment is and the best process(es) to mitigate risk. It presents the upside reward compared to therisk profile. Risk assessment is important in order to determine therate of returnan investor would need to earn to deem an investment worth the potential risk.",https://www.investopedia.com/terms/r/risk-assessment.asp
Risk-Based Capital Requirement,"Risk-based capital requirement refers to a rule that establishes minimum regulatory capital for financial institutions. Risk-basedcapital requirementsexist to protect financial firms, their investors, their clients, and the economy as a whole. These requirements ensure that each financial institution has enough capital on hand to sustainoperating losseswhile maintaining a safe and efficient market.",https://www.investopedia.com/terms/r/risk-based-capital-requirement.asp
Risk-Free Asset,"A risk-freeassetis one that has a certain future return—and virtually no possibility of loss. Debt obligations issued by the U.S. Department of the Treasury (bonds, notes, and especiallyTreasury bills)are considered to be risk-free because the ""full faith and credit"" of the U.S. government backs them. Because they are so safe, the return on risk-free assets is very close to the currentinterest rate.",https://www.investopedia.com/terms/r/riskfreeasset.asp
Risk-Neutral Probabilities,"Risk-neutral probabilities are probabilities of potential future outcomes adjusted forrisk, which are then used to compute expectedassetvalues. In other words, assets and securities are bought and sold as if the hypothetical fair, single probability for an outcome were a reality, even though that is not, in fact, the actual scenario.",https://www.investopedia.com/terms/r/risk-neutral-probabilities.asp
Risk Parity,Risk parity is a portfolio allocation strategy that uses risk to determine allocations across various components of an investment portfolio. The risk parity strategy modifies themodern portfolio theory(MPT) approach to investing through the use ofleverage.,https://www.investopedia.com/terms/r/risk-parity.asp
Risk-Return Tradeoff,"Risk-return tradeoff states that the potential return rises with an increase in risk. Using this principle, individuals associate low levels of uncertainty with low potential returns, and high levels of uncertainty or risk with high potential returns.",https://www.investopedia.com/terms/r/riskreturntradeoff.asp
Risk-Weighted Assets,"Banks are required to hold a minimum amount of capital to remain solvent and protect their depositors' investments. To determine how much capital to maintain, banks assign risk to every type of asset. These are referred to as risk-weighted assets (RWAs), and they're assigned risk in the form of a percentage, with 100% being the riskiest and 0% being no risk.",https://www.investopedia.com/terms/r/riskweightedassets.asp
Robinson-Patman Act,"The Robinson-Patman Act is a federal law passed in 1936 to outlawprice discrimination. The Robinson-Patman Act is an amendment to the 1914Clayton Antitrust Actand is supposed to prevent ""unfair"" competition.",https://www.investopedia.com/terms/r/robinson-patman-act.asp
Rogue Trader,"A rogue trader is a trader who acts recklessly and independently of others, usually to the detriment of the institution that employs the trader and perhaps clients. Rogue traders typically play with high-risk investments that can produce huge losses or gains.",https://www.investopedia.com/terms/r/roguetrader.asp
Rolling Returns,"Rolling returns, also known as ""rolling period returns"" or ""rolling time periods,"" are annualizedaverage returnsfor a period, ending with the listed year. Rolling returns are useful for examining the behavior of returns forholding periods, similar to those actually experienced by investors.",https://www.investopedia.com/terms/r/rollingreturns.asp
Roth IRA,Part of a series of articles to help you open a Roth IRA and invest for retirement,https://www.investopedia.com/terms/r/rothira.asp
Rule 10b-5,"Rule 10b-5 is a regulation created under theSecurities Exchange Act of 1934that targetssecurities fraud. This rule makes it illegal for anybody to directly or indirectly use any measure to defraud, make false statements, omit relevant information, or otherwise conduct business operations that would deceive another person in the process of conducting transactions involving stock and other securities.",https://www.investopedia.com/terms/r/rule10b5.asp
Rule 10b-18,"Rule 10B-18 is aSecurities and Exchange Commission(SEC) rule that is intended to reduce liability for companies (and their affiliated purchasers) when the company repurchases shares of the company's common stock. Rule 10B-18 is considered a safe harbor provision. A safe harbor is a legal provision to reduce or eliminate legal or regulatory liability in certain situations as long as certain conditions are met. If the company abides by the four conditions of Rule 10B-18 when it is repurchasing the shares, the SEC will not deem the transactions in violation of anti-fraud provisions of the Securities Exchange Act of 1934.",https://www.investopedia.com/terms/r/rule10b18.asp
Rule of Thumb,"A rule of thumb is aheuristicguideline that provides simplified advice or some basic rule-set regarding a particular subject or course of action. It is a general principle that gives practical instructions for accomplishing or approaching a certain task. Typically, rules of thumb develop as a result of practice and experience rather than through scientific research or a theoretical foundation.",https://www.investopedia.com/terms/r/rule-of-thumb.asp
Run Rate,The run rate refers to the financial performance of a company based on using current financial information as a predictor of future performance. The run rate functions as an extrapolation of current financial performance and assumes that current conditions will continue.,https://www.investopedia.com/terms/r/runrate.asp
S&P 500 Dividend Aristocrats Index,The S&P 500 Dividend Aristocrats Index is a list of companies from the Standard & Poor's 500 Index (the S&P 500) that have a track record of raising their dividends for at least 25 consecutive years. Each company is equally weighted within the index.,https://www.investopedia.com/terms/s/sp-dividend-aristocrats.asp
Sale,"A sale is a transaction between two or more parties that involves the exchange of tangible or intangible goods, services, or other assets for money. In some cases, assets other than cash are paid to aseller.",https://www.investopedia.com/terms/s/sale.asp
Sales Lead,"A sales lead is a person or business who may eventually become a client. Sales lead also refers to the data that identifies an entity as a potential buyer of a product or service. Businesses gain access to sales leads through advertising, trade shows, direct mailings, third parties, and othermarketing efforts. A sales lead is not really a sales ""prospect"" per se because a business would need to examine and qualify thepotential new clientfurther to determine their intent and interest.",https://www.investopedia.com/terms/s/sales-lead.asp
Salvage Value,"Salvage value is the estimated book value of anassetafterdepreciationis complete, based on what a company expects to receive in exchange for the asset at the end of itsuseful life. As such, an asset’s estimated salvage value is an important component in the calculation of a depreciation schedule.",https://www.investopedia.com/terms/s/salvagevalue.asp
Sampling,"Sampling is a statistical technique for efficiently analyzing large datasets by selecting a representative subset. Rather than analyzing an entire dataset, sampling analyzes a small portion so researchers can make conclusions about a larger population. This allows for informed decision-making without exhaustive data collection.",https://www.investopedia.com/terms/s/sampling.asp
Say's Law of Markets,"Say's Law of Markets is a classical economic theory that says that the income generated by past production and sale of goods is the source of spending that creates demand to purchase current production. The law comes from an 1803 book titled ""Treatise on Political Economy, Or, The Production, Distribution, and Consumption of Wealth"" by French economistJean-Baptiste Say.",https://www.investopedia.com/terms/s/says-law.asp
Scrips,"A scrip is is a substitute or alternative to legal tender. Holding a scrip entitles the bearer to receive something in return. Scrips come in many different forms, primarily as a form of credit, with the document acknowledging the debt. Scrips also represent a temporary document representing fractional shares resulting from a split or spin-off, or they may indicate currency issued by a private corporation such as frequent flier miles.",https://www.investopedia.com/terms/s/scrip.asp
Section 1250,Section 1250 of the United States Internal Revenue Code is a rule establishing that the IRS will tax a gain from the sale of depreciated real property as ordinary income if the accumulated depreciation exceeds the depreciation calculated with thestraight-line method.,https://www.investopedia.com/terms/s/section1250.asp
Sector,"A sector is an area of the economy in which businesses share the same or related business activity, product, or service. Sectors represent a large grouping of companies with similar business activities, such as the extraction of natural resources and agriculture.",https://www.investopedia.com/terms/s/sector.asp
Securities And Exchange Board of India (SEBI),"The Securities and Exchange Board of India (SEBI) is the most important regulator of securities markets in India. SEBI is the counterpart of theSecurities and Exchange Commission (SEC)in the U.S. Its stated objective is “to protect the interests of investors in securities and to promote the development of, and toregulate the securities marketand for matters connected therewith or incidental thereto.”",https://www.investopedia.com/terms/s/sebi.asp
Self-Employment,Self-employment simply means working for yourself rather than for an employer.,https://www.investopedia.com/terms/s/self-employed.asp
Sell-Side,"Sell-side is the part of the financial industry that is involved with the creation, promotion, and sale of stocks, bonds, foreign exchange, and other financial instruments to the public market. The sell-side can also include private capital market instruments such as private placements of debt and equity. Sell-side individuals and firms work to create and service products that are made available to thebuy-sideof the financial industry.",https://www.investopedia.com/terms/s/sellside.asp
Senior Bank Loan,A senior bank loan is adebt financingobligation issued to a company by a bank or similar financial institution and then repackaged and sold to investors. The repackaged debt obligation consists of multiple loans. Senior bank loans hold legal claim to the borrower's assets above all other debt obligations.,https://www.investopedia.com/terms/s/senior-bank-loan.asp
Sensitivity Analysis,"Sensitivity analysis shows how different values of an independent variable affect a dependent variable under a given set of assumptions. Companies use sensitivity analysis to identify opportunities, mitigate risk, and communicate decisions to upper management.",https://www.investopedia.com/terms/s/sensitivityanalysis.asp
Series 57,"Series 57, also known as the Securities Trader Representative Exam, is an examination administered by theFinancial Industry Regulatory Authority (FINRA). Passing the Series 57 exam is a requirement for those who wish to become professional traders of eitherequitiesorconvertible debt securities.",https://www.investopedia.com/terms/s/series55.asp
Series B Financing,"Series B financing is the second round offundingfor a business through investment, includingprivate equityinvestors andventure capitalists. Successive rounds of financing a business are consecutively termed Series A, Series B, and Series C financing. The Series B round generally takes place when the company has accomplished certain milestones in developing its business and is past the initialstartupstage.",https://www.investopedia.com/terms/s/series-b-financing.asp
Severance Pay,"Severance pay is the compensation and/or benefits an employer provides to an employee after employment is over.Severance packagesmay include extended benefits, such as health insurance andoutplacementassistance to help an employee secure a new position.",https://www.investopedia.com/terms/s/severancepay.asp
Share Repurchase,A share repurchase is a reduction in the number of a public company's shares outstanding. It's accomplished by buying a portion of its shares on the open market. The company might buy the shares directly or offer shareholders the option of tendering their shares at a fixed price.,https://www.investopedia.com/terms/s/sharerepurchase.asp
Short Covering,"Short covering refers to buying back borrowed securities in order to close out an open short position at a profit or loss. It requires purchasing the same security that was initiallysold short, and handing back the shares initially borrowed for the short sale.This type of transaction is referred to asbuy to cover.",https://www.investopedia.com/terms/s/shortcovering.asp
Short Run,"The short run is an economic concept stating that, within a certain period in the future, at least one input is fixed while others are variable. It expresses the idea that an economy behaves differently depending on the length of time it has to react to certain stimuli. The short run does not refer to a specific duration of time but rather is unique to the firm, industry or economic variable being studied.",https://www.investopedia.com/terms/s/shortrun.asp
Short Sale,"A short sale is the sale of an asset, such as a bond or stock, that the seller does not own. It is generally a transaction in which an investor borrows a security from a broker, and then sells it in anticipation of a price decline. The seller is then required to return an equal number of shares at some point in the future.",https://www.investopedia.com/terms/s/shortsale.asp
Short-Term Debt,"Short-term debt, also calledcurrent liabilities, is a firm's financial obligations that are expected to be paid off within a year. It is listed under the current liabilities portion of the total liabilities section of a company'sbalance sheet.",https://www.investopedia.com/terms/s/shorttermdebt.asp
Short-Term Investments,Short-term investments are financial assets that can easily be converted to cash and used for near-term goals.,https://www.investopedia.com/terms/s/shorterminvestments.asp
Shrinkage,"Shrinkage is the loss ofinventorythat can be attributed to factors such as employee theft, shoplifting, administrative error, vendor fraud, damage, and cashier error. Shrinkage is the difference between recorded inventory on a company’sbalance sheetand its actual inventory. This concept is a key problem forretailers, as it results in the loss of inventory, which ultimately means loss ofprofits.",https://www.investopedia.com/terms/s/shrinkage.asp
Simple Agreement for Future Tokens (SAFT),"A simple agreement for future tokens (SAFT) is an investment contract offered by cryptocurrency developers to accredited investors. Because SAFTs are considered a security instrument, they must be filed with the Securities and Exchange Commission.",https://www.investopedia.com/terms/s/simple-agreement-future-tokens-saft.asp
Small Business Administration (SBA),"The Small Business Administration (SBA) is a U.S. government agency designed to bolster and promote the economy by assisting the country’ssmall businesses. Established in 1953, the SBA’s primary function is to counsel individuals who want to start and grow theirown businesses. It provides a series of tools on its website to assist new and existing small business owners.The agency is headed by an administrator and deputy administrator and also has a chief counsel for advocacy and inspector general—all of whom are confirmed by the Senate.The SBA has at least one office in every state, the District of Columbia, and various American territories.",https://www.investopedia.com/terms/s/small-business-administration.asp
Smart Beta,"Smart beta is a way of investing that combines the benefits of passive investing and the advantages of active investing strategies. It derives from the capital asset pricing model (CAPM) to define the relationship between risk and return. In this model, beta is a measure of volatility or systemic risk of a security compared with the broader market.",https://www.investopedia.com/terms/s/smart-beta.asp
Social Responsibility,Social responsibility is an ethical focus for individuals and companies that want to take action and be accountable for practices that benefit society. It's become increasingly important to investors and consumers who want to put their money into or purchase products from companies that take steps to contribute to the welfare of society and the environment.,https://www.investopedia.com/terms/s/socialresponsibility.asp
Social Security,"Social Security is the Old-Age, Survivors, and Disability Insurance (OASDI) program in the United States. It's run by the Social Security Administration (SSA), a federal agency. It's best known for retirement benefits but it also provides survivor benefits and income for workers who become disabled.",https://www.investopedia.com/terms/s/socialsecurity.asp
Socialism,"Socialism is a populist economic and political system based oncollective, common, or public ownership of the means of production. Those means of production include the machinery, tools, and factories used to produce goods that aim to directly satisfy human needs.",https://www.investopedia.com/terms/s/socialism.asp
Special Power of Attorney,"A special power of attorney is a legal document that allows an individual to give another person the ability to make certain legal or financial decisions on their behalf. The document, also known as alimited power of attorney (LPOA), authorizes one person, called an agent or an attorney in fact, to act on behalf of another person, known as the principal, under specific, clearly laid-out circumstances that may be limited by time frame or scope.",https://www.investopedia.com/terms/s/special-power-attorney.asp
Spot Market,"The term spot market refers to the place where financial instruments are traded for cash for immediate delivery. Assets traded in the spot market includecommodities, currencies, and securities. Delivery occurs when the buyer and seller exchange cash for the financial instrument. Afutures contract, on the other hand, is based on the delivery of the underlying asset at a future date. Exchanges andover-the-counter (OTC)markets may provide spot trading and/or futures trading.",https://www.investopedia.com/terms/s/spotmarket.asp
Spot Price,"The spot price is the price in the marketplace at which a given asset—such as a security, commodity, or currency—can be bought or sold for immediate delivery.",https://www.investopedia.com/terms/s/spotprice.asp
Stagflation,"Stagflation is an economic condition characterized by slowing economic growth, high unemployment, and rising prices (inflation) simultaneously.",https://www.investopedia.com/terms/s/stagflation.asp
Stakeholder,A stakeholder is a person or group with a financial interest in an enterprise,https://www.investopedia.com/terms/s/stakeholder.asp
Standard Error,"Standard error (SE) is a statistic that reveals how accurately sample data represents the whole population. It measures the accuracy with which asample distributionrepresents a population. In statistics, a sample mean deviates from the actual mean of a population; this deviation is the standard error of the mean.",https://www.investopedia.com/terms/s/standard-error.asp
Standardization,Standardization is a framework of agreements to which all relevant parties in an industry or organization must adhere to ensure that all processes associated with the creation of a good or performance of a service are performed within set guidelines.,https://www.investopedia.com/terms/s/standardization.asp
Stare Decisis,"Stare decisis is a legal doctrine that obligates courts to follow historical cases when making a ruling on a similar case. Stare decisis ensures that cases with similar scenarios and facts are approached in the same way. Simply put, it binds courts to follow legal precedents set by previous decisions.",https://www.investopedia.com/terms/s/stare_decisis.asp
Startup,"The term ""startup"" refers to a company in the early stages of its operations. Startups are founded by one or more entrepreneurs who want to develop a product or service for which they believe there is demand.",https://www.investopedia.com/terms/s/startup.asp
Statutory Reserves,Statutory reserves are the funds that state insuranceregulatorsrequire the insurance companies operating in their state to maintain at any given time. The purpose of statutory reserves is to help ensure that insurance companies have adequate liquidity available to honor all of the legitimateclaimsmade by their policyholders.,https://www.investopedia.com/terms/s/statutory-reserves.asp
Step-Up in Basis,Step-up in basis is a tax provision that adjusts the cost basis of an inherited asset to its fair market value on the date of the previous owner's death.,https://www.investopedia.com/terms/s/stepupinbasis.asp
Stock Market,"The stock market as a whole is an exchange mechanism that helps investors buy and sell shares in publicly traded companies. Though you can visit the New York Stock Exchange (NYSE) and offices of the NASDAQ, these are just components in a broader marketplace. Trades are conducted mostly through electronic means between participants who are remote from each other. The mechanism is an excellent means for businesses to raise capital from investors. Additionally, analysts closely examine its traded prices for signals of economic strength or weakness.",https://www.investopedia.com/terms/s/stockmarket.asp
Stock Quote,"A stock quote is the price of a stock as quoted on an exchange. A basic quote for a specific stock provides information, such as its bid and ask price, last traded price, and volume traded.",https://www.investopedia.com/terms/s/stockquote.asp
Stop-Loss Order,A stop-loss order is a type of order used by traders to limit their loss or lock in a profit on an existing position. Traders can control their exposure to risk by placing a stop-loss order.,https://www.investopedia.com/terms/s/stop-lossorder.asp
Stop Order,Get to know the different kinds of stop orders,https://www.investopedia.com/terms/s/stoporder.asp
Structural Unemployment,"Structural unemployment is a longer-lasting form ofunemploymentcaused by fundamental shifts in aneconomyand exacerbated by extraneous factors such as technology, competition, and government policy. Structural unemployment occurs because workers lack the requisite job skills or live too far from regions where jobs are available and cannot move closer. Jobs are available, but there is a serious mismatch between what companies need and what workers can offer.",https://www.investopedia.com/terms/s/structuralunemployment.asp
Student Loan Forgiveness,"As the student loan crisis continues, many have sought relief in the form of student loan forgiveness. What is student loan forgiveness and which loans are eligible? The answers are constantly changing as political forces battle over the right to forgive student debt.",https://www.investopedia.com/terms/s/student-loan-forgiveness.asp
Subordination Agreement,"If you owe money to more than one person, a pecking order must be established for repayment. A subordination agreement outlines which debts get paid first in the event of a bankruptcy.",https://www.investopedia.com/terms/s/subordination-agreement.asp
Subprime Mortgage,"A subprime mortgage is one that’s normally issued to borrowers with low credit ratings. A primeconventional mortgageisn’t offered, because the lender views the borrower as having a greater-than-average risk of defaulting on the loan.",https://www.investopedia.com/terms/s/subprime_mortgage.asp
Sunk Cost,"A sunk cost is money, time, or effort that has already been spent and cannot be recovered.",https://www.investopedia.com/terms/s/sunkcost.asp
Supply Chain Management (SCM),"Supply chain management (SCM) is the monitoring and optimization of the production and distribution of a company’s products and services. It seeks to improve and make more efficient all processes involved in turning raw materials and components into final products and getting them to the ultimate customer. Effective SCM can help streamline a company's activities to eliminate waste, maximize customer value, and gain a competitive advantage in the marketplace.",https://www.investopedia.com/terms/s/scm.asp
Supply Shock,"A supply shock is an unexpected event that suddenly changes the supply of a product or commodity, resulting in an unforeseen change in price. Supply shockscan be negative, resulting in a decreased supply, or positive, yielding an increased supply. Assumingaggregate demandis unchanged, a negative (or adverse) supply shock causes a product’s price to spike upward, while a positive supply shock decreases the price.",https://www.investopedia.com/terms/s/supplyshock.asp
Surplus,"A surplus describes the amount of an asset or resource that exceeds the portion needed and used. A surplus can refer to income, profits, capital, and goods. A surplus exists when unpurchased products remain on store shelves or income earned exceeds expenses paid. Abudget surplusexists within governments when tax revenue is left over after all government programs are financed.",https://www.investopedia.com/terms/s/surplus.asp
Surplus Lines Insurance,Surplus lines insurance protects against a financial risk that is too great or too uncommon for a regular insurance company to take on. Surplus lines insurance can be purchased by individuals or companies.,https://www.investopedia.com/terms/s/surplus-lines-insurance.asp
Switching Costs,"Switching costs are the costs that a consumer incurs as a result of changingbrands,suppliers, or products. Although most prevalent switching costs are monetary in nature, there are also psychological, effort-based, and time-based switching costs. Switching can also refer to the process ofrebalancing or changing investments.",https://www.investopedia.com/terms/s/switchingcosts.asp
Syndicate,"When people or companies join together temporarily to manage a large transaction that would be difficult, or impossible, to effect individually, the resulting alliance is called a “syndicate.”",https://www.investopedia.com/terms/s/syndicate.asp
Taguchi Method of Quality Control,"The Taguchi method of quality control is an approach to engineeringthat emphasizes the roles ofresearch and development(R&D), and product design anddevelopmentin reducing the occurrence of defects and failures in manufactured goods.",https://www.investopedia.com/terms/t/taguchi-method-of-quality-control.asp
Take or Pay,"Take or pay is a provision in a contract stating that a buyer has the obligation of either taking delivery of goods from a seller or paying a specified penalty amount to the seller for not taking them. Take-or-pay provisions benefit both parties by sharingrisk, and they benefit society by facilitating trade and reducing transaction costs.",https://www.investopedia.com/terms/t/takeorpay.asp
Take-Profit Order (T/P),"A take-profit order (T/P) is a type oflimit orderthat specifies the exact price at which to close out an open position for a profit. If the price of the security does not reach the limit price, the take-profit order does not get filled.",https://www.investopedia.com/terms/t/take-profitorder.asp
Takeover,"A takeover occurs when one company makes a successful bid to assume control of or acquire another. Takeovers can be done by purchasing a majority stake in the target firm. Takeovers are also commonly done through themerger and acquisitionprocess. In a takeover, the company making the bid is the acquirer and the company it wishes to take control of is called the target.",https://www.investopedia.com/terms/t/takeover.asp
Tangible Net Worth,Tangible net worth is the value of a company or individual's assets minus its liabilities and intangible assets.,https://www.investopedia.com/terms/t/tangiblenetworth.asp
Tax-Advantaged,"The term tax-advantaged refers to any type of investment, financial account, or savings plan that is either exempt from taxation, tax-deferred, or that offers other types of tax benefits. Examples of tax-advantaged investments are municipal bonds, partnerships, UITs, and annuities. Tax-advantaged plans include IRAs and qualified retirement plans such as 401(k)s.",https://www.investopedia.com/terms/t/tax-advantaged.asp
Tax Equity and Fiscal Responsibility Act of 1982 (TEFRA),"The Tax Equity and Fiscal Responsibility Act of 1982 (TEFRA) is a law passed in 1982 that was designed to reduce the federal budget deficit through a combination of tax increases, spending cuts, and tax reform measures.",https://www.investopedia.com/terms/t/tefra.asp
Tax-Equivalent Yield,The value of a tax-equivalent yield to an investor depends on an individual's tax bracket.,https://www.investopedia.com/terms/t/taxequivalentyield.asp
Tax Fraud,Tax fraud occurs when an individual or business entity willfully and intentionally falsifies information on a tax return to limit the amount of tax liability. Tax fraud essentially entailscheating on a tax returnin an attempt to avoid paying the entire tax obligation. Examples of tax fraud include claiming false deductions; claiming personal expenses as business expenses; using a false Social Security number; and not reporting income.,https://www.investopedia.com/terms/t/tax-fraud.asp
Tax Liability,"A federal tax liability is an amount that’s owed to the government in taxes. It can include income taxes on earnings and capital gains taxes on assets. Both are based on brackets, a percentage of the money earned, and brackets are determined by various factors.",https://www.investopedia.com/terms/t/taxliability.asp
Technocracy,"A technocracy is a model of governance wherein decision-makers are chosen for office based on their technical expertise and background. A technocracy differs from a traditional democracy in that individuals selected to a leadership role are chosen through a process that emphasizes their relevant skills and proven performance, as opposed to whether or not they fit the majority interests of a popular vote.",https://www.investopedia.com/terms/t/technocracy.asp
Tenancy-at-Will,"A tenancy-at-will is a property tenure that can be terminated at any time by either the tenant or the owner/landlord. It exists without a contract or lease and it usually doesn't specify the duration of a tenant’s rental or the exchange of payment. The agreement is governed by state law and the terms can vary by state, although federal law comes into play in cases of discrimination.",https://www.investopedia.com/terms/t/tenancy-at-will.asp
Tender,A tender is a government or financial institution's invitation to bid for a project.,https://www.investopedia.com/terms/t/tender.asp
Term to Maturity,"A bond's term to maturity is the length of time during which the owner will receive interest payments on the investment, when the bond reaches maturity and the principal is repaid.",https://www.investopedia.com/terms/t/termtomaturity.asp
Theoretical Ex-Rights Price (TERP),"A theoretical ex-rights price (TERP) is the market price that a stock will theoretically have following anew rights issue. Companies may use a new rights issuance to offer more shares to shareholders, usually at a discounted price. Stock prices are affected by new rights issuance because it increases the number of shares outstanding.",https://www.investopedia.com/terms/t/theoreticalexrightsprice.asp
Three Black Crows,"Three black crows is a phrase used to describe a bearishcandlestickpattern that may predict thereversalof an uptrend. Candlestick charts show the day's opening, high, low, and closing prices for a particular security. For stocks moving higher, the candlestick is white or green. When moving lower, they are black or red.",https://www.investopedia.com/terms/t/three_black_crows.asp
Tier 1 Capital,"Tier 1 capital refers to the core capital held in a bank's reserves and is used to fund business activities for the bank's clients. It includes common stock, as well as disclosed reserves and certain other assets. Along with Tier 2 capital, the size of a bank's Tier 1 capital reserves is used as a measure of the institution's financial strength.",https://www.investopedia.com/terms/t/tier1capital.asp
Tier 1 Leverage Ratio,The Tier 1 leverage ratio measures a bank'score capitalrelative to its total assets. The ratio looks specifically atTier 1 capitalto judge how leveraged a bank is based on its assets. Tier 1 capital refers to those assets that can be easily liquidated if a bank needs capital in the event of a financial crisis. The Tier 1 leverage ratio is thus a measure of a bank's near-termfinancial health.,https://www.investopedia.com/terms/t/tier-1-leverage-ratio.asp
Time Decay,Time decay is a measure of the rate of decline in the value of an options contract due to the passage of time. Time decay accelerates as anoption's time to expirationdraws closer since there's less time to realize a profit from the trade.,https://www.investopedia.com/terms/t/timedecay.asp
Times Interest Earned (TIE),The times interest earned (TIE) ratio is a solvency ratio that determines how well a company can pay the interest on its business debts. It is a measure of a company's ability to meet its debt obligations based on its current income. The formula for a company's TIE number isearnings before interest and taxes (EBIT)divided by the total interest payable on bonds and other debt. The result is a number that shows how many times a company could cover its interest charges with its pretax earnings. TIE is also referred to as the interest coverage ratio.,https://www.investopedia.com/terms/t/tie.asp
Time Value of Money (TVM),"The time value of money (TVM) surmises that money is worth more now than at a future date based on itsearning potential. Because money can grow when invested, any delay is a lost opportunity for growth. The time value of money is a core financial principle known as the present discounted value.",https://www.investopedia.com/terms/t/timevalueofmoney.asp
Tit for Tat,"Ingame theory, tit for tat refers to a strategy that players may use when confronted with a payoff matrix like that of aprisoner's dilemma. Formulated by mathematician and psychologist Anatol Rapoport, the strategy involves participants in an iterated prisoner's dilemma following a course of action consistent with their opponent's previous turn.",https://www.investopedia.com/terms/t/tit-for-tat.asp
Title Search,"The term title search refers to the examination of public records to determine and confirm a property's legal ownership.Titlesearches are conducted through many sources, including deeds, tax liens, land records, court judgments, among others. Normally conducted by title companies, searches can be ordered by individuals and businesses at any time to find out what, if any, claims or liens are on the property in question. A clean title is required for anyreal estatetransaction to be completed. Transactions cannot be completed if a title search determines there is a lien on the property.",https://www.investopedia.com/terms/t/titlesearch.asp
Too Big to Fail,"“Too big to fail” describes a business or business sector so ingrained in a financial system or economy that its failure would be disastrous. The government will considerbailing outa corporate entity or a market sector, such as Wall Street banks or U.S. carmakers, to prevent economic disaster.",https://www.investopedia.com/terms/t/too-big-to-fail.asp
Top Line,"The top line is a reference to gross figures reported by a company, such as sales orrevenue. It is called the top line because it is displayed at the very top of a company'sincome statement, and is reserved for the reporting of gross sales or revenue. A company that increases its revenue or sales is said to be generating top-line growth. The opposite of the top line is the bottom line.",https://www.investopedia.com/terms/t/topline.asp
Total Enterprise Value (TEV),Total enterprise value (TEV) is a valuation measurement used to compare companies with varying levels ofdebt. It includes not only a company's equity value but also the market value of its debt while subtracting outcash and cash equivalents.,https://www.investopedia.com/terms/t/tev.asp
Total Liabilities,"Total liabilities are the combineddebtsandobligationsthat an individual or company owes to outside parties. Everything the company owns is classified as an asset and all amounts the company owes for future obligations are recorded as liabilities. On thebalance sheet, total assets minus total liabilities equals equity.",https://www.investopedia.com/terms/t/total-liabilities.asp
Total Quality Management (TQM),"Total quality management (TQM) is the continual process of detecting and reducing or eliminating errors in manufacturing. It streamlinessupply chain management, improves the customer experience, and ensures that employees are up to speed with training.",https://www.investopedia.com/terms/t/total-quality-management-tqm.asp
Total Utility,Total utility is the aggregate satisfaction that a consumer receives through the consumption of a goods or services.,https://www.investopedia.com/terms/t/totalutility.asp
Tracking Stock,A tracking stock is a special equity offering issued by aparent companythat tracks the financial performance of a particularsegmentor division. Tracking stocks will trade in the open market separately from the parent company's stock.,https://www.investopedia.com/terms/t/trackingstocks.asp
Trade Finance,"In 2024, about $9.7 trillion in global trade—over 80% of all international trade transactions—relied on trade finance, demonstrating its fundamental role in the global commercial ecosystem.",https://www.investopedia.com/terms/t/tradefinance.asp
Trade Liberalization,Trade liberalization refers to the removal or reduction of restrictions or barriers on the free exchange of goods between nations.,https://www.investopedia.com/terms/t/trade-liberalization.asp
Trade Surplus,"A trade surplus is an economic measure of a positivebalance of trade, where a country'sexportsexceed itsimports.",https://www.investopedia.com/terms/t/trade-surplus.asp
Trading Account,"A trading account can be any investment account containing securities, cash, or other holdings.",https://www.investopedia.com/terms/t/tradingaccount.asp
Trailing Stop,"A trailing stop is a stop-loss order that moves with the market price, protecting profits on a trade from a market reversal.",https://www.investopedia.com/terms/t/trailingstop.asp
Tranches,"Tranches are segments created from a pool of securities—usually debt instruments such as bonds or mortgages—that are divided up by risk, time to maturity, or other characteristics in order to be marketable to different investors. Each portion or tranche of a securitized or structured product is one of several related securities offered at the same time, but with varying risks, rewards, and maturities to appeal to a diverse range of investors.",https://www.investopedia.com/terms/t/tranches.asp
Transfer Price,"Transfer price, also known as transfer cost, is the price at whichrelated partiestransact with one another, such as during the trade of supplies or labor between departments. Transfer prices are often used in transactions between a company and its subsidiaries or between different divisions of the same company operating in different countries.",https://www.investopedia.com/terms/t/transferprice.asp
Transparency,"Although the term transparency is not a financial term or metric per se, it has become increasingly important to consumers and investors over the last several years.",https://www.investopedia.com/terms/t/transparency.asp
Treasury Yield,"Treasury yield is the effective annual interest rate that the U.S. government pays on one of its debt obligations, expressed as a percentage. Put another way, Treasury yield is the annual return investors can expect from holding a U.S. government security with a givenmaturity.",https://www.investopedia.com/terms/t/treasury-yield.asp
Trend Trading,"Trend trading is a trading style that attempts to capture gains through the analysis of an asset'smomentumin a particular direction. When the price is moving in one overall direction, such as up or down, that is called a trend.",https://www.investopedia.com/terms/t/trendtrading.asp
Trendline,Trendlines are easily recognizable lines that traders draw on charts to connect a series of prices together or show some data's best fit. The resulting line is then used to give the trader a good idea of the direction in which an investment's value might move.,https://www.investopedia.com/terms/t/trendline.asp
Triggering Event,"A triggering event is a tangible or intangible barrier or occurrence which, once breached or met, causes another event to occur. Triggering events include job loss,retirement, or death, and are typical for many types of contracts. These triggers help to prevent, or ensure, that in the case of a catastrophic change, the terms of an original contract may also change.",https://www.investopedia.com/terms/t/triggeringevent.asp
Troubled Asset Relief Program (TARP),"The Troubled Asset Relief Program (TARP) was an initiative created andrunby the U.S. Treasury to stabilize the country’s financial system, restore economic growth, and mitigateforeclosuresin the wake of the2008 financial crisis. TARP sought to achieve these targets by purchasing troubled companies’ assets and stock.",https://www.investopedia.com/terms/t/troubled-asset-relief-program-tarp.asp
Trust Fund,"A trust fund is anestate planningtool that holds property or assets for a person or an organization. Trust funds are sometimes simply referred to as ""trusts."" They can hold a variety of assets such as money, real property, stocks, bonds, a business, or a combination of many types of properties orassets.",https://www.investopedia.com/terms/t/trust-fund.asp
Turnkey Property,"A turnkey property is a fully renovated home or apartment building that aninvestorcan purchase and immediately rent out. A turnkey home is often a property purchased from a company that specializes in the restoration of older properties. Those same firms may also offerproperty managementservices to buyers, minimizing the amount of time and effort they have to put into the rental.",https://www.investopedia.com/terms/t/turnkey-property.asp
Turnover,Turnover describes how quickly assets in a company are replaced within a specific period.,https://www.investopedia.com/terms/t/turnover.asp
UCLA Anderson School of Management,"UCLA Anderson School of Management is the graduate business school of the University of California at Los Angeles (UCLA). Founded in 1935 and located in Los Angeles, California, it is consideredone of the most prestigious business schoolsin the United States.",https://www.investopedia.com/terms/u/ucla-anderson-school-of-management.asp
Ulcer Index (UI),"The Ulcer Index (UI) is a technical indicator that measuresdownside riskin terms of both the depth and duration of price declines. The index increases in value as the price moves farther away from a recent high and falls as the price rises to new highs. The indicator is usually calculated over a 14-day period, with the Ulcer Index showing the percentage drawdown a trader can expect from the high over that period.",https://www.investopedia.com/terms/u/ulcerindex.asp
Unamortized Bond Discount,"An unamortized bond discount is an accounting methodology for certain bonds. The unamortizedbond discountis the difference between the par value of a bond—its value at maturity—and the proceeds from the sale of the bond by the issuing company, less the portion that has already been amortized (written off in gradual increments) on theprofit and loss statement.",https://www.investopedia.com/terms/u/unamortized-bond-discount.asp
Unappropriated Retained Earnings,"Unappropriated retained earnings consist of any portion of a company'sretained earningsthat are not classified asappropriated retained earnings. Appropriated retained earnings are set aside by the board and are assigned to a specific purpose, such as factory construction, hiring new labor, buying new equipment, or marketing. They will not be distributed to shareholders as dividend payments.Unappropriated retained earnings can be passed on to shareholders in the form of dividend payments.",https://www.investopedia.com/terms/u/unappropriated-retained-earnings.asp
Unbanked,"Unbanked is an informal term for adults who do not usebanksor banking institutions in any capacity. While often an issue in the developing world, there are also pockets of unbanked adults in developed countries, including the United States.",https://www.investopedia.com/terms/u/unbanked.asp
Unbundling,"Unbundling is a process by which a company with several different lines of businesses retains core businesses while selling off, spinning off, or carving out assets, product lines, divisions, orsubsidiaries.",https://www.investopedia.com/terms/u/unbundling.asp
Unconventional Cash Flow,"An unconventional cash flow is a series of inward and outward cash flows over time in which there is more than one change in thecash flowdirection. This contrasts with aconventional cash flow, where there is only one change in the cash flow direction.",https://www.investopedia.com/terms/u/unconventional-cash-flow.asp
Undercapitalization,Undercapitalization occurs when a company does not have sufficient capital to conduct normal business operations and paycreditors. This can occur when the company is not generating enoughcash flowor is unable to access forms of financing such as debt or equity.,https://www.investopedia.com/terms/u/undercapitalization.asp
Underground Economy,"The underground economy refers to economic transactions that are deemed illegal, either because the goods or services traded are unlawful in nature, or because transactions fail to comply with governmental reporting requirements. The underground economy is called the shadow economy, theblack market, or the informal economy.",https://www.investopedia.com/terms/u/underground-economy.asp
Underinsurance,"Underinsurance refers to an insufficientinsurancepolicy. A good insurance policy won’t prevent any of life’s calamities, but it should make the financial consequences easier to bear. However, underinsurance can leave the enrollee liable for a large financial expense if a serious event occurs. Whether it’s a home damaged by a hurricane or fire, or an insured person experiencing a serious disease or accident, insurance should ideally cover enough of the expense that the policyholder can manage the difference.",https://www.investopedia.com/terms/u/underinsurance.asp
Underlying Asset,Underlying asset are the financial assets upon which aderivative’sprice is based.Optionsare an example of a derivative. A derivative is a financial instrument with a price that is based on a different asset.,https://www.investopedia.com/terms/u/underlying-asset.asp
Underlying Mortality Assumption,"Underlying mortality assumptions are projections of expected death rates used by actuaries to estimate insurance premiums and pension obligations. This is based on mortality tables, which are statistical tables of expected annual mortality rates.",https://www.investopedia.com/terms/u/underlying-mortality-assumption.asp
Underperform,"If an investment is underperforming, it is not keeping pace with other securities. In a rising market, for example, a stock is underperforming if it is not experiencing gains equal to or greater to the advance in theS&P 500 Index. In a down market, a stock that is a falling faster than thebroader marketis an underperformer. ""Underperform"" is also an analyst recommendation assigned to a stock when shares are expected to do slightly worse than the market return. The designation is also known as market ""moderate sell"" or ""weak hold.""",https://www.investopedia.com/terms/u/underperform.asp
Underwriter,"An underwriter is any party, usually a member of a financial organization, that evaluates and assumes another party’s risk in mortgages, insurance, loans, or investments for a fee, usually in the form of a commission, premium, spread, or interest.",https://www.investopedia.com/terms/u/underwriter.asp
Underwriting Spread,"An underwriting spread is the difference between the dollar amount thatunderwriters, such as investment banks, pay an issuing company for its securities and the dollar amount that underwriters receive from selling the securities in a public offering. The underwriting spread is essentially the investment bank'sgross profit margin, typically disclosed as a percentage or in points-per-unit-of-sale.",https://www.investopedia.com/terms/u/underwritingspread.asp
Unearned Revenue,Unearned revenue is money received by an individual or company for a service or product that has yet to be provided or delivered. It can be thought of as a “prepayment” for goods or services that a person or company is expected to supply to the purchaser at a later date.,https://www.investopedia.com/terms/u/unearnedrevenue.asp
Unemployment Rate,The U.S. unemployment rate is released on the first Friday of every month for the preceding month. The current and past editions of the report are available from theBureau of Labor Statistics (BLS). The unemployment rate is the percentage of the labor force without a job. It is a lagging indicator and generally rises or falls with changing economic conditions.,https://www.investopedia.com/terms/u/unemploymentrate.asp
Uniform Partnership Act (UPA),"The Uniform Partnership Act (UPA) provides governance for businesspartnershipsin several U.S. states. The UPA also offers regulations governing the dissolution of a partnership when a partner dissociates. Over the years, several amendments have been added to the Uniform Partnership Act (UPA). The revised act and revisions are sometimes referred to as the Revised Uniform Partnership Act (RUPA).",https://www.investopedia.com/terms/u/uniform-partnership-act-upa.asp
Uniform Securities Act,The Uniform Securities Act is a model law created as a starting point for state-level securities regulation. The purpose of the Uniform Securities Act is to deal with securities fraud at the state level and to assist theSecurities and Exchange Commission(SEC) in enforcement and regulation.,https://www.investopedia.com/terms/u/uniformsecuritiesact.asp
Unintentional Tort,"An unintentional tort is a type of unintended accident that leads to injury, property damage, or financial loss. In the event of an unintentionaltort, the person who caused the accident did so inadvertently and typically because they were not being careful.",https://www.investopedia.com/terms/u/unintentional-tort.asp
United States Government Life Insurance (USGLI),"United States Government Life Insurance (USGLI) is a type oflife insurancethat was offered by the United States government between 1919 and 1951. This measure, which was originally intended to support veterans who served during World War I, formed part of a broader set of policies known as the War Risk Insurance program.",https://www.investopedia.com/terms/u/united-states-government-life-insurance-usgli.asp
Unitized Fund,"A unitized fund is a type of investmentfundstructure that uses pooled money to invest with individually reported unit values for investors.Assetsin the pool are managed to a specific objective, often with concentration in one stock. Investors are provided with a daily unitized value for their portion of the investment.",https://www.investopedia.com/terms/u/unitized-fund.asp
Universal Healthcare Coverage,"Universal healthcare coverage refers to systems in which all residents of a particular geographical area or country have health insurance. An early example of universal healthcare coverage is Germany in the 1880s, when Chancellor Otto von Bismarck introduced a series of bills guaranteeing access to healthcare.Today, most industrialized nations—including France, Switzerland, and the United Kingdom, but not the United States—provide universal healthcare coverage for their citizens.",https://www.investopedia.com/terms/u/universal-coverage.asp
Unlawful Loan,An unlawful loan is a loan that fails to comply with—or contravenes—any provision of prevailing lending laws. Examples of unlawful loans include loans or credit accounts with excessively high-interest rates or ones that exceed the legal size limits that a lender is permitted to extend.,https://www.investopedia.com/terms/u/unlawful-loan.asp
Unofficial Strike,An unofficial strike is a work stoppage byunionmembers that is not endorsed by the union and that does not follow the legal requirements for striking. Workers engaging in unofficial strikes have little legal recourse if they are fired and do not receive strike pay. An unofficial strike is also called a wildcat strike or an unofficial industrial action.,https://www.investopedia.com/terms/u/unofficial-strike.asp
Unpaid Dividend,An unpaid dividend is adividendthat is due to be paid to shareholders but has not yet been distributed. Unpaid dividends exist because of timing differences between therecord date–the time at which existing shareholders become eligible to receive the upcoming dividend–and thepayment date–when the dividend is actually paid.,https://www.investopedia.com/terms/u/unpaid_dividend.asp
Unqualified Opinion,"An unqualified opinion is anindependent auditor's judgment that a company's financial statements are fairly and appropriately presented, without any identified exceptions, and in compliance withgenerally accepted accounting principles(GAAP).",https://www.investopedia.com/terms/u/unqualified-opinion.asp
Unregistered Shares,"Unregistered shares, also known asrestricted stock, are securities that are not registered with the Securities and Exchange Commission (SEC). They are usually issued through private placements,Regulation Dofferings, or employee stock benefit plans as compensation for professional services, or in exchange for funding a startup company.",https://www.investopedia.com/terms/u/unregistered-shares.asp
Unsecured Note,An unsecured note is a loan that is not secured by the issuer's assets.Unsecurednotes are similar todebenturesbut offer a higherrate of return. Unsecured notes provide less security than a debenture. Such notes are also often uninsured and subordinated. The note is structured for a fixed period.,https://www.investopedia.com/terms/u/unsecured-note.asp
Unsystematic Risk,"Unsystematic risk is the risk that is unique to a specific company or industry. It's also known as nonsystematic risk,specific risk, diversifiable risk, or residual risk. In the context of an investment portfolio, unsystematic risk can be reduced through diversification—while systematic risk is the risk that's inherent in the market.",https://www.investopedia.com/terms/u/unsystematicrisk.asp
Uptick,Uptick describes an increase in the price of a financial instrument since the last transaction. An uptick occurs when a security’s price rises in relation to the lasttickortrade. An uptick is sometimes referred to as aplus tick.,https://www.investopedia.com/terms/u/uptick.asp
Usance,"In international trade, usance (sometimes called tenor) is the allowable period of time, permitted by custom, between the date of the bill and its payment. The usance of a bill varies between countries, often ranging from two weeks to two months. It is also the interest charged on borrowed funds. Usance is derived from the action of usury, as well as theuse of goodsfor economic purposes.",https://www.investopedia.com/terms/u/usance.asp
Usury Laws,"Usury is lending money at aninterest ratethat is unreasonably high or higher than therate permitted by law.Usurylaws protect consumers by governing the interest charged on a loan. In the United States, individual states are responsible for setting usury laws. Though this type of financial activity could fall under the Constitution's commerce clause,Congresshas not traditionally focused on usury at the federal level.",https://www.investopedia.com/terms/u/usury-laws.asp
Utility,Utility is an economic term used to measure the value a good or service brings to a consumer.,https://www.investopedia.com/terms/u/utility.asp
Utility Patent,"A utility patent covers the creation of a new or improved—and useful—product, process, or machine. A utility patent, also known as a ""patent for invention,"" prohibits other individuals or companies from making, using, or selling the invention without authorization. When most people refer to apatent, they most likely are referring to a utility patent.",https://www.investopedia.com/terms/u/utility-patent.asp
Vacancy Rate,"The vacancy rate is the percentage of all available units in arental property, such as a hotel or apartment complex, that are vacant or unoccupied at a particular time.",https://www.investopedia.com/terms/v/vacancy-rate.asp
Valuation,"Valuation is the analytical process of determining the current or projected worth of an asset or company. Many techniques are used for doing a valuation. Among other metrics, an analyst placing a value on a company looks at the business's management, the composition of itscapital structure, the prospect of future earnings, and themarket valueof its assets.",https://www.investopedia.com/terms/v/valuation.asp
Value,"Value is the monetary, material, or assessed worth of an asset, good, or service. ""Value"" is attached to a myriad of concepts includingshareholder value, the value of a firm, fair value, and market value. Some of the terms are well-known business jargon, and some are formal terms for accounting and auditing standards of reporting to theSecurities and Exchange Commission (SEC).",https://www.investopedia.com/terms/v/value.asp
Value at Risk (VaR),"Value at risk (VaR) is a statistic that quantifies the extent of possible financial losses within a firm, portfolio, or position over a specific time frame. Thismetricis most commonly used byinvestmentandcommercial banksto determine the extent and probabilities of potential losses in their institutional portfolios.",https://www.investopedia.com/terms/v/var.asp
Value Network,A value network is a set of connections between organizations and/or individuals interacting with each other to benefit the entire group. A value network allows members to buy and sell products as well as share information. Thesenetworkscan be visualized with a simple mapping tool showing nodes (members) and connectors (relationships).,https://www.investopedia.com/terms/v/value-network.asp
Value Proposition,"A value proposition in marketing is a concise statement of the benefits that a company is delivering to customers who buy its products or services. It serves as a declaration of intent, both inside the company and in the marketplace.",https://www.investopedia.com/terms/v/valueproposition.asp
Value Trap,"A value trap is a stock or other investment that appears attractively priced because it has been trading at low valuation metrics, such asprice to earnings(P/E),price to cash flow(P/CF), orprice to book value(P/B) for an extended period.",https://www.investopedia.com/terms/v/valuetrap.asp
Variable Cost,A variable cost is an expense that changes in proportion to how much a company produces or sells. Variable costs increase or decrease depending on a company's production or sales volume—they rise as production increases and fall as production decreases.,https://www.investopedia.com/terms/v/variablecost.asp
Variable Coupon Renewable Note (VCR),A variable coupon renewable note (VCR) is a renewable fixed income security with variable coupon rates that are periodically reset. The renewable note is a type of debt security with a weekly maturity. The principal of this security is reinvested automatically at new interest rates every week it matures.,https://www.investopedia.com/terms/v/variablecouponrenewablenote.asp
Variable Interest Rate,A variable interest rate (sometimes called an “adjustable” or a “floating” rate) is an interest rate on a loan or security that fluctuates over time because it is based on an underlying benchmark interest rate or index that changes periodically.,https://www.investopedia.com/terms/v/variableinterestrate.asp
Variable-Rate Certificate of Deposit,"A variable-rate certificate of deposit (CD) is a type of savings account offered by banks and credit unions. Also sometimes called a ""flex CD,"" this certificate locks up your money for a fixed length of time (term) but provides a fluctuating interest rate based on different factors such as theprime rate, theConsumer Price Index (CPI),Treasury bills, or amarket index. TheFederal Deposit Insurance Corp. (FDIC)protects variable-rate and other CDs.",https://www.investopedia.com/terms/v/variable-rate-certificate-of-deposit.asp
Vertical Merger,"A vertical merger is themergerof two or more companies that provide different supply chain functions for a common good or service. Most often, the merger is effected to increasesynergies, gain more control of the supply chain process, and ramp up business. A vertical merger often results in reduced costs and increased productivity and efficiency.",https://www.investopedia.com/terms/v/verticalmerger.asp
Vertical Spread,"A vertical spread involves the simultaneous buying and selling ofoptionsof the same type (i.e., either puts or calls) and expiry, but at differentstrike prices. The term 'vertical' comes from the position of the strike prices.",https://www.investopedia.com/terms/v/verticalspread.asp
Very Small Aperture Terminal (VSAT),A very small aperture terminal (VSAT) is a two-way ground station that transmits and receives data from satellites. A VSAT is less than three meters tall and is capable of both narrow and broadband data to satellites in orbit in real-time. The data can then be redirected to other remote terminals or hubs around the planet.,https://www.investopedia.com/terms/v/vsat.asp
Veterans Administration,"The term Veterans Administration refers to the previous name of a U.S. Cabinet-level department. Founded at the height of theGreat Depression, the Veterans Administration was formerly an independent government agency. It was elevated to a cabinet department in 1989 and underwent a change in title to theU.S. Department of Veterans Affairs. The organization provided and continues to provide medical care, benefits, and essential services to veterans of the U.S. armed forces and their families.",https://www.investopedia.com/terms/v/veterans-administration.asp
Viator,A viator is a person who has been diagnosed with a life-threatening illness and decides to sell their life insurance policy so they can receive a portion of their death benefit while they are still alive.,https://www.investopedia.com/terms/v/viator.asp
Visibility,"The term ""visibility"" is used to portray the extent to which a company's management or analysts can estimate future performance. Visibility can range from low to high or from the near term to the long-term.",https://www.investopedia.com/terms/v/visibility.asp
Voice-over-Internet Protocol (VoIP),"Voice-over-Internet protocol (VoIP) is communications technology that allows users to interact by audio through anInternetconnection, rather than through an analog connection. Voice-over-Internet Protocol converts the voice signal used in traditional phone technology into a digital signal that travels through the Internet instead of through analog telephone lines.",https://www.investopedia.com/terms/v/voiceoverinternet-protocol-voip.asp
Voluntary Conveyance,"Voluntary conveyance refers to an elective transfer of title from one individual to another without adequate consideration. Consideration refers to compensation which is expected in return for the property. Without it, the conveyor should be prepared to offer a legal explanation for the transfer.",https://www.investopedia.com/terms/v/voluntary-conveyance.asp
Voluntary Foreclosure,"A voluntary foreclosure is initiated by a borrower who is unable to continue making loan payments on a property, in an attempt to avoid further payments and prevent involuntary foreclosure and eviction. Borrowers may choose this option if their mortgage is significantly underwater.",https://www.investopedia.com/terms/v/voluntary-foreclosure.asp
Voluntary Termination,"Voluntary termination may refer to a variety of actions, but most commonly, it refers to an employee's decision toleave a jobon their own accord. It differs from a layoff or a firing, in which the decision to end employment was made by the employer or another party, rather than the employee.",https://www.investopedia.com/terms/v/voluntary-termination.asp
Voodoo Economics,"Voodoo economics is a derogatory phrase first used during the 1980 presidential primaries by George H.W. Bush, then a candidate, to describe his opponent Ronald Reagan's proposals to reinvigorate the U.S. economy. Reagan won that election, and his economic policies came to be known as ""Reaganomics.""",https://www.investopedia.com/terms/v/voodooeconomics.asp
Wage Assignment,A wage assignment is an agreement that a portion of your disposable income will go directly to your creditors. This option may be written into some loan agreements or you may seek it out to help pay down debt with minimal effort on your part.,https://www.investopedia.com/terms/w/wage-assignment.asp
Waiver of Demand,"A waiver of demand is a legal agreement given by a party who has endorsed acheckor abank draft. It states that, should the original issuer of the check or draft default, the endorser will take responsibility for honoring that check or draft on the issuer’s behalf.",https://www.investopedia.com/terms/w/waiver-of-demand.asp
Wall of Worry,"Wall of worry is the financial markets' periodic tendency to surmount a host of negative factors and keep ascending. Wall of worry is generally used in connection with the stock markets, referring to their resilience when running into a temporary stumbling block, rather than a permanent impediment to a market advance.",https://www.investopedia.com/terms/w/wallofworry.asp
Wall Street,"Wall Street is literally a street located in New York City at the southern end of Manhattan. Figuratively, Wall Street is much more. It's synonymous with the financial industry and the firms within it. This connotation has its roots in the fact that so many brokerages andinvestment bankshistorically have established their headquarters in and around the street. All the better to be close to theNew York Stock Exchange (NYSE).",https://www.investopedia.com/terms/w/wallstreet.asp
War Bond,"A war bond is a debt security issued by a government to finance military operations during times of war or conflict. Because war bonds offered a rate of return below the market rate, investment was achieved by making emotional appeals to patriotic citizens to lend the government money.",https://www.investopedia.com/terms/w/warbonds.asp
War Economy,"War economy is the organization of a country's production capacity and distribution during a time of conflict. A war economy must make substantial adjustments to its consumer production to accommodate defense production needs. In a war economy, governments must choose how to allocate their country’s resources very carefully in order to achieve military victory while also meeting vital domestic consumer demands.",https://www.investopedia.com/terms/w/war-economy.asp
Warehouse Lending,Warehouse lending is a line of credit given to a loan originator. The funds are used to pay for a mortgage that a borrower uses to purchase property. The life of the loan generally extends from itsoriginationto the time it is sold on the secondary market either directly or through securitization.,https://www.investopedia.com/terms/w/warehouse_lending.asp
Warrant,"Warrants are a derivative that give the right, but not the obligation, to buy or sell a security—most commonly an equity—at a certain price before expiration. The price at which the underlying security can be bought or sold is referred to as the exercise price or strike price. An Americanwarrantcan be exercised at any time on or before the expiration date, while European warrants can only be exercised on the expiration date. Warrants that give the right to buy a security are known as call warrants; those that give the right to sell a security are known as put warrants.",https://www.investopedia.com/terms/w/warrant.asp
Warranty of Title,"A warranty of title is a guarantee by asellerto a buyer that the seller has the right to transfer ownership and no one else has rights to the property. In addition, a warranty of title may be used to guarantee that no other party has copyright, patent or trademark rights in the property being transferred.",https://www.investopedia.com/terms/w/warranty-title.asp
Wassily Leontief,"Wassily Leontief was a Nobel Prize-winning Russian-American economist and professor who contributed several insightful theories to economics. Leontief’s Nobel Prize research focused oninput-output analysis, which breaks down the sectors of the economy and discusses how changes in one sector can affect other sectors.",https://www.investopedia.com/terms/w/wassily-leontief.asp
Water Exclusion Clause,"A water exclusion clause is a restriction inhomeownersandrenter'sinsurance policies that denies coverage for some water-related claims. Events that are likely to fall under a water exclusion clause include damage caused by flood, tsunamis, standing water, groundwater, and drain or sewage backups.",https://www.investopedia.com/terms/w/water-exclusion-clause.asp
Watercraft Insurance,"Watercraft insurance is an umbrella term for three types of insurance:boat insurance,yacht insurance, and personal watercraft insurance. It protects against damages to vessels powered by a motor that has a horsepower of at least 25 miles per hour (mph). Examples of the types of costs covered by watercraft insurance policies include physical loss or damage to the boat, theft of the boat, and towing.",https://www.investopedia.com/terms/w/watercraft-insurance.asp
Wave,"The Elliott Wave Theory intechnical analysisdescribes price movements in the financial market. Developed by Ralph Nelson Elliott, it observes recurring fractal wave patterns identified in stock price movements and consumer behavior. Investors who profit from amarket trendare described as riding a wave.",https://www.investopedia.com/terms/e/elliottwavetheory.asp
Wealth,"Wealth is the total value of all assets owned by a person, community, company, or country.",https://www.investopedia.com/terms/w/wealth.asp
Wealth Effect,"The wealth effect is abehavioral economictheory suggesting thatpeople spend more as the value of theirassetsrise.The idea is that consumers feel more financially secure and confident about their wealth when their homesor investmentportfoliosincrease in value. They are made to feel richer, even if their income andfixed costsare the same as before.",https://www.investopedia.com/terms/w/wealtheffect.asp
Wealth Management,Wealth management is an investment advisory service that uses financial services to address the needs of affluent clients.,https://www.investopedia.com/terms/w/wealthmanagement.asp
Web Syndication,Web syndication is amarketing strategyfor websites that grants a right or license to broadcast or distribute content from one site to another. The most common example of web syndication is a contentlicensing arrangementbetween two or more Internet companies in which one company provides content to be published and promoted on the other's website.,https://www.investopedia.com/terms/w/web-syndication.asp
Weekend Effect,The weekend effect is a phenomenon in financial markets in which stock returns on Mondays are often significantly lower than those of the immediately preceding Friday.,https://www.investopedia.com/terms/w/weekendeffect.asp
Weighted Average,A weighted average is a calculation that assigns varying degrees of importance to the numbers in a particular data set. A weighted average can be more accurate than a simple average in which all numbers in a data set are assigned an identical weight. It is widely used in investing and many other fields.,https://www.investopedia.com/terms/w/weightedaverage.asp
Weighted Average Coupon (WAC),The weighted average coupon (WAC) is a measurement of the rate of return on a pool of mortgages that is sold to investors as a mortgage-backed security.,https://www.investopedia.com/terms/w/wac.asp
Weighted Average Credit Rating,"The weighted average credit rating (WACR) relates to the weighted average rating regarding all bonds in abond fund. This rating procedure provides investors with an idea as to a fund's credit quality. It also helps to identify the overall risk involved with a bond portfolio. The lower the weighted average credit rating, the riskier a bond fund is. The weighted average credit rating is designated in letter rating form, including AAA, BBB, or CCC.",https://www.investopedia.com/terms/w/weightedaveragecreditrating.asp
Weighted Average Maturity (WAM),"Weighted average maturity (WAM) is theweighted averageamount of time until the mortgages in amortgage-backed security (MBS)mature. This term is used more broadly to describe maturities in a portfolio of debt securities, including corporate debt and municipal bonds. The higher the WAM, the longer it takes for all of the mortgages or bonds in the portfolio to mature. WAM is used to manage debt portfolios and to assess the performance of debt portfolio managers.",https://www.investopedia.com/terms/w/weightedaveragematurity.asp
Weighted Average Rating Factor (WARF),The weighted average rating factor (WARF) is a measure that is used by credit rating companies to indicate the credit quality of a portfolio. This measure aggregates the credit ratings of the portfolio's holdings into a single rating. WARFs are most often calculated forcollateralized debt obligations(CDOs).,https://www.investopedia.com/terms/w/warf.asp
Welfare Loss Of Taxation,Welfare loss of taxation refers to a decrease in economic and social well-being caused by the imposition of a new tax. It is the total cost to society incurred just by the process of transferring purchasing power from taxpayers to the taxing authority.,https://www.investopedia.com/terms/w/welfare-loss-of-taxation.asp
When Issued (WI),"When issued (WI) is a transaction that is made conditionally because a security has been authorized but not yet issued. Treasury securities,stock splits, and new issues of stocks and bonds are all traded on a when-issued basis.",https://www.investopedia.com/terms/w/wi.asp
Whipsaw,"Whipsaw describes the movement of asecuritywhen, at a particular time, the security's price is moving in one direction but then quickly pivots to move in the opposite direction.",https://www.investopedia.com/terms/w/whipsaw.asp
White Shoe Firm,"A ""white shoe firm"" is an old-fashioned term for the most prestigious, well-established businesses and companies in elite professions. The term originally was used only to refer to legal practices—""white-shoe law firm"" was a common variation—but now may be used to describe those in other fields, such asinvestment bankingand management consulting.",https://www.investopedia.com/terms/w/whiteshoe.asp
Wholesale Trade,"Wholesale trade is aneconomic indicatorthat measures the value in U.S. dollars of all merchantwholesalers'sales and inventories. Wholesale trade is one component of business sales and inventories. Only those firms that sell to governments, institutions, and other businesses are considered part of wholesale trade.",https://www.investopedia.com/terms/w/wholesale-trade.asp
Wholly Owned Subsidiary,A wholly owned subsidiary is a company whose common stock is 100% owned by another company. A company may become a wholly-owned subsidiary through an acquisition.,https://www.investopedia.com/terms/w/whollyownedsubsidiary.asp
Wide Basis,"A wide basis is a condition found infuturesmarkets whereby the local cash (spot) price of a commodity is relatively far from its futures price. It is the opposite of anarrow basis, in which thespot priceand futures prices are very close together.",https://www.investopedia.com/terms/w/widebasis.asp
Wildcat Banking,"Wildcat banking refers to the banking industry in parts of the United States from 1837 to 1865, when banks were established in remote and inaccessible locations. During this period, banks were chartered by state law without any federal oversight. Less stringent regulations on the banking industry at the time led to this period, also being referred to as the Free Banking Era.",https://www.investopedia.com/terms/w/wildcat-banking.asp
Williams Act,"TheWilliams Actis a federal law enacted in 1968 that defines the rules of acquisitions and tender offers. It came in response to a wave of hostile takeover attempts fromcorporate raiders, making cash tender offers for stocks they owned. Cash tender offers threatened to destroy value by forcing shareholders to tender shares on a shortened timetable.",https://www.investopedia.com/terms/w/williamsact.asp
Wirehouse,A wirehouse is a term used to describe a full-service broker-dealer. Modern-day wirehouses range from small regional brokerages to large institutions with global footprints.,https://www.investopedia.com/terms/w/wirehouse.asp
Witching Hour,The witching hour is the last hour of trading on the third Friday of each month when options and futures on stocks and stock indexes expire. This time is when there are likely heavier trading volumes as traders close out options and futures contracts before expiration. Positions are then typically reopened in contracts that expire at a later date.,https://www.investopedia.com/terms/w/witching-hour.asp
Withholding Allowance,A withholding allowance is an exemption that reduces how much income an employer deducts from an employee’s paycheck for taxes and transmits to the Internal Revenue Service (IRS) on their behalf.,https://www.investopedia.com/terms/w/withholdingallowance.asp
Work Ticket,"A work ticket is a form that shows the time spent by an employee working on a particular job. It is used as a basis for billing the costs of direct labor to customers, and may also be used for calculating wages of employees who are paid by the hour. In the context of accounting for the hours an employee works, a work ticket is also known as ""time card"" or a ""timesheet,"" which are more commonly used. In the context of recording how many hours a worker has put into a specific task, the term ""work order"" may be used as well.",https://www.investopedia.com/terms/w/work-ticket.asp
Worldwide Income,"In the United States, worldwide income describes anaggregationof a taxpayer's domestic and foreign income. Worldwide income is income earned anywhere in the world and is used to determine taxable income. In the U.S., citizens and resident aliens are subject to tax on worldwide income.﻿﻿",https://www.investopedia.com/terms/w/worldwide-income.asp
Worthless Securities,"Worthless securities have amarket valueof zero and, along with any securities that an investor has abandoned, result in acapital lossfor the owner. They can be claimed as such when filing taxes.",https://www.investopedia.com/terms/w/worthless-securities.asp
Write-Down,"A write-down is an accounting term for the reduction in the book value of an asset when itsfair market value (FMV)has fallen below the carrying book value, and thus becomes animpaired asset. The amount to be written down is the difference between the book value of the asset and the amount of cash that the business can obtain by disposing of it in the most optimal manner.",https://www.investopedia.com/terms/w/writedown.asp
Written Premium,"Written premium is an accounting term in theinsuranceindustry used to describe the total amount that customers are required to pay for insurance coverage on policies issued by a company during a specific period of time. Written premiums factor in the amount ofpremiumcharged for a policy that has already become effective, regardless of what portions have been earned. Written premiums are the principal source of an insurance company's revenues.",https://www.investopedia.com/terms/w/written-premium.asp
Y,Y is a letter that appears on a stock symbol specifying that a particular stock is anAmerican depositary receipt(ADR). A stock symbol (also known as a ticker symbol) is a unique series of letters that are a shorthand way of identifying a company's specific stock. Astock symbolcan include a letter at the end of the symbol that conveys information about that stock's trading status. These symbols help investors differentiate one type of investment from another.,https://www.investopedia.com/terms/y/y.asp
Y-Share,"Y-shares are aninstitutional shareclass offered in open-end mutual funds. Targeting institutional investors, the share class often has a high minimum investment, beginning at approximately $25,000. This share class also offers the benefit of waived or limited load charges and lower comparative total annual fees.",https://www.investopedia.com/terms/y/y-share.asp
Yacht Insurance,"Yacht insurance is an insurance policy that provides indemnityliability coveragefor a sailing vessel. It includes liability coverage for bodily injury or damage to the property of others and damage to personal property on the vessel. Depending on the insurance provider, this insurance could also include gas delivery, towing, and assistance if your yacht gets stranded.",https://www.investopedia.com/terms/y/yacht-insurance.asp
Yankee Bond,"A Yankee bond is a debt obligation issued by a foreign entity, such as a government or company, which is traded in the United States and denominated in U.S. dollars.",https://www.investopedia.com/terms/y/yankeebond.asp
Yankee CD,A Yankeecertificate of deposit (CD)is a type of CD that is issued in the United States by a branch of a foreign bank. Yankee CDs are denominated in U.S. dollars and are used by foreign banks to raise capital from U.S. investors.,https://www.investopedia.com/terms/y/yankeecd.asp
Yankee Market,"""Yankee market"" is a slang term for thestock marketin the United States.",https://www.investopedia.com/terms/y/yankee-market.asp
Year-Over-Year (YOY),"Year-over-year (YOY) is a method of measuring growth that compares a statistic, such as revenue in one time period with the same time period one year earlier.",https://www.investopedia.com/terms/y/year-over-year.asp
Yield Basis,"The yield basis is a method of quoting the price of afixed-income securityas a yield percentage, rather than as a dollar value. This allows bonds with varying characteristics to be easily compared. The yield basis is calculated by dividing the coupon amount paid annually by thebondpurchase price.",https://www.investopedia.com/terms/y/yield_basis.asp
Yield Spread Premium,"A yield spread premium (YSP) is a form of compensation that amortgage broker, acting as the intermediary, receives from the originating lender for selling an interest rate to a borrower that is above the lender'spar ratefor which the borrower qualifies. The YSP can sometimes be applied to cover costs associated with the loan, so the borrower isn't on the hook for additional fees.",https://www.investopedia.com/terms/y/yield_spread_premium.asp
Z-Share,A Z-share is a class ofmutual fundshares that employees of the fund's management company are allowed to own. Employees may have the option to buy Z-shares. They are also used in employee benefit plans and offered as a part of compensation or through a reward package.,https://www.investopedia.com/terms/z/z-share.asp
Zacks Investment Research,"Zacks Investment Researchis an American company dedicated to the production of independent research and investment-related content. It was founded in 1978 by Len Zacks, based on his insights while pursuing his Ph.D. at MIT.",https://www.investopedia.com/terms/z/zacks-investment-research.asp
Zakat,Zakatis anIslamic financeterm referring to the obligation that an individual donate a certain proportion of theirwealtheach year to charitable causes. Zakat is mandatory for all Muslims in most countries and is considered to be a form of worship. Giving away money to the poor is said to purify yearly earnings that are over and above what is required to provide a person and their family with their essential needs.,https://www.investopedia.com/terms/z/zakat.asp
ZCash,"ZCash is a blockchain and cryptocurrency that emerged in 2016 when a group of scientists decided they wanted to create a cryptocurrency similar to Bitcoin but with some additional features. They developed a fork of the Bitcoin blockchain with enhanced user security and anonymity. The scientists first invented Zerocoin, which became Zerocash not too long after its initial release. Eventually, the cryptocurrency was renamed ZCash.",https://www.investopedia.com/terms/z/zcash.asp
Zero-Coupon Bond,Zero-coupon bonds are issued at a deep discount and they repay the par value at maturity. The difference between the purchase price and the par value is the investor's return.,https://www.investopedia.com/terms/z/zero-couponbond.asp
Zero-Investment Portfolio,"A zero-investment portfolio is a collection ofinvestmentsthat has a net value of zero when the portfolio is assembled, and therefore requires an investor to take no equity stake in the portfolio. For instance, an investor may short sell $1,000 worth of stocks in one set of companies, and use the proceeds to purchase $1,000 in stock in another set of companies.",https://www.investopedia.com/terms/z/zero-investment-portfolio.asp
Zero Liability Policy,"A credit or debit card’s zero liability policy means the cardholder is not liable or financially responsible for unauthorized charges in most cases. Credit card issuers typically provide stronger protection, though terms may vary. Many debit cards offer zero liability as well. It’s important to understand the limits set by federal law and if the issuer provides more coverage.",https://www.investopedia.com/terms/z/zero-liability-policy.asp
Zero-Lot-Line House,"A zero-lot-line house is a piece of residentialreal estatein which the structure comes up to, or very near to, the edge of the property line. Rowhouses, garden homes, patio homes, and townhomes are all types of properties that may be zero-lot-line homes. They may be attached (as in a townhouse) or a detached single story or multistory residence.",https://www.investopedia.com/terms/z/zero-lot-line-house.asp
11th District Cost of Funds Index (COFI),"The 11th District Cost of Funds Index (COFI) was a monthly index that reflected the average interest rate paid by savings institutions in Arizona, California, and Nevada on checking and savings accounts. It was one of many indices used by mortgage lenders to adjust the interest rate onadjustable rate mortgages(ARM) and was launched in 1981. With an ARM mortgage, the interest rate on a mortgage moves up and down along with some standard interest rate chosen by the lender, and COFI was one of the most popular indices in the western states.",https://www.investopedia.com/terms/1/cofi.asp
12B-1 Fund,A 12b-1 fund is a mutual fund that charges its holders a 12b-1 fee. A12b-1 feepays for a mutual fund’s distribution and marketing costs. It is often used as a commission to brokers for selling the fund.,https://www.investopedia.com/terms/1/12b-1-fund.asp
18-Hour City,"Economists and real estate investors use the term 18-hour city to describe a mid-size city with attractive amenities, higher-than-average population growth, and a lowercost of livingand cost of doing business than the biggest urban areas. The 18-hour city generally has a population of under one million, making it a second-tier city.",https://www.investopedia.com/terms/1/18hour-city.asp
1979 Energy Crisis,"The 1979 energy crisis, thesecond of two oil price shocksin the '70s, resulted in a widespread panic about potential gasoline shortages, and far higher prices for bothcrude oiland refined products. Oil output declined by only 7% or less, but the short-term supply disruption led to a spike in prices, panic buying, and long lines at gas stations.",https://www.investopedia.com/terms/1/1979-energy-crisis.asp
48-Hour Rule,"The 48-hour rule is a requirement that sellers ofto-be-announced(TBA)mortgage-backed securities(MBS) communicate all pool information regarding the MBS to buyers before 3 p.m. Eastern Time, 48 hours before the settlement date of the trade. TheSecurities Industry and Financial Markets Association(SIFMA) enforces this rule. SIFMA was formerly known as the Public Securities Association or Bond Market Association.",https://www.investopedia.com/terms/1/48-hour-rule.asp
8(a) Firm,"An 8(a) firm is asmall businessthat is owned and operated by socially and economically disadvantaged citizens and that has been accepted into the 8(a) Business Development Program. This program is administered by theSmall Business Administration (SBA), the United States agency charged with supporting the growth and development of small businesses.﻿﻿ The 8(a) program is designed to help disadvantaged entrepreneurs get government contracts and access the economic mainstream in America.",https://www.investopedia.com/terms/1/8a-firm.asp