Symbol,Company Name,Industry
AMBI,Ambipar Emergency Response,Waste Management
AQMS,"Aqua Metals, Inc.",Waste Management
AWX,Avalon Holdings Corporation,Waste Management
CDTG,CDT Environmental Technology Investment Holdings Limited,Waste Management
CLH,"Clean Harbors, Inc.",Waste Management
CWST,"Casella Waste Systems, Inc.",Waste Management
DXST,Decent Holding Inc.,Waste Management
ESGL,ESGL Holdings Limited,Waste Management
GFL,GFL Environmental Inc.,Waste Management
GWAV,"Greenwave Technology Solutions, Inc.",Waste Management
LNZA,"LanzaTech Global, Inc.",Waste Management
MEG,"Montrose Environmental Group, Inc.",Waste Management
NVRI,Enviri Corporation,Waste Management
PESI,"Perma-Fix Environmental Services, Inc.",Waste Management
QRHC,Quest Resource Holding Corporation,Waste Management
RSG,"Republic Services, Inc.",Waste Management
WCN,"Waste Connections, Inc.",Waste Management
WM,"Waste Management, Inc.",Waste Management
BEP,Brookfield Renewable Partners L.P.,Utilities - Renewable
BEPC,Brookfield Renewable Corporation,Utilities - Renewable
BNRG,Brenmiller Energy Ltd,Utilities - Renewable
CEG,Constellation Energy Corporation,Utilities - Renewable
CREG,Smart Powerr Corp.,Utilities - Renewable
CWEN,"Clearway Energy, Inc.",Utilities - Renewable
CWEN.A,"Clearway Energy, Inc.",Utilities - Renewable
EBR,Centrais Elétricas Brasileiras S.A. - Eletrobrás,Utilities - Renewable
ELLO,Ellomay Capital Ltd.,Utilities - Renewable
ENLT,Enlight Renewable Energy Ltd,Utilities - Renewable
FLNC,"Fluence Energy, Inc.",Utilities - Renewable
GEV,GE Vernova Inc.,Utilities - Renewable
HTOO,Fusion Fuel Green PLC,Utilities - Renewable
NRGV,"Energy Vault Holdings, Inc.",Utilities - Renewable
NXXT,NextNRG Inc.,Utilities - Renewable
ORA,"Ormat Technologies, Inc.",Utilities - Renewable
RNW,ReNew Energy Global Plc,Utilities - Renewable
STEM,"Stem, Inc.",Utilities - Renewable
SUUN,SolarBank Corporation,Utilities - Renewable
VGAS,"Verde Clean Fuels, Inc.",Utilities - Renewable
WAVE,Eco Wave Power Global AB (publ),Utilities - Renewable
XIFR,"XPLR Infrastructure, LP",Utilities - Renewable
ARIS,"Aris Water Solutions, Inc.",Utilities - Regulated Water
ARTNA,Artesian Resources Corporation,Utilities - Regulated Water
AWK,"American Water Works Company, Inc.",Utilities - Regulated Water
AWR,American States Water Company,Utilities - Regulated Water
CDZI,Cadiz Inc.,Utilities - Regulated Water
CWCO,Consolidated Water Co. Ltd.,Utilities - Regulated Water
CWT,California Water Service Group,Utilities - Regulated Water
GWRS,"Global Water Resources, Inc.",Utilities - Regulated Water
MSEX,Middlesex Water Company,Utilities - Regulated Water
PCYO,Pure Cycle Corporation,Utilities - Regulated Water
SBS,Companhia de Saneamento Básico do Estado de São Paulo - SABESP,Utilities - Regulated Water
SJW,SJW Group,Utilities - Regulated Water
WTRG,"Essential Utilities, Inc.",Utilities - Regulated Water
YORW,The York Water Company,Utilities - Regulated Water
ATO,Atmos Energy Corporation,Utilities - Regulated Gas
BIPC,Brookfield Infrastructure Corporation,Utilities - Regulated Gas
BKH,Black Hills Corporation,Utilities - Regulated Gas
CPK,Chesapeake Utilities Corporation,Utilities - Regulated Gas
CTRI,"Centuri Holdings, Inc.",Utilities - Regulated Gas
NFE,New Fortress Energy Inc.,Utilities - Regulated Gas
NI,NiSource Inc.,Utilities - Regulated Gas
NJR,New Jersey Resources Corporation,Utilities - Regulated Gas
NWN,Northwest Natural Holding Company,Utilities - Regulated Gas
OGS,"ONE Gas, Inc.",Utilities - Regulated Gas
OPAL,OPAL Fuels Inc.,Utilities - Regulated Gas
RGCO,"RGC Resources, Inc.",Utilities - Regulated Gas
SPH,"Suburban Propane Partners, L.P.",Utilities - Regulated Gas
SR,Spire Inc.,Utilities - Regulated Gas
SWX,"Southwest Gas Holdings, Inc.",Utilities - Regulated Gas
UGI,UGI Corporation,Utilities - Regulated Gas
AEE,Ameren Corporation,Utilities - Regulated Electric
AEP,"American Electric Power Company, Inc.",Utilities - Regulated Electric
CEPU,Central Puerto S.A.,Utilities - Regulated Electric
CMS,CMS Energy Corporation,Utilities - Regulated Electric
CNP,"CenterPoint Energy, Inc.",Utilities - Regulated Electric
D,"Dominion Energy, Inc.",Utilities - Regulated Electric
DTE,DTE Energy Company,Utilities - Regulated Electric
DUK,Duke Energy Corporation,Utilities - Regulated Electric
ED,"Consolidated Edison, Inc.",Utilities - Regulated Electric
EDN,Empresa Distribuidora y Comercializadora Norte Sociedad Anónima,Utilities - Regulated Electric
EIX,Edison International,Utilities - Regulated Electric
ELP,Companhia Paranaense de Energia - COPEL,Utilities - Regulated Electric
ELPC,Companhia Paranaense de Energia - COPEL,Utilities - Regulated Electric
ENIC,Enel Chile S.A.,Utilities - Regulated Electric
ES,Eversource Energy,Utilities - Regulated Electric
ETR,Entergy Corporation,Utilities - Regulated Electric
EVRG,"Evergy, Inc.",Utilities - Regulated Electric
EXC,Exelon Corporation,Utilities - Regulated Electric
FE,FirstEnergy Corp.,Utilities - Regulated Electric
FTS,Fortis Inc.,Utilities - Regulated Electric
GNE,Genie Energy Ltd.,Utilities - Regulated Electric
HE,"Hawaiian Electric Industries, Inc.",Utilities - Regulated Electric
IDA,"IDACORP, Inc.",Utilities - Regulated Electric
KEP,Korea Electric Power Corporation,Utilities - Regulated Electric
LNT,Alliant Energy Corporation,Utilities - Regulated Electric
MGEE,"MGE Energy, Inc.",Utilities - Regulated Electric
NEE,"NextEra Energy, Inc.",Utilities - Regulated Electric
NGG,National Grid plc,Utilities - Regulated Electric
NWE,"NorthWestern Energy Group, Inc.",Utilities - Regulated Electric
OGE,OGE Energy Corp.,Utilities - Regulated Electric
OKLO,Oklo Inc.,Utilities - Regulated Electric
PCG,PG&E Corporation,Utilities - Regulated Electric
PEG,Public Service Enterprise Group Incorporated,Utilities - Regulated Electric
PNW,Pinnacle West Capital Corporation,Utilities - Regulated Electric
POR,Portland General Electric Company,Utilities - Regulated Electric
PPL,PPL Corporation,Utilities - Regulated Electric
SO,The Southern Company,Utilities - Regulated Electric
TXNM,"TXNM Energy, Inc.",Utilities - Regulated Electric
WEC,"WEC Energy Group, Inc.",Utilities - Regulated Electric
XEL,Xcel Energy Inc.,Utilities - Regulated Electric
DGXX,Digi Power X Inc.,Utilities - Independent Power Producers
KEN,Kenon Holdings Ltd.,Utilities - Independent Power Producers
NRG,"NRG Energy, Inc.",Utilities - Independent Power Producers
PAM,Pampa Energía S.A.,Utilities - Independent Power Producers
TAC,TransAlta Corporation,Utilities - Independent Power Producers
TLN,Talen Energy Corporation,Utilities - Independent Power Producers
VST,Vistra Corp.,Utilities - Independent Power Producers
AES,The AES Corporation,Utilities - Diversified
ALE,"ALLETE, Inc.",Utilities - Diversified
AQN,Algonquin Power & Utilities Corp.,Utilities - Diversified
AVA,Avista Corporation,Utilities - Diversified
BIP,Brookfield Infrastructure Partners L.P.,Utilities - Diversified
CIG,Companhia Energética de Minas Gerais - CEMIG,Utilities - Diversified
CIG.C,Companhia Energética de Minas Gerais - CEMIG,Utilities - Diversified
MNTK,"Montauk Renewables, Inc.",Utilities - Diversified
SRE,Sempra,Utilities - Diversified
UTL,Unitil Corporation,Utilities - Diversified
CCJ,Cameco Corporation,Uranium
DNN,Denison Mines Corp.,Uranium
EU,enCore Energy Corp.,Uranium
LEU,Centrus Energy Corp.,Uranium
NXE,NexGen Energy Ltd.,Uranium
UEC,Uranium Energy Corp.,Uranium
URG,Ur-Energy Inc.,Uranium
UROY,Uranium Royalty Corp.,Uranium
UUUU,Energy Fuels Inc.,Uranium
ARCB,ArcBest Corporation,Trucking
CVLG,"Covenant Logistics Group, Inc.",Trucking
HTLD,"Heartland Express, Inc.",Trucking
HXHX,Haoxin Holdings Limited,Trucking
KNX,Knight-Swift Transportation Holdings Inc.,Trucking
MRTN,"Marten Transport, Ltd.",Trucking
ODFL,"Old Dominion Freight Line, Inc.",Trucking
PAMT,Pamt Corp.,Trucking
RXO,"RXO, Inc.",Trucking
SAIA,"Saia, Inc.",Trucking
SNDR,"Schneider National, Inc.",Trucking
TFII,TFI International Inc.,Trucking
TOPP,Toppoint Holdings Inc.,Trucking
ULH,"Universal Logistics Holdings, Inc.",Trucking
WERN,"Werner Enterprises, Inc.",Trucking
XPO,"XPO, Inc.",Trucking
YGMZ,MingZhu Logistics Holdings Limited,Trucking
ABNB,"Airbnb, Inc.",Travel Services
BKNG,Booking Holdings Inc.,Travel Services
CCL,Carnival Corporation & plc,Travel Services
CUK,Carnival Corporation & plc,Travel Services
DESP,"Despegar.com, Corp.",Travel Services
EXPE,"Expedia Group, Inc.",Travel Services
GBTG,"Global Business Travel Group, Inc.",Travel Services
ISPO,Inspirato Incorporated,Travel Services
LIND,"Lindblad Expeditions Holdings, Inc.",Travel Services
MMYT,MakeMyTrip Limited,Travel Services
NCLH,Norwegian Cruise Line Holdings Ltd.,Travel Services
NTRP,"NextTrip, Inc.",Travel Services
RCL,Royal Caribbean Cruises Ltd.,Travel Services
TCOM,Trip.com Group Limited,Travel Services
TNL,Travel + Leisure Co.,Travel Services
TOUR,Tuniu Corporation,Travel Services
TRIP,"Tripadvisor, Inc.",Travel Services
VCSA,"Vacasa, Inc.",Travel Services
VIK,Viking Holdings Ltd,Travel Services
YTRA,"Yatra Online, Inc.",Travel Services
CVR,Chicago Rivet & Machine Co.,Tools & Accessories
EML,The Eastern Company,Tools & Accessories
HLMN,Hillman Solutions Corp.,Tools & Accessories
KMT,Kennametal Inc.,Tools & Accessories
LECO,"Lincoln Electric Holdings, Inc.",Tools & Accessories
RBC,RBC Bearings Incorporated,Tools & Accessories
SNA,Snap-on Incorporated,Tools & Accessories
SWK,"Stanley Black & Decker, Inc.",Tools & Accessories
TKR,The Timken Company,Tools & Accessories
TTC,The Toro Company,Tools & Accessories
BTI,British American Tobacco p.l.c.,Tobacco
GNLN,"Greenlane Holdings, Inc.",Tobacco
ISPR,Ispire Technology Inc.,Tobacco
KAVL,"Kaival Brands Innovations Group, Inc.",Tobacco
MO,"Altria Group, Inc.",Tobacco
PM,Philip Morris International Inc.,Tobacco
RLX,RLX Technology Inc.,Tobacco
TPB,"Turning Point Brands, Inc.",Tobacco
UVV,Universal Corporation,Tobacco
XXII,"22nd Century Group, Inc.",Tobacco
ARLP,"Alliance Resource Partners, L.P.",Thermal Coal
BTU,Peabody Energy Corporation,Thermal Coal
CNR,"Core Natural Resources, Inc.",Thermal Coal
HNRG,Hallador Energy Company,Thermal Coal
NC,"NACCO Industries, Inc.",Thermal Coal
NRP,Natural Resource Partners L.P.,Thermal Coal
AIN,Albany International Corp.,Textile Manufacturing
CULP,"Culp, Inc.",Textile Manufacturing
UFI,"Unifi, Inc.",Textile Manufacturing
AMX,"América Móvil, S.A.B. de C.V.",Telecom Services
ATEX,Anterix Inc.,Telecom Services
ATNI,"ATN International, Inc.",Telecom Services
ATUS,"Altice USA, Inc.",Telecom Services
BCE,BCE Inc.,Telecom Services
CABO,"Cable One, Inc.",Telecom Services
CCOI,"Cogent Communications Holdings, Inc.",Telecom Services
CHT,"Chunghwa Telecom Co., Ltd.",Telecom Services
CHTR,"Charter Communications, Inc.",Telecom Services
CMCSA,Comcast Corporation,Telecom Services
CXDO,"Crexendo, Inc.",Telecom Services
FNGR,"FingerMotion, Inc.",Telecom Services
FYBR,"Frontier Communications Parent, Inc.",Telecom Services
GOGO,Gogo Inc.,Telecom Services
GSAT,"Globalstar, Inc.",Telecom Services
IDT,IDT Corporation,Telecom Services
IHS,IHS Holding Limited,Telecom Services
IRDM,Iridium Communications Inc.,Telecom Services
KORE,"KORE Group Holdings, Inc.",Telecom Services
KT,KT Corporation,Telecom Services
LBRDA,Liberty Broadband Corporation,Telecom Services
LBRDK,Liberty Broadband Corporation,Telecom Services
LBTYA,Liberty Global Ltd.,Telecom Services
LBTYB,Liberty Global Ltd.,Telecom Services
LBTYK,Liberty Global Ltd.,Telecom Services
LILA,Liberty Latin America Ltd.,Telecom Services
LILAK,Liberty Latin America Ltd.,Telecom Services
LUMN,"Lumen Technologies, Inc.",Telecom Services
PCLA,PicoCELA Inc.,Telecom Services
PHI,PLDT Inc.,Telecom Services
RCI,Rogers Communications Inc.,Telecom Services
RDCM,RADCOM Ltd.,Telecom Services
SHEN,Shenandoah Telecommunications Company,Telecom Services
SIFY,Sify Technologies Limited,Telecom Services
SKM,"SK Telecom Co., Ltd.",Telecom Services
SURG,"SurgePays, Inc.",Telecom Services
T,AT&T Inc.,Telecom Services
TDS,"Telephone and Data Systems, Inc.",Telecom Services
TEF,"Telefónica, S.A.",Telecom Services
TEO,Telecom Argentina S.A.,Telecom Services
TIGO,Millicom International Cellular S.A.,Telecom Services
TIMB,TIM S.A.,Telecom Services
TKC,Turkcell Iletisim Hizmetleri A.S.,Telecom Services
TLK,Perusahaan Perseroan (Persero) PT Telekomunikasi Indonesia Tbk,Telecom Services
TMUS,"T-Mobile US, Inc.",Telecom Services
TU,TELUS Corporation,Telecom Services
TV,"Grupo Televisa, S.A.B.",Telecom Services
UCL,uCloudlink Group Inc.,Telecom Services
USM,United States Cellular Corporation,Telecom Services
VEON,VEON Ltd.,Telecom Services
VIV,Telefônica Brasil S.A.,Telecom Services
VOD,Vodafone Group Public Limited Company,Telecom Services
VZ,Verizon Communications Inc.,Telecom Services
WOW,"WideOpenWest, Inc.",Telecom Services
ACNT,Ascent Industries Co.,Steel
ASTL,Algoma Steel Group Inc.,Steel
CLF,Cleveland-Cliffs Inc.,Steel
CMC,Commercial Metals Company,Steel
FRD,"Friedman Industries, Incorporated",Steel
GGB,Gerdau S.A.,Steel
HLP,Hongli Group Inc.,Steel
HUDI,"Huadi International Group Co., Ltd.",Steel
INHD,Inno Holdings Inc.,Steel
KBSX,FST Corp.,Steel
MSB,Mesabi Trust,Steel
MT,ArcelorMittal S.A.,Steel
MTUS,Metallus Inc.,Steel
NUE,Nucor Corporation,Steel
PKX,POSCO Holdings Inc.,Steel
RDUS,"Radius Recycling, Inc.",Steel
RS,"Reliance, Inc.",Steel
SID,Companhia Siderúrgica Nacional,Steel
SIM,"Grupo Simec, S.A.B. de C.V.",Steel
STLD,"Steel Dynamics, Inc.",Steel
TX,Ternium S.A.,Steel
WS,"Worthington Steel, Inc.",Steel
X,United States Steel Corporation,Steel
ZEUS,"Olympic Steel, Inc.",Steel
ZKIN,"ZK International Group Co., Ltd.",Steel
BBSI,"Barrett Business Services, Inc.",Staffing & Employment Services
BGSF,"BGSF, Inc.",Staffing & Employment Services
BIYA,Baiya International Group Inc.,Staffing & Employment Services
EPWK,EPWK Holdings Ltd.,Staffing & Employment Services
GLXG,Galaxy Payroll Group Limited,Staffing & Employment Services
HQI,"HireQuest, Inc.",Staffing & Employment Services
HSII,"Heidrick & Struggles International, Inc.",Staffing & Employment Services
HSON,"Hudson Global, Inc.",Staffing & Employment Services
IPDN,"Professional Diversity Network, Inc.",Staffing & Employment Services
JOB,GEE Group Inc.,Staffing & Employment Services
KELYA,"Kelly Services, Inc.",Staffing & Employment Services
KELYB,"Kelly Services, Inc.",Staffing & Employment Services
KFRC,Kforce Inc.,Staffing & Employment Services
KFY,Korn Ferry,Staffing & Employment Services
MAN,ManpowerGroup Inc.,Staffing & Employment Services
MHH,"Mastech Digital, Inc.",Staffing & Employment Services
NIXX,"Nixxy, Inc.",Staffing & Employment Services
NSP,"Insperity, Inc.",Staffing & Employment Services
RHI,Robert Half Inc.,Staffing & Employment Services
TBI,"TrueBlue, Inc.",Staffing & Employment Services
TNET,"TriNet Group, Inc.",Staffing & Employment Services
ZIP,"ZipRecruiter, Inc.",Staffing & Employment Services
ARHS,"Arhaus, Inc.",Specialty Retail
ARKO,Arko Corp.,Specialty Retail
ASO,"Academy Sports and Outdoors, Inc.",Specialty Retail
BARK,"BARK, Inc.",Specialty Retail
BBW,"Build-A-Bear Workshop, Inc.",Specialty Retail
BBWI,"Bath & Body Works, Inc.",Specialty Retail
BBY,"Best Buy Co., Inc.",Specialty Retail
BGFV,Big 5 Sporting Goods Corporation,Specialty Retail
BNED,"Barnes & Noble Education, Inc.",Specialty Retail
BQ,Boqii Holding Limited,Specialty Retail
BWMX,"Betterware de México, S.A.P.I. de C.V.",Specialty Retail
CASY,"Casey's General Stores, Inc.",Specialty Retail
CGTL,Creative Global Technology Holdings Limited,Specialty Retail
CHPT,"ChargePoint Holdings, Inc.",Specialty Retail
DKS,"DICK'S Sporting Goods, Inc.",Specialty Retail
EVGO,"EVgo, Inc.",Specialty Retail
EYE,"National Vision Holdings, Inc.",Specialty Retail
FIVE,"Five Below, Inc.",Specialty Retail
FLWS,"1-800-FLOWERS.COM, Inc.",Specialty Retail
FTEL,Fitell Corporation,Specialty Retail
GME,GameStop Corp.,Specialty Retail
GRWG,GrowGeneration Corp.,Specialty Retail
HTLM,HomesToLife Ltd,Specialty Retail
HZO,"MarineMax, Inc.",Specialty Retail
JBDI,JBDI Holdings Limited,Specialty Retail
LESL,"Leslie's, Inc.",Specialty Retail
MNSO,MINISO Group Holding Limited,Specialty Retail
MUSA,Murphy USA Inc.,Specialty Retail
NAAS,NaaS Technology Inc.,Specialty Retail
NVVE,Nuvve Holding Corp.,Specialty Retail
ODP,The ODP Corporation,Specialty Retail
OLPX,"Olaplex Holdings, Inc.",Specialty Retail
ONEW,OneWater Marine Inc.,Specialty Retail
PTLE,PTL Limited,Specialty Retail
RECT,Rectitude Holdings Ltd,Specialty Retail
RH,RH,Specialty Retail
SBH,"Sally Beauty Holdings, Inc.",Specialty Retail
SPWH,"Sportsman's Warehouse Holdings, Inc.",Specialty Retail
SVV,"Savers Value Village, Inc.",Specialty Retail
TKLF,"Tokyo Lifestyle Co., Ltd.",Specialty Retail
TLF,"Tandy Leather Factory, Inc.",Specialty Retail
TSCO,Tractor Supply Company,Specialty Retail
ULTA,"Ulta Beauty, Inc.",Specialty Retail
WINA,Winmark Corporation,Specialty Retail
WOOF,"Petco Health and Wellness Company, Inc.",Specialty Retail
WSM,"Williams-Sonoma, Inc.",Specialty Retail
ZOOZ,ZOOZ Power Ltd.,Specialty Retail
AME,"AMETEK, Inc.",Specialty Industrial Machinery
AMSC,American Superconductor Corporation,Specialty Industrial Machinery
AOS,A. O. Smith Corporation,Specialty Industrial Machinery
ATS,ATS Corporation,Specialty Industrial Machinery
BLDP,Ballard Power Systems Inc.,Specialty Industrial Machinery
BURU,"Nuburu, Inc.",Specialty Industrial Machinery
BW,"Babcock & Wilcox Enterprises, Inc.",Specialty Industrial Machinery
BWEN,"Broadwind, Inc.",Specialty Industrial Machinery
CETY,"Clean Energy Technologies, Inc.",Specialty Industrial Machinery
CMI,Cummins Inc.,Specialty Industrial Machinery
CR,Crane Company,Specialty Industrial Machinery
CSWI,"CSW Industrials, Inc.",Specialty Industrial Machinery
CVV,CVD Equipment Corporation,Specialty Industrial Machinery
CXT,"Crane NXT, Co.",Specialty Industrial Machinery
DCI,"Donaldson Company, Inc.",Specialty Industrial Machinery
DOV,Dover Corporation,Specialty Industrial Machinery
EMR,Emerson Electric Co.,Specialty Industrial Machinery
EPAC,Enerpac Tool Group Corp.,Specialty Industrial Machinery
ETN,Eaton Corporation plc,Specialty Industrial Machinery
FELE,"Franklin Electric Co., Inc.",Specialty Industrial Machinery
FLS,Flowserve Corporation,Specialty Industrial Machinery
GGG,Graco Inc.,Specialty Industrial Machinery
GHM,Graham Corporation,Specialty Industrial Machinery
GNRC,Generac Holdings Inc.,Specialty Industrial Machinery
GRC,The Gorman-Rupp Company,Specialty Industrial Machinery
GTES,Gates Industrial Corporation plc,Specialty Industrial Machinery
GTLS,"Chart Industries, Inc.",Specialty Industrial Machinery
HCAI,"Huachen AI Parking Management Technology Holding Co., Ltd",Specialty Industrial Machinery
HI,"Hillenbrand, Inc.",Specialty Industrial Machinery
HLIO,"Helios Technologies, Inc.",Specialty Industrial Machinery
HUHU,HUHUTECH International Group Inc.,Specialty Industrial Machinery
HURC,"Hurco Companies, Inc.",Specialty Industrial Machinery
IEX,IDEX Corporation,Specialty Industrial Machinery
INLF,INLIF Limited,Specialty Industrial Machinery
IR,Ingersoll Rand Inc.,Specialty Industrial Machinery
ITT,ITT Inc.,Specialty Industrial Machinery
ITW,Illinois Tool Works Inc.,Specialty Industrial Machinery
JBTM,JBT Marel Corporation,Specialty Industrial Machinery
JCSE,JE Cleantech Holdings Limited,Specialty Industrial Machinery
KAI,Kadant Inc.,Specialty Industrial Machinery
KRNT,Kornit Digital Ltd.,Specialty Industrial Machinery
LASE,Laser Photonics Corporation,Specialty Industrial Machinery
LBGJ,Li Bang International Corporation Inc.,Specialty Industrial Machinery
LHSW,Lianhe Sowell International Group Ltd,Specialty Industrial Machinery
LXFR,Luxfer Holdings PLC,Specialty Industrial Machinery
MCRP,Micropolis Holding Company,Specialty Industrial Machinery
MIDD,The Middleby Corporation,Specialty Industrial Machinery
MIR,"Mirion Technologies, Inc.",Specialty Industrial Machinery
MWA,"Mueller Water Products, Inc.",Specialty Industrial Machinery
NDSN,Nordson Corporation,Specialty Industrial Machinery
NNE,NANO Nuclear Energy Inc.,Specialty Industrial Machinery
NPO,Enpro Inc.,Specialty Industrial Machinery
NPWR,NET Power Inc.,Specialty Industrial Machinery
OFLX,"Omega Flex, Inc.",Specialty Industrial Machinery
OPTT,"Ocean Power Technologies, Inc.",Specialty Industrial Machinery
OTIS,Otis Worldwide Corporation,Specialty Industrial Machinery
PH,Parker-Hannifin Corporation,Specialty Industrial Machinery
PKOH,Park-Ohio Holdings Corp.,Specialty Industrial Machinery
PNR,Pentair plc,Specialty Industrial Machinery
PSIX,"Power Solutions International, Inc.",Specialty Industrial Machinery
ROK,"Rockwell Automation, Inc.",Specialty Industrial Machinery
RR,Richtech Robotics Inc.,Specialty Industrial Machinery
RRX,Regal Rexnord Corporation,Specialty Industrial Machinery
SERV,Serve Robotics Inc.,Specialty Industrial Machinery
SHMD,SCHMID Group N.V.,Specialty Industrial Machinery
SMR,NuScale Power Corporation,Specialty Industrial Machinery
SPPL,Simpple Ltd.,Specialty Industrial Machinery
SXI,Standex International Corporation,Specialty Industrial Machinery
SYM,Symbotic Inc.,Specialty Industrial Machinery
TAYD,"Taylor Devices, Inc.",Specialty Industrial Machinery
THR,"Thermon Group Holdings, Inc.",Specialty Industrial Machinery
TNC,Tennant Company,Specialty Industrial Machinery
TPIC,"TPI Composites, Inc.",Specialty Industrial Machinery
TWIN,"Twin Disc, Incorporated",Specialty Industrial Machinery
WFF,WF Holding Limited,Specialty Industrial Machinery
WTS,"Watts Water Technologies, Inc.",Specialty Industrial Machinery
XCH,XCHG Limited,Specialty Industrial Machinery
XMTR,"Xometry, Inc.",Specialty Industrial Machinery
XYL,Xylem Inc.,Specialty Industrial Machinery
ZJK,"ZJK Industrial Co., Ltd.",Specialty Industrial Machinery
ALB,Albemarle Corporation,Specialty Chemicals
ALTO,"Alto Ingredients, Inc.",Specialty Chemicals
APD,"Air Products and Chemicals, Inc.",Specialty Chemicals
ASH,Ashland Inc.,Specialty Chemicals
AVNT,Avient Corporation,Specialty Chemicals
AXTA,Axalta Coating Systems Ltd.,Specialty Chemicals
BCPC,Balchem Corporation,Specialty Chemicals
BGLC,BioNexus Gene Lab Corp.,Specialty Chemicals
BON,Bon Natural Life Limited,Specialty Chemicals
CBT,Cabot Corporation,Specialty Chemicals
CC,The Chemours Company,Specialty Chemicals
CLMT,"Calumet, Inc.",Specialty Chemicals
CMT,"Core Molding Technologies, Inc.",Specialty Chemicals
CNEY,CN Energy Group. Inc.,Specialty Chemicals
DD,"DuPont de Nemours, Inc.",Specialty Chemicals
ECL,Ecolab Inc.,Specialty Chemicals
ECVT,Ecovyst Inc.,Specialty Chemicals
EMN,Eastman Chemical Company,Specialty Chemicals
ESI,Element Solutions Inc,Specialty Chemicals
FEAM,"5E Advanced Materials, Inc.",Specialty Chemicals
FF,FutureFuel Corp.,Specialty Chemicals
FSI,"Flexible Solutions International, Inc.",Specialty Chemicals
FUL,H.B. Fuller Company,Specialty Chemicals
GEVO,"Gevo, Inc.",Specialty Chemicals
HDSN,"Hudson Technologies, Inc.",Specialty Chemicals
HWKN,"Hawkins, Inc.",Specialty Chemicals
IFF,International Flavors & Fragrances Inc.,Specialty Chemicals
IOSP,Innospec Inc.,Specialty Chemicals
KOP,Koppers Holdings Inc.,Specialty Chemicals
KRO,"Kronos Worldwide, Inc.",Specialty Chemicals
KWR,Quaker Chemical Corporation,Specialty Chemicals
LIN,Linde plc,Specialty Chemicals
LOOP,"Loop Industries, Inc.",Specialty Chemicals
LWLG,"Lightwave Logic, Inc.",Specialty Chemicals
LYB,LyondellBasell Industries N.V.,Specialty Chemicals
MATV,"Mativ Holdings, Inc.",Specialty Chemicals
MTX,Minerals Technologies Inc.,Specialty Chemicals
NEU,NewMarket Corporation,Specialty Chemicals
NGVT,Ingevity Corporation,Specialty Chemicals
NTIC,Northern Technologies International Corporation,Specialty Chemicals
ODC,Oil-Dri Corporation of America,Specialty Chemicals
OEC,Orion S.A.,Specialty Chemicals
PPG,"PPG Industries, Inc.",Specialty Chemicals
PRM,"Perimeter Solutions, Inc.",Specialty Chemicals
RPM,RPM International Inc.,Specialty Chemicals
SCL,Stepan Company,Specialty Chemicals
SHW,The Sherwin-Williams Company,Specialty Chemicals
SNES,"SenesTech, Inc.",Specialty Chemicals
SQM,Sociedad Química y Minera de Chile S.A.,Specialty Chemicals
SSL,Sasol Limited,Specialty Chemicals
SXT,Sensient Technologies Corporation,Specialty Chemicals
TSE,Trinseo PLC,Specialty Chemicals
WDFC,WD-40 Company,Specialty Chemicals
WLK,Westlake Corporation,Specialty Chemicals
ABM,ABM Industries Incorporated,Specialty Business Services
AMTM,"Amentum Holdings, Inc.",Specialty Business Services
ARMK,Aramark,Specialty Business Services
AZZ,AZZ Inc.,Specialty Business Services
BV,"BrightView Holdings, Inc.",Specialty Business Services
CASS,"Cass Information Systems, Inc.",Specialty Business Services
CBZ,"CBIZ, Inc.",Specialty Business Services
CMPR,Cimpress plc,Specialty Business Services
CPRT,"Copart, Inc.",Specialty Business Services
CTAS,Cintas Corporation,Specialty Business Services
DLB,"Dolby Laboratories, Inc.",Specialty Business Services
DLHC,DLH Holdings Corp.,Specialty Business Services
FA,First Advantage Corporation,Specialty Business Services
GPN,Global Payments Inc.,Specialty Business Services
KODK,Eastman Kodak Company,Specialty Business Services
LICN,Lichen International Limited,Specialty Business Services
LZ,"LegalZoom.com, Inc.",Specialty Business Services
MMS,"Maximus, Inc.",Specialty Business Services
NISN,"Nisun International Enterprise Development Group Co., Ltd",Specialty Business Services
NTIP,"Network-1 Technologies, Inc.",Specialty Business Services
PC,Premium Catering (Holdings) Limited,Specialty Business Services
PMAX,Powell Max Limited,Specialty Business Services
PMEC,Primech Holdings Ltd.,Specialty Business Services
PRSU,"Pursuit Attractions and Hospitality, Inc.",Specialty Business Services
QUAD,"Quad/Graphics, Inc.",Specialty Business Services
RBA,"RB Global, Inc.",Specialty Business Services
RCT,RedCloud Holdings plc,Specialty Business Services
RELX,RELX PLC,Specialty Business Services
RHLD,"Resolute Holdings Management, Inc.",Specialty Business Services
RTO,Rentokil Initial plc,Specialty Business Services
SFHG,Samfine Creation Holdings Group Limited,Specialty Business Services
SGRP,"SPAR Group, Inc.",Specialty Business Services
SMX,SMX (Security Matters) Public Limited Company,Specialty Business Services
SPIR,"Spire Global, Inc.",Specialty Business Services
SST,"System1, Inc.",Specialty Business Services
TH,Target Hospitality Corp.,Specialty Business Services
TISI,"Team, Inc.",Specialty Business Services
TRI,Thomson Reuters Corporation,Specialty Business Services
ULS,UL Solutions Inc.,Specialty Business Services
UNF,UniFirst Corporation,Specialty Business Services
WFCF,"Where Food Comes From, Inc.",Specialty Business Services
YSXT,"YSX Tech. Co., Ltd",Specialty Business Services
ARRY,"Array Technologies, Inc.",Solar
ASTI,"Ascent Solar Technologies, Inc.",Solar
BEEM,Beam Global,Solar
CSIQ,Canadian Solar Inc.,Solar
ENPH,"Enphase Energy, Inc.",Solar
FSLR,"First Solar, Inc.",Solar
FTCI,"FTC Solar, Inc.",Solar
JKS,"JinkoSolar Holding Co., Ltd.",Solar
MAXN,"Maxeon Solar Technologies, Ltd.",Solar
NOVA,Sunnova Energy International Inc.,Solar
NXT,Nextracker Inc.,Solar
PN,Skycorp Solar Group Ltd,Solar
RUN,Sunrun Inc.,Solar
SEDG,"SolarEdge Technologies, Inc.",Solar
SHLS,"Shoals Technologies Group, Inc.",Solar
SMXT,"SolarMax Technology, Inc.",Solar
SOL,Emeren Group Ltd,Solar
SPRU,Spruce Power Holding Corporation,Solar
SPWR,"Complete Solaria, Inc.",Solar
SUNE,SUNation Energy Inc.,Solar
TOYO,"TOYO Co., Ltd.",Solar
TURB,"Turbo Energy, S.A.",Solar
TYGO,"Tigo Energy, Inc.",Solar
VSTE,Vast Renewables Limited,Solar
VVPR,VivoPower International PLC,Solar
ZEO,Zeo Energy Corp.,Solar
ACIW,"ACI Worldwide, Inc.",Software - Infrastructure
AEVA,"Aeva Technologies, Inc.",Software - Infrastructure
AFRM,"Affirm Holdings, Inc.",Software - Infrastructure
AI,"C3.ai, Inc.",Software - Infrastructure
AIOT,"PowerFleet, Inc.",Software - Infrastructure
AISP,"Airship AI Holdings, Inc.",Software - Infrastructure
AISPW,"Airship AI Holdings, Inc.",Software - Infrastructure
AKAM,"Akamai Technologies, Inc.",Software - Infrastructure
ALAR,Alarum Technologies Ltd.,Software - Infrastructure
ALLT,Allot Ltd.,Software - Infrastructure
APCX,AppTech Payments Corp.,Software - Infrastructure
APPN,Appian Corporation,Software - Infrastructure
ARBE,Arbe Robotics Ltd.,Software - Infrastructure
ARQQ,Arqit Quantum Inc.,Software - Infrastructure
ATCH,"AtlasClear Holdings, Inc.",Software - Infrastructure
ATEN,"A10 Networks, Inc.",Software - Infrastructure
ATGL,Alpha Technology Group Limited,Software - Infrastructure
AUID,authID Inc.,Software - Infrastructure
AVDX,"AvidXchange Holdings, Inc.",Software - Infrastructure
AVPT,"AvePoint, Inc.",Software - Infrastructure
BAND,Bandwidth Inc.,Software - Infrastructure
BASE,"Couchbase, Inc.",Software - Infrastructure
BB,BlackBerry Limited,Software - Infrastructure
BKKT,"Bakkt Holdings, Inc.",Software - Infrastructure
BLIN,"Bridgeline Digital, Inc.",Software - Infrastructure
BLZE,"Backblaze, Inc.",Software - Infrastructure
BNAI,"Brand Engagement Network, Inc.",Software - Infrastructure
BOX,"Box, Inc.",Software - Infrastructure
CALX,"Calix, Inc.",Software - Infrastructure
CCSI,"Consensus Cloud Solutions, Inc.",Software - Infrastructure
CETX,"Cemtrex, Inc.",Software - Infrastructure
CFLT,"Confluent, Inc.",Software - Infrastructure
CGNT,Cognyte Software Ltd.,Software - Infrastructure
CHKP,Check Point Software Technologies Ltd.,Software - Infrastructure
CINT,CI&T Inc.,Software - Infrastructure
CISO,CISO Global Inc.,Software - Infrastructure
CLBT,Cellebrite DI Ltd.,Software - Infrastructure
CORZ,"Core Scientific, Inc.",Software - Infrastructure
CPAY,"Corpay, Inc.",Software - Infrastructure
CRWD,"CrowdStrike Holdings, Inc.",Software - Infrastructure
CSGS,"CSG Systems International, Inc.",Software - Infrastructure
CYBR,CyberArk Software Ltd.,Software - Infrastructure
DAVA,Endava plc,Software - Infrastructure
DBX,"Dropbox, Inc.",Software - Infrastructure
DLO,DLocal Limited,Software - Infrastructure
DOCN,"DigitalOcean Holdings, Inc.",Software - Infrastructure
DOX,Amdocs Limited,Software - Infrastructure
DTSS,Datasea Inc.,Software - Infrastructure
DVLT,Datavault AI Inc.,Software - Infrastructure
EEFT,"Euronet Worldwide, Inc.",Software - Infrastructure
EVCM,EverCommerce Inc.,Software - Infrastructure
EVTC,"EVERTEC, Inc.",Software - Infrastructure
EXOD,"Exodus Movement, Inc.",Software - Infrastructure
FAAS,DigiAsia Corp.,Software - Infrastructure
FATN,"FatPipe, Inc.",Software - Infrastructure
FFIV,"F5, Inc.",Software - Infrastructure
FIVN,"Five9, Inc.",Software - Infrastructure
FLYW,Flywire Corporation,Software - Infrastructure
FOUR,"Shift4 Payments, Inc.",Software - Infrastructure
FTNT,"Fortinet, Inc.",Software - Infrastructure
GB,Global Blue Group Holding AG,Software - Infrastructure
GCT,GigaCloud Technology Inc.,Software - Infrastructure
GDDY,GoDaddy Inc.,Software - Infrastructure
GEN,Gen Digital Inc.,Software - Infrastructure
GRRR,Gorilla Technology Group Inc.,Software - Infrastructure
GTLB,GitLab Inc.,Software - Infrastructure
HPAI,Helport AI Limited,Software - Infrastructure
HUBC,HUB Cyber Security Ltd.,Software - Infrastructure
IIIV,"i3 Verticals, Inc.",Software - Infrastructure
IMXI,"International Money Express, Inc.",Software - Infrastructure
INFA,Informatica Inc.,Software - Infrastructure
INTZ,Intrusion Inc.,Software - Infrastructure
IOT,Samsara Inc.,Software - Infrastructure
JG,Aurora Mobile Limited,Software - Infrastructure
JNVR,DeFi Development Corp.,Software - Infrastructure
KPLT,"Katapult Holdings, Inc.",Software - Infrastructure
KSPI,Joint Stock Company Kaspi.kz,Software - Infrastructure
KVYO,"Klaviyo, Inc.",Software - Infrastructure
LIDR,"AEye, Inc.",Software - Infrastructure
LSAK,"Lesaka Technologies, Inc.",Software - Infrastructure
MDB,"MongoDB, Inc.",Software - Infrastructure
MLGO,MicroAlgo Inc.,Software - Infrastructure
MOGO,Mogo Inc.,Software - Infrastructure
MQ,"Marqeta, Inc.",Software - Infrastructure
MSAI,"MultiSensor AI Holdings, Inc.",Software - Infrastructure
MSFT,Microsoft Corporation,Software - Infrastructure
NET,"Cloudflare, Inc.",Software - Infrastructure
NN,NextNav Inc.,Software - Infrastructure
NTCT,"NetScout Systems, Inc.",Software - Infrastructure
NTNX,"Nutanix, Inc.",Software - Infrastructure
NYAX,Nayax Ltd.,Software - Infrastructure
ODD,Oddity Tech Ltd.,Software - Infrastructure
OKTA,"Okta, Inc.",Software - Infrastructure
OLB,"The OLB Group, Inc.",Software - Infrastructure
ORCL,Oracle Corporation,Software - Infrastructure
OS,"OneStream, Inc.",Software - Infrastructure
OSPN,OneSpan Inc.,Software - Infrastructure
PAGS,PagSeguro Digital Ltd.,Software - Infrastructure
PANW,"Palo Alto Networks, Inc.",Software - Infrastructure
PATH,UiPath Inc.,Software - Infrastructure
PAY,"Paymentus Holdings, Inc.",Software - Infrastructure
PAYO,Payoneer Global Inc.,Software - Infrastructure
PAYS,"Paysign, Inc.",Software - Infrastructure
PDYN,Palladyne AI Corp.,Software - Infrastructure
PGY,Pagaya Technologies Ltd.,Software - Infrastructure
PLTR,Palantir Technologies Inc.,Software - Infrastructure
PRGS,Progress Software Corporation,Software - Infrastructure
PRTH,"Priority Technology Holdings, Inc.",Software - Infrastructure
PSFE,Paysafe Limited,Software - Infrastructure
QLYS,"Qualys, Inc.",Software - Infrastructure
RAMP,"LiveRamp Holdings, Inc.",Software - Infrastructure
RBRK,"Rubrik, Inc.",Software - Infrastructure
RDWR,Radware Ltd.,Software - Infrastructure
REKR,"Rekor Systems, Inc.",Software - Infrastructure
RELY,"Remitly Global, Inc.",Software - Infrastructure
RPAY,Repay Holdings Corporation,Software - Infrastructure
RPD,"Rapid7, Inc.",Software - Infrastructure
RVYL,Ryvyl Inc.,Software - Infrastructure
RXT,"Rackspace Technology, Inc.",Software - Infrastructure
RZLV,Rezolve AI PLC,Software - Infrastructure
S,"SentinelOne, Inc.",Software - Infrastructure
SABR,Sabre Corporation,Software - Infrastructure
SANG,Sangoma Technologies Corporation,Software - Infrastructure
SNCR,"Synchronoss Technologies, Inc.",Software - Infrastructure
SNPS,"Synopsys, Inc.",Software - Infrastructure
STNE,StoneCo Ltd.,Software - Infrastructure
TAOP,Taoping Inc.,Software - Infrastructure
TCX,Tucows Inc.,Software - Infrastructure
TDC,Teradata Corporation,Software - Infrastructure
TENB,"Tenable Holdings, Inc.",Software - Infrastructure
TIXT,TELUS International (Cda) Inc.,Software - Infrastructure
TLS,Telos Corporation,Software - Infrastructure
TOST,"Toast, Inc.",Software - Infrastructure
TUYA,Tuya Inc.,Software - Infrastructure
TWLO,Twilio Inc.,Software - Infrastructure
UBXG,U-BX Technology Ltd.,Software - Infrastructure
USIO,"Usio, Inc.",Software - Infrastructure
VERI,"Veritone, Inc.",Software - Infrastructure
VHC,VirnetX Holding Corporation,Software - Infrastructure
VRAR,PennyMac Mortgage Investment Trust,Software - Infrastructure
VRNS,"Varonis Systems, Inc.",Software - Infrastructure
VRNT,Verint Systems Inc.,Software - Infrastructure
VRSN,"VeriSign, Inc.",Software - Infrastructure
WEX,WEX Inc.,Software - Infrastructure
WIX,Wix.com Ltd.,Software - Infrastructure
XBP,"XBP Europe Holdings, Inc.",Software - Infrastructure
XNET,Xunlei Limited,Software - Infrastructure
XYZ,"Block, Inc.",Software - Infrastructure
YEXT,"Yext, Inc.",Software - Infrastructure
ZENA,"ZenaTech, Inc.",Software - Infrastructure
ZETA,Zeta Global Holdings Corp.,Software - Infrastructure
ZS,"Zscaler, Inc.",Software - Infrastructure
ADBE,Adobe Inc.,Software - Application
ADEA,Adeia Inc.,Software - Application
ADP,"Automatic Data Processing, Inc.",Software - Application
ADSK,"Autodesk, Inc.",Software - Application
AEYE,"AudioEye, Inc.",Software - Application
AGYS,"Agilysys, Inc.",Software - Application
AIFF,"Firefly Neuroscience, Inc.",Software - Application
AIXI,Xiao-I Corporation,Software - Application
ALIT,"Alight, Inc.",Software - Application
ALKT,"Alkami Technology, Inc.",Software - Application
ALRM,"Alarm.com Holdings, Inc.",Software - Application
ALTS,ALT5 Sigma Corporation,Software - Application
AMOD,"Alpha Modus Holdings, Inc.",Software - Application
AMPL,"Amplitude, Inc.",Software - Application
AMST,Amesite Inc.,Software - Application
AMZE,"Amaze Holdings, Inc.",Software - Application
ANSS,"ANSYS, Inc.",Software - Application
API,"Agora, Inc.",Software - Application
APP,AppLovin Corporation,Software - Application
APPF,"AppFolio, Inc.",Software - Application
APPS,"Digital Turbine, Inc.",Software - Application
ASAN,"Asana, Inc.",Software - Application
ASUR,"Asure Software, Inc.",Software - Application
ATHR,"Aether Holdings, Inc.",Software - Application
AUUD,Auddia Inc.,Software - Application
AWRE,"Aware, Inc.",Software - Application
AZ,A2Z Cust2Mate Solutions Corp.,Software - Application
BIGC,"BigCommerce Holdings, Inc.",Software - Application
BILL,"BILL Holdings, Inc.",Software - Application
BL,"BlackLine, Inc.",Software - Application
BLBX,Blackboxstocks Inc.,Software - Application
BLIV,BeLive Holdings,Software - Application
BLKB,"Blackbaud, Inc.",Software - Application
BLND,"Blend Labs, Inc.",Software - Application
BMR,Beamr Imaging Ltd.,Software - Application
BNZI,"Banzai International, Inc.",Software - Application
BRZE,"Braze, Inc.",Software - Application
BSY,"Bentley Systems, Incorporated",Software - Application
BTDR,Bitdeer Technologies Group,Software - Application
BULL,Webull Corporation,Software - Application
BZAI,"Blaize Holdings, Inc.",Software - Application
CCCS,CCC Intelligent Solutions Holdings Inc.,Software - Application
CCRD,CoreCard Corporation,Software - Application
CDNS,"Cadence Design Systems, Inc.",Software - Application
CNTM,"ConnectM Technology Solutions, Inc.",Software - Application
CREX,"Creative Realities, Inc.",Software - Application
CRM,"Salesforce, Inc.",Software - Application
CRNC,Cerence Inc.,Software - Application
CRWV,"CoreWeave, Inc.",Software - Application
CVLT,"Commvault Systems, Inc.",Software - Application
CWAN,"Clearwater Analytics Holdings, Inc.",Software - Application
CXAI,CXApp Inc.,Software - Application
CXM,"Sprinklr, Inc.",Software - Application
CYN,Cyngn Inc.,Software - Application
DATS,"DatChat, Inc.",Software - Application
DAVE,Dave Inc.,Software - Application
DAY,Dayforce Inc.,Software - Application
DBD,"Diebold Nixdorf, Incorporated",Software - Application
DCBO,Docebo Inc.,Software - Application
DDOG,"Datadog, Inc.",Software - Application
DFIN,"Donnelley Financial Solutions, Inc.",Software - Application
DHX,"DHI Group, Inc.",Software - Application
DJCO,Daily Journal Corporation,Software - Application
DOCU,"DocuSign, Inc.",Software - Application
DOMO,"Domo, Inc.",Software - Application
DSGX,The Descartes Systems Group Inc.,Software - Application
DSP,Viant Technology Inc.,Software - Application
DT,"Dynatrace, Inc.",Software - Application
DUOL,"Duolingo, Inc.",Software - Application
DUOT,"Duos Technologies Group, Inc.",Software - Application
DV,"DoubleVerify Holdings, Inc.",Software - Application
EGAN,eGain Corporation,Software - Application
EGHT,"8x8, Inc.",Software - Application
ELWS,"Earlyworks Co., Ltd",Software - Application
ESTC,Elastic N.V.,Software - Application
ETWO,"E2open Parent Holdings, Inc.",Software - Application
EXFY,"Expensify, Inc.",Software - Application
FICO,Fair Isaac Corporation,Software - Application
FMTO,Femto Technologies Inc.,Software - Application
FRGT,"Freight Technologies, Inc.",Software - Application
FROG,JFrog Ltd.,Software - Application
FRSH,Freshworks Inc.,Software - Application
FSLY,"Fastly, Inc.",Software - Application
FTFT,Future FinTech Group Inc.,Software - Application
GRAB,Grab Holdings Limited,Software - Application
GRND,Grindr Inc.,Software - Application
GWRE,"Guidewire Software, Inc.",Software - Application
HIT,"Health In Tech, Inc.",Software - Application
HKD,AMTD Digital Inc.,Software - Application
HKIT,Hitek Global Inc.,Software - Application
HTCR,"HeartCore Enterprises, Inc.",Software - Application
HUBS,"HubSpot, Inc.",Software - Application
IBTA,"Ibotta, Inc.",Software - Application
IDAI,T Stamp Inc.,Software - Application
IDCC,"InterDigital, Inc.",Software - Application
IDN,"Intellicheck, Inc.",Software - Application
IFBD,"Infobird Co., Ltd",Software - Application
ILLR,Triller Group Inc.,Software - Application
IMMR,Immersion Corporation,Software - Application
INLX,"Intellinetics, Inc.",Software - Application
INTA,"Intapp, Inc.",Software - Application
INTU,Intuit Inc.,Software - Application
INUV,"Inuvo, Inc.",Software - Application
IPM,Intelligent Protection Management Corp.,Software - Application
JAMF,Jamf Holding Corp.,Software - Application
JTAI,Jet.AI Inc.,Software - Application
KARO,Karooooo Ltd.,Software - Application
KC,Kingsoft Cloud Holdings Limited,Software - Application
KLTR,"Kaltura, Inc.",Software - Application
LAW,"CS Disco, Inc.",Software - Application
LDTC,LeddarTech Holdings Inc.,Software - Application
LGCL,Lucas GC Limited,Software - Application
LIF,"Life360, Inc.",Software - Application
LPSN,"LivePerson, Inc.",Software - Application
LSPD,Lightspeed Commerce Inc.,Software - Application
LYFT,"Lyft, Inc.",Software - Application
MANH,"Manhattan Associates, Inc.",Software - Application
MAPS,"WM Technology, Inc.",Software - Application
MASK,3 E Network Technology Group Limited,Software - Application
MFI,mF International Limited,Software - Application
MITK,"Mitek Systems, Inc.",Software - Application
MLNK,"MeridianLink, Inc.",Software - Application
MNDO,MIND C.T.I. Ltd,Software - Application
MNDY,monday.com Ltd.,Software - Application
MRIN,Marin Software Incorporated,Software - Application
MRT,"Marti Technologies, Inc.",Software - Application
MSTR,MicroStrategy Incorporated,Software - Application
MTC,"MMTec, Inc.",Software - Application
MTLS,Materialise NV,Software - Application
MYSZ,"My Size, Inc.",Software - Application
NATL,NCR Atleos Corporation,Software - Application
NCNO,"nCino, Inc.",Software - Application
NICE,NICE Ltd.,Software - Application
NOW,"ServiceNow, Inc.",Software - Application
NRDY,"Nerdy, Inc.",Software - Application
NTCL,NetClass Technology Inc,Software - Application
NTWK,"NetSol Technologies, Inc.",Software - Application
NUKK,Nukkleus Inc.,Software - Application
NVNI,Nvni Group Limited,Software - Application
NXPL,NextPlat Corp,Software - Application
NXTT,Next Technology Holding Inc.,Software - Application
OBLG,"Oblong, Inc.",Software - Application
OCFT,"OneConnect Financial Technology Co., Ltd.",Software - Application
OLO,Olo Inc.,Software - Application
ONTF,"ON24, Inc.",Software - Application
OOMA,"Ooma, Inc.",Software - Application
ORKT,Orangekloud Technology Inc.,Software - Application
OTEX,Open Text Corporation,Software - Application
PAR,PAR Technology Corporation,Software - Application
PAYC,"Paycom Software, Inc.",Software - Application
PAYX,"Paychex, Inc.",Software - Application
PCOR,"Procore Technologies, Inc.",Software - Application
PCTY,Paylocity Holding Corporation,Software - Application
PD,"PagerDuty, Inc.",Software - Application
PDFS,"PDF Solutions, Inc.",Software - Application
PEGA,Pegasystems Inc.,Software - Application
PERF,Perfect Corp.,Software - Application
PET,Wag! Group Co.,Software - Application
PHUN,"Phunware, Inc.",Software - Application
PLUS,ePlus inc.,Software - Application
PRCH,"Porch Group, Inc.",Software - Application
PRO,"PROS Holdings, Inc.",Software - Application
PSQH,"PSQ Holdings, Inc.",Software - Application
PTC,PTC Inc.,Software - Application
PUBM,"PubMatic, Inc.",Software - Application
QH,Quhuo Limited,Software - Application
QTWO,"Q2 Holdings, Inc.",Software - Application
QXO,"QXO, Inc.",Software - Application
RBBN,Ribbon Communications Inc.,Software - Application
RDVT,"Red Violet, Inc.",Software - Application
RDZN,"Roadzen, Inc.",Software - Application
RMNI,"Rimini Street, Inc.",Software - Application
RNG,"RingCentral, Inc.",Software - Application
ROP,"Roper Technologies, Inc.",Software - Application
RSKD,Riskified Ltd.,Software - Application
RSSS,"Research Solutions, Inc.",Software - Application
RTC,Baijiayun Group Ltd,Software - Application
RYDE,Ryde Group Ltd,Software - Application
SAGT,Sagtec Global Limited,Software - Application
SAIL,"SailPoint, Inc.",Software - Application
SAP,SAP SE,Software - Application
SEMR,"Semrush Holdings, Inc.",Software - Application
SGN,"Signing Day Sports, Inc.",Software - Application
SHOP,Shopify Inc.,Software - Application
SMRT,"SmartRent, Inc.",Software - Application
SMSI,"Smith Micro Software, Inc.",Software - Application
SMWB,Similarweb Ltd.,Software - Application
SNOW,Snowflake Inc.,Software - Application
SOPA,Society Pass Incorporated,Software - Application
SOUN,"SoundHound AI, Inc.",Software - Application
SPNS,Sapiens International Corporation N.V.,Software - Application
SPSC,"SPS Commerce, Inc.",Software - Application
SPT,"Sprout Social, Inc.",Software - Application
SRAD,Sportradar Group AG,Software - Application
SSNC,"SS&C Technologies Holdings, Inc.",Software - Application
SSTI,"SoundThinking, Inc.",Software - Application
STEC,Santech Holdings Limited,Software - Application
SVCO,"Silvaco Group, Inc.",Software - Application
SWVL,Swvl Holdings Corp.,Software - Application
SYT,"SYLA Technologies Co., Ltd.",Software - Application
TEAM,Atlassian Corporation,Software - Application
TGL,Treasure Global Inc.,Software - Application
TRAK,"ReposiTrak, Inc.",Software - Application
TROO,"TROOPS, Inc.",Software - Application
TTAN,"ServiceTitan, Inc.",Software - Application
TTD,"The Trade Desk, Inc.",Software - Application
TYL,"Tyler Technologies, Inc.",Software - Application
U,Unity Software Inc.,Software - Application
UBER,"Uber Technologies, Inc.",Software - Application
ULY,Urgent.ly Inc.,Software - Application
UPBD,"Upbound Group, Inc.",Software - Application
UPLD,"Upland Software, Inc.",Software - Application
VERB,"Verb Technology Company, Inc.",Software - Application
VERX,"Vertex, Inc.",Software - Application
VMEO,"Vimeo, Inc.",Software - Application
VS,Versus Systems Inc.,Software - Application
VTEX,VTEX,Software - Application
VTSI,"VirTra, Inc.",Software - Application
WCT,Wellchange Holdings Company Limited,Software - Application
WDAY,"Workday, Inc.",Software - Application
WETO,Webus International Limited,Software - Application
WK,Workiva Inc.,Software - Application
WRD,WeRide Inc.,Software - Application
XPER,Xperi Inc.,Software - Application
XTKG,"X3 Holdings Co., Ltd.",Software - Application
YAAS,Youxin Technology Ltd,Software - Application
YALA,Yalla Group Limited,Software - Application
YMM,Full Truck Alliance Co. Ltd.,Software - Application
YOU,"Clear Secure, Inc.",Software - Application
YXT,YXT.COM Group Holding Limited,Software - Application
ZENV,Zenvia Inc.,Software - Application
ZI,ZoomInfo Technologies Inc.,Software - Application
ZM,Zoom Communications Inc.,Software - Application
AG,First Majestic Silver Corp.,Silver
DVS,Dolly Varden Silver Corporation,Silver
EXK,Endeavour Silver Corp.,Silver
MAG,MAG Silver Corp.,Silver
SVM,Silvercorp Metals Inc.,Silver
AACB,Artius II Acquisition Inc.,Shell Companies
AACT,Ares Acquisition Corporation II,Shell Companies
AAM,AA Mission Acquisition Corp.,Shell Companies
AFJK,"Aimei Health Technology Co., Ltd",Shell Companies
AIFE,Aifeex Nexus Acquisition Corporation,Shell Companies
AIMAU,Aimfinity Investment Corp. I,Shell Companies
ALCY,Alchemy Investments Acquisition Corp 1,Shell Companies
ALDF,Aldel Financial II Inc.,Shell Companies
ALF,Centurion Acquisition Corp.,Shell Companies
ANSC,Agriculture & Natural Solutions Acquisition Corporation,Shell Companies
ASPC,A SPAC III Acquisition Corp.,Shell Companies
ATII,Archimedes Tech SPAC Partners II Co.,Shell Companies
ATMC,AlphaTime Acquisition Corp,Shell Companies
ATMV,AlphaVest Acquisition Corp,Shell Companies
BACQ,Bleichroeder Acquisition Corp. I,Shell Companies
BAYA,Bayview Acquisition Corp,Shell Companies
BEAG,Bold Eagle Acquisition Corp.,Shell Companies
BKHA,Black Hawk Acquisition Corporation,Shell Companies
BOWN,Bowen Acquisition Corp,Shell Companies
BSII,Black Spade Acquisition II Co,Shell Companies
BSLK,"Bolt Projects Holdings, Inc.",Shell Companies
BUJA,Bukit Jalil Global Acquisition 1 Ltd,Shell Companies
CAPN,Cayson Acquisition Corp,Shell Companies
CCIR,Cohen Circle Acquisition Corp. I,Shell Companies
CCIX,Churchill Capital Corp IX,Shell Companies
CEP,"Cantor Equity Partners, Inc.",Shell Companies
CEPO,"Cantor Equity Partners I, Inc.",Shell Companies
CHAC,Crane Harbor Acquisition Corp.,Shell Companies
CHAR,Charlton Aria Acquisition Corporation,Shell Companies
CHEB,Chenghe Acquisition II Co.,Shell Companies
CLBR,Colombier Acquisition Corp. II,Shell Companies
COLA,Columbus Acquisition Corp,Shell Companies
CUB,Lionheart Holdings,Shell Companies
DAAQ,Digital Asset Acquisition Corp.,Shell Companies
DIST,Distoken Acquisition Corporation,Shell Companies
DMAA,Drugs Made In America Acquisition Corp.,Shell Companies
DMYY,"dMY Squared Technology Group, Inc.",Shell Companies
DRDB,Roman DBDR Acquisition Corp. II,Shell Companies
DTSQ,DT Cloud Star Acquisition Corporation,Shell Companies
DYCQ,DT Cloud Acquisition Corporation,Shell Companies
DYNX,Dynamix Corporation,Shell Companies
EMCG,Embrace Change Acquisition Corp.,Shell Companies
EQV,EQV Ventures Acquisition Corp.,Shell Companies
ESHA,ESH Acquisition Corp.,Shell Companies
EURK,Eureka Acquisition Corp,Shell Companies
FACT,FACT II Acquisition Corp,Shell Companies
FERA,Fifth Era Acquisition Corp I,Shell Companies
FGMC,FG Merger II Corp.,Shell Companies
FORL,Four Leaf Acquisition Corporation,Shell Companies
FSHP,Flag Ship Acquisition Corporation,Shell Companies
FVN,Future Vision II Acquisition Corp.,Shell Companies
GIG,GigCapital7 Corp.,Shell Companies
GPAT,GP-Act III Acquisition Corp.,Shell Companies
GRAF,Graf Global Corp.,Shell Companies
GSHR,Gesher Acquisition Corp. II,Shell Companies
GSRT,GSR III Acquisition Corp.,Shell Companies
HLXB,Helix Acquisition Corp. II,Shell Companies
HOND,HCM II Acquisition Corp.,Shell Companies
HSPO,Horizon Space Acquisition I Corp.,Shell Companies
HSPT,Horizon Space Acquisition II Corp.,Shell Companies
HVII,Hennessy Capital Investment Corp. VII,Shell Companies
HYAC,Haymaker Acquisition Corp. 4,Shell Companies
IBAC,IB Acquisition Corp.,Shell Companies
IPCX,Inflection Point Acquisition Corp. III,Shell Companies
IROH,Iron Horse Acquisitions Corp.,Shell Companies
ISRL,Israel Acquisitions Corp,Shell Companies
IVCA,Investcorp AI Acquisition Corp.,Shell Companies
JACS,Jackson Acquisition Company II,Shell Companies
JVSA,JVSPAC Acquisition Corp.,Shell Companies
KFII,K&F Growth Acquisition Corp. II,Shell Companies
KVAC,Keen Vision Acquisition Corporation,Shell Companies
LCCC,Lakeshore Acquisition III Corp.,Shell Companies
LEGT,Legato Merger Corp. III,Shell Companies
LION,Lionsgate Studios Corp.,Shell Companies
LOKV,Live Oak Acquisition Corp. V,Shell Companies
LPAA,Launch One Acquisition Corp.,Shell Companies
LPBB,Launch Two Acquisition Corp.,Shell Companies
MACI,Melar Acquisition Corp. I,Shell Companies
MAYA,Maywood Acquisition Corp.,Shell Companies
MBAV,M3-Brigade Acquisition V Corp.,Shell Companies
MLAC,Mountain Lake Acquisition Corp.,Shell Companies
NETD,Nabors Energy Transition Corp. II,Shell Companies
NHIC,NewHold Investment Corp III,Shell Companies
NOEM,CO2 Energy Transition Corp.,Shell Companies
NPAC,New Providence Acquisition Corp. III,Shell Companies
NTWO,Newbury Street II Acquisition Corp,Shell Companies
OACC,Oaktree Acquisition Corp. III Life Sciences,Shell Companies
OAKU,Oak Woods Acquisition Corporation,Shell Companies
PCSC,Perceptive Capital Solutions Corp,Shell Companies
PLMK,Plum Acquisition Corp. IV,Shell Companies
POLE,Andretti Acquisition Corp. II,Shell Companies
QETA,Quetta Acquisition Corporation,Shell Companies
QSEA,Quartzsea Acquisition Corporation,Shell Companies
RAAQ,Real Asset Acquisition Corp.,Shell Companies
RAC,Rithm Acquisition Corp.,Shell Companies
RANG,Range Capital Acquisition Corp.,Shell Companies
RDAC,Rising Dragon Acquisition Corp.,Shell Companies
RENE,Cartesian Growth Corporation II,Shell Companies
RFAI,RF Acquisition Corp II,Shell Companies
RIBB,Ribbon Acquisition Corp.,Shell Companies
SBXD,SilverBox Corp IV,Shell Companies
SDHI,Siddhi Acquisition Corp.,Shell Companies
SIMA,SIM Acquisition Corp. I,Shell Companies
SOUL,Soulpower Acquisition Corporation,Shell Companies
SPKL,Spark I Acquisition Corporation,Shell Companies
SVCC,Stellar V Capital Corp.,Shell Companies
SVII,Spring Valley Acquisition Corp. II,Shell Companies
SZZL,Sizzle Acquisition Corp. II,Shell Companies
TACH,Titan Acquisition Corp,Shell Companies
TACO,Berto Acquisition Corp.,Shell Companies
TAVI,Tavia Acquisition Corp.,Shell Companies
TBMC,Trailblazer Merger Corporation I,Shell Companies
TDAC,Translational Development Acquisition Corp.,Shell Companies
TVA,Texas Ventures Acquisition III Corp,Shell Companies
UMAC,"Unusual Machines, Inc.",Shell Companies
UYSC,UY Scuti Acquisition Corp.,Shell Companies
VACH,Voyager Acquisition Corp.,Shell Companies
VCIC,Vine Hill Capital Investment Corp.,Shell Companies
WALD,Waldencast plc,Shell Companies
WLAC,Willow Lane Acquisition Corp.,Shell Companies
YHNA,YHN Acquisition I Limited,Shell Companies
ADI,"Analog Devices, Inc.",Semiconductors
AIP,"Arteris, Inc.",Semiconductors
ALAB,"Astera Labs, Inc.",Semiconductors
ALGM,"Allegro MicroSystems, Inc.",Semiconductors
ALMU,"Aeluma, Inc.",Semiconductors
AMD,"Advanced Micro Devices, Inc.",Semiconductors
AOSL,Alpha and Omega Semiconductor Limited,Semiconductors
ARM,Arm Holdings plc,Semiconductors
ASX,"ASE Technology Holding Co., Ltd.",Semiconductors
AVGO,Broadcom Inc.,Semiconductors
CEVA,"CEVA, Inc.",Semiconductors
CRDO,Credo Technology Group Holding Ltd,Semiconductors
CRUS,"Cirrus Logic, Inc.",Semiconductors
DIOD,Diodes Incorporated,Semiconductors
GCTS,"GCT Semiconductor Holding, Inc.",Semiconductors
GFS,GlobalFoundries Inc.,Semiconductors
GSIT,"GSI Technology, Inc.",Semiconductors
HIMX,"Himax Technologies, Inc.",Semiconductors
ICG,Intchains Group Limited,Semiconductors
IMOS,ChipMOS TECHNOLOGIES INC.,Semiconductors
INTC,Intel Corporation,Semiconductors
LAES,SEALSQ Corp,Semiconductors
LASR,"nLIGHT, Inc.",Semiconductors
LEDS,SemiLEDs Corporation,Semiconductors
LSCC,Lattice Semiconductor Corporation,Semiconductors
MCHP,Microchip Technology Incorporated,Semiconductors
MOBX,"Mobix Labs, Inc.",Semiconductors
MPWR,"Monolithic Power Systems, Inc.",Semiconductors
MRAM,"Everspin Technologies, Inc.",Semiconductors
MRVL,"Marvell Technology, Inc.",Semiconductors
MTSI,"MACOM Technology Solutions Holdings, Inc.",Semiconductors
MU,"Micron Technology, Inc.",Semiconductors
MX,Magnachip Semiconductor Corporation,Semiconductors
MXL,"MaxLinear, Inc.",Semiconductors
NA,Nano Labs Ltd,Semiconductors
NVDA,NVIDIA Corporation,Semiconductors
NVEC,NVE Corporation,Semiconductors
NVTS,Navitas Semiconductor Corporation,Semiconductors
NXPI,NXP Semiconductors N.V.,Semiconductors
ON,ON Semiconductor Corporation,Semiconductors
PI,"Impinj, Inc.",Semiconductors
POET,POET Technologies Inc.,Semiconductors
POWI,"Power Integrations, Inc.",Semiconductors
PRSO,Peraso Inc.,Semiconductors
PXLW,"Pixelworks, Inc.",Semiconductors
QCOM,QUALCOMM Incorporated,Semiconductors
QRVO,"Qorvo, Inc.",Semiconductors
QUIK,QuickLogic Corporation,Semiconductors
RMBS,Rambus Inc.,Semiconductors
SIMO,Silicon Motion Technology Corporation,Semiconductors
SITM,SiTime Corporation,Semiconductors
SKYT,"SkyWater Technology, Inc.",Semiconductors
SLAB,Silicon Laboratories Inc.,Semiconductors
SMTC,Semtech Corporation,Semiconductors
SQNS,Sequans Communications S.A.,Semiconductors
STM,STMicroelectronics N.V.,Semiconductors
SWKS,"Skyworks Solutions, Inc.",Semiconductors
SYNA,Synaptics Incorporated,Semiconductors
TSEM,Tower Semiconductor Ltd.,Semiconductors
TSM,Taiwan Semiconductor Manufacturing Company Limited,Semiconductors
TXN,Texas Instruments Incorporated,Semiconductors
UMC,United Microelectronics Corporation,Semiconductors
VLN,Valens Semiconductor Ltd.,Semiconductors
VSH,"Vishay Intertechnology, Inc.",Semiconductors
WKEY,WISeKey International Holding AG,Semiconductors
WOLF,"Wolfspeed, Inc.",Semiconductors
ACLS,"Axcelis Technologies, Inc.",Semiconductor Equipment & Materials
ACMR,"ACM Research, Inc.",Semiconductor Equipment & Materials
AEHR,"Aehr Test Systems, Inc.",Semiconductor Equipment & Materials
AMAT,"Applied Materials, Inc.",Semiconductor Equipment & Materials
AMBA,"Ambarella, Inc.",Semiconductor Equipment & Materials
AMKR,"Amkor Technology, Inc.",Semiconductor Equipment & Materials
ASML,ASML Holding N.V.,Semiconductor Equipment & Materials
ASYS,"Amtech Systems, Inc.",Semiconductor Equipment & Materials
ATOM,Atomera Incorporated,Semiconductor Equipment & Materials
AXTI,"AXT, Inc.",Semiconductor Equipment & Materials
CAMT,Camtek Ltd.,Semiconductor Equipment & Materials
COHU,"Cohu, Inc.",Semiconductor Equipment & Materials
DQ,Daqo New Energy Corp.,Semiconductor Equipment & Materials
ENTG,"Entegris, Inc.",Semiconductor Equipment & Materials
FORM,"FormFactor, Inc.",Semiconductor Equipment & Materials
ICHR,"Ichor Holdings, Ltd.",Semiconductor Equipment & Materials
INDI,"indie Semiconductor, Inc.",Semiconductor Equipment & Materials
INTT,inTEST Corporation,Semiconductor Equipment & Materials
IPGP,IPG Photonics Corporation,Semiconductor Equipment & Materials
KLAC,KLA Corporation,Semiconductor Equipment & Materials
KLIC,"Kulicke and Soffa Industries, Inc.",Semiconductor Equipment & Materials
LRCX,Lam Research Corporation,Semiconductor Equipment & Materials
NVMI,Nova Ltd.,Semiconductor Equipment & Materials
ONTO,Onto Innovation Inc.,Semiconductor Equipment & Materials
PLAB,"Photronics, Inc.",Semiconductor Equipment & Materials
SMTK,"SmartKem, Inc.",Semiconductor Equipment & Materials
TER,"Teradyne, Inc.",Semiconductor Equipment & Materials
TRT,Trio-Tech International,Semiconductor Equipment & Materials
UCTT,"Ultra Clean Holdings, Inc.",Semiconductor Equipment & Materials
VECO,Veeco Instruments Inc.,Semiconductor Equipment & Materials
ADT,ADT Inc.,Security & Protection Services
ALLE,Allegion plc,Security & Protection Services
BAER,"Bridger Aerospace Group Holdings, Inc.",Security & Protection Services
BCO,The Brink's Company,Security & Protection Services
BKYI,"BIO-key International, Inc.",Security & Protection Services
BRC,Brady Corporation,Security & Protection Services
CIGL,Concorde International Group Ltd.,Security & Protection Services
CIX,CompX International Inc.,Security & Protection Services
CXW,"CoreCivic, Inc.",Security & Protection Services
EVLV,"Evolv Technologies Holdings, Inc.",Security & Protection Services
GEO,"The GEO Group, Inc.",Security & Protection Services
GFAI,"Guardforce AI Co., Limited",Security & Protection Services
IVDA,"Iveda Solutions, Inc.",Security & Protection Services
KSCP,"Knightscope, Inc.",Security & Protection Services
MG,"Mistras Group, Inc.",Security & Protection Services
MSA,MSA Safety Incorporated,Security & Protection Services
NL,"NL Industries, Inc.",Security & Protection Services
NSSC,"Napco Security Technologies, Inc.",Security & Protection Services
SNT,Senstar Technologies Corporation,Security & Protection Services
SPCB,SuperCom Ltd.,Security & Protection Services
SUGP,SU Group Holdings Limited,Security & Protection Services
UUU,"Universal Safety Products, Inc",Security & Protection Services
VRME,"VerifyMe, Inc.",Security & Protection Services
ASTC,Astrotech Corporation,Scientific & Technical Instruments
BKSY,BlackSky Technology Inc.,Scientific & Technical Instruments
BMI,"Badger Meter, Inc.",Scientific & Technical Instruments
CGNX,Cognex Corporation,Scientific & Technical Instruments
COHR,Coherent Corp.,Scientific & Technical Instruments
ELSE,"Electro-Sensors, Inc.",Scientific & Technical Instruments
ESE,ESCO Technologies Inc.,Scientific & Technical Instruments
FARO,"FARO Technologies, Inc.",Scientific & Technical Instruments
FCUV,Focus Universal Inc.,Scientific & Technical Instruments
FTV,Fortive Corporation,Scientific & Technical Instruments
GNSS,Genasys Inc.,Scientific & Technical Instruments
GRMN,Garmin Ltd.,Scientific & Technical Instruments
ITRI,"Itron, Inc.",Scientific & Technical Instruments
ITRN,Ituran Location and Control Ltd.,Scientific & Technical Instruments
KEYS,"Keysight Technologies, Inc.",Scientific & Technical Instruments
KNW,"Know Labs, Inc.",Scientific & Technical Instruments
LGL,"The LGL Group, Inc.",Scientific & Technical Instruments
MIND,"MIND Technology, Inc.",Scientific & Technical Instruments
MKSI,"MKS Instruments, Inc.",Scientific & Technical Instruments
MLAB,"Mesa Laboratories, Inc.",Scientific & Technical Instruments
MVIS,"MicroVision, Inc.",Scientific & Technical Instruments
NOVT,Novanta Inc.,Scientific & Technical Instruments
ODYS,Odysight.ai Inc.,Scientific & Technical Instruments
SOBR,"SOBR Safe, Inc.",Scientific & Technical Instruments
SOTK,Sono-Tek Corporation,Scientific & Technical Instruments
ST,Sensata Technologies Holding plc,Scientific & Technical Instruments
SVRE,SaverOne 2014 Ltd.,Scientific & Technical Instruments
TDY,Teledyne Technologies Incorporated,Scientific & Technical Instruments
TRMB,Trimble Inc.,Scientific & Technical Instruments
VNT,Vontier Corporation,Scientific & Technical Instruments
VPG,"Vishay Precision Group, Inc.",Scientific & Technical Instruments
WATT,Energous Corporation,Scientific & Technical Instruments
WRAP,"Wrap Technologies, Inc.",Scientific & Technical Instruments
ARCO,Arcos Dorados Holdings Inc.,Restaurants
ARKR,Ark Restaurants Corp.,Restaurants
BDL,"Flanigan's Enterprises, Inc.",Restaurants
BH,Biglari Holdings Inc.,Restaurants
BH.A,Biglari Holdings Inc.,Restaurants
BJRI,"BJ's Restaurants, Inc.",Restaurants
BLMN,"Bloomin' Brands, Inc.",Restaurants
BROS,Dutch Bros Inc.,Restaurants
BTBD,"BT Brands, Inc.",Restaurants
CAKE,The Cheesecake Factory Incorporated,Restaurants
CAVA,"CAVA Group, Inc.",Restaurants
CBRL,"Cracker Barrel Old Country Store, Inc.",Restaurants
CHA,Chagee Holdings Limited,Restaurants
CHSN,Chanson International Holding,Restaurants
CMG,"Chipotle Mexican Grill, Inc.",Restaurants
CNNE,"Cannae Holdings, Inc.",Restaurants
DENN,Denny's Corporation,Restaurants
DIN,"Dine Brands Global, Inc.",Restaurants
DPZ,"Domino's Pizza, Inc.",Restaurants
DRI,"Darden Restaurants, Inc.",Restaurants
EAT,"Brinker International, Inc.",Restaurants
FAT,FAT Brands Inc.,Restaurants
FATBB,FAT Brands Inc.,Restaurants
FWRG,"First Watch Restaurant Group, Inc.",Restaurants
GENK,"GEN Restaurant Group, Inc.",Restaurants
GTIM,Good Times Restaurants Inc.,Restaurants
HDL,Super Hi International Holding Ltd.,Restaurants
JACK,Jack in the Box Inc.,Restaurants
KRUS,"Kura Sushi USA, Inc.",Restaurants
LOCO,"El Pollo Loco Holdings, Inc.",Restaurants
MB,MasterBeef Group,Restaurants
MCD,McDonald's Corporation,Restaurants
NATH,"Nathan's Famous, Inc.",Restaurants
NDLS,Noodles & Company,Restaurants
PBPB,Potbelly Corporation,Restaurants
PETZ,"TDH Holdings, Inc.",Restaurants
PTLO,Portillo's Inc.,Restaurants
PZZA,"Papa John's International, Inc.",Restaurants
QSR,Restaurant Brands International Inc.,Restaurants
RAVE,"Rave Restaurant Group, Inc.",Restaurants
REBN,"Reborn Coffee, Inc.",Restaurants
RICK,"RCI Hospitality Holdings, Inc.",Restaurants
RRGB,"Red Robin Gourmet Burgers, Inc.",Restaurants
SBUX,Starbucks Corporation,Restaurants
SG,"Sweetgreen, Inc.",Restaurants
SHAK,Shake Shack Inc.,Restaurants
STKS,"The ONE Group Hospitality, Inc.",Restaurants
THCH,TH International Limited,Restaurants
TWNP,Twin Hospitality Group Inc.,Restaurants
TXRH,"Texas Roadhouse, Inc.",Restaurants
VENU,Venu Holding Corporation,Restaurants
WEN,The Wendy's Company,Restaurants
WING,Wingstop Inc.,Restaurants
YOSH,Yoshiharu Global Co.,Restaurants
YUM,"Yum! Brands, Inc.",Restaurants
YUMC,"Yum China Holdings, Inc.",Restaurants
BYD,Boyd Gaming Corporation,Resorts & Casinos
CNTY,"Century Casinos, Inc.",Resorts & Casinos
CZR,"Caesars Entertainment, Inc.",Resorts & Casinos
FLL,"Full House Resorts, Inc.",Resorts & Casinos
GDEN,"Golden Entertainment, Inc.",Resorts & Casinos
HGV,Hilton Grand Vacations Inc.,Resorts & Casinos
LVS,Las Vegas Sands Corp.,Resorts & Casinos
MCRI,"Monarch Casino & Resort, Inc.",Resorts & Casinos
MGM,MGM Resorts International,Resorts & Casinos
MLCO,Melco Resorts & Entertainment Limited,Resorts & Casinos
MSC,Studio City International Holdings Limited,Resorts & Casinos
MTN,"Vail Resorts, Inc.",Resorts & Casinos
PENN,"PENN Entertainment, Inc.",Resorts & Casinos
PLYA,Playa Hotels & Resorts N.V.,Resorts & Casinos
RRR,"Red Rock Resorts, Inc.",Resorts & Casinos
VAC,Marriott Vacations Worldwide Corporation,Resorts & Casinos
WYNN,"Wynn Resorts, Limited",Resorts & Casinos
BZH,"Beazer Homes USA, Inc.",Residential Construction
CVCO,"Cavco Industries, Inc.",Residential Construction
DFH,"Dream Finders Homes, Inc.",Residential Construction
DHI,"D.R. Horton, Inc.",Residential Construction
GRBK,"Green Brick Partners, Inc.",Residential Construction
HOV,"Hovnanian Enterprises, Inc.",Residential Construction
IBP,"Installed Building Products, Inc.",Residential Construction
JFB,JFB Construction Holdings,Residential Construction
KBH,KB Home,Residential Construction
LEGH,Legacy Housing Corporation,Residential Construction
LEN,Lennar Corporation,Residential Construction
LEN.B,Lennar Corporation,Residential Construction
LGIH,"LGI Homes, Inc.",Residential Construction
MHO,"M/I Homes, Inc.",Residential Construction
MTH,Meritage Homes Corporation,Residential Construction
NVR,"NVR, Inc.",Residential Construction
PHM,"PulteGroup, Inc.",Residential Construction
SKY,"Champion Homes, Inc.",Residential Construction
SPHL,Springview Holdings Ltd,Residential Construction
TMHC,Taylor Morrison Home Corporation,Residential Construction
TOL,"Toll Brothers, Inc.",Residential Construction
TPH,"Tri Pointe Homes, Inc.",Residential Construction
UHG,"United Homes Group, Inc.",Residential Construction
AER,AerCap Holdings N.V.,Rental & Leasing Services
AL,Air Lease Corporation,Rental & Leasing Services
ALTG,Alta Equipment Group Inc.,Rental & Leasing Services
CAR,"Avis Budget Group, Inc.",Rental & Leasing Services
CTOS,"Custom Truck One Source, Inc.",Rental & Leasing Services
FPAY,"FlexShopper, Inc.",Rental & Leasing Services
FTAI,FTAI Aviation Ltd.,Rental & Leasing Services
GATX,GATX Corporation,Rental & Leasing Services
HEES,"H&E Equipment Services, Inc.",Rental & Leasing Services
HRI,Herc Holdings Inc.,Rental & Leasing Services
HTZ,"Hertz Global Holdings, Inc.",Rental & Leasing Services
MGRC,McGrath RentCorp,Rental & Leasing Services
MWG,Multi Ways Holdings Limited,Rental & Leasing Services
PRG,"PROG Holdings, Inc.",Rental & Leasing Services
R,"Ryder System, Inc.",Rental & Leasing Services
UHAL,U-Haul Holding Company,Rental & Leasing Services
UHAL.B,U-Haul Holding Company,Rental & Leasing Services
URI,"United Rentals, Inc.",Rental & Leasing Services
VSTS,Vestis Corporation,Rental & Leasing Services
WLFC,Willis Lease Finance Corporation,Rental & Leasing Services
WSC,WillScot Holdings Corporation,Rental & Leasing Services
ZCAR,"Zoomcar Holdings, Inc.",Rental & Leasing Services
BC,Brunswick Corporation,Recreational Vehicles
DOOO,BRP Inc.,Recreational Vehicles
EZGO,EZGO Technologies Ltd.,Recreational Vehicles
HOG,"Harley-Davidson, Inc.",Recreational Vehicles
LCII,LCI Industries,Recreational Vehicles
MAMO,Massimo Group,Recreational Vehicles
MBUU,"Malibu Boats, Inc.",Recreational Vehicles
MCFT,"MasterCraft Boat Holdings, Inc.",Recreational Vehicles
MPX,Marine Products Corporation,Recreational Vehicles
PII,Polaris Inc.,Recreational Vehicles
THO,"THOR Industries, Inc.",Recreational Vehicles
VEEE,Twin Vee Powercats Co.,Recreational Vehicles
VMAR,Vision Marine Technologies Inc.,Recreational Vehicles
WGO,"Winnebago Industries, Inc.",Recreational Vehicles
AIRE,reAlpha Tech Corp.,Real Estate Services
ALBT,Avalon GloboCare Corp.,Real Estate Services
ARL,"American Realty Investors, Inc.",Real Estate Services
ASPS,Altisource Portfolio Solutions S.A.,Real Estate Services
BEKE,KE Holdings Inc.,Real Estate Services
CBRE,"CBRE Group, Inc.",Real Estate Services
CIGI,Colliers International Group Inc.,Real Estate Services
COMP,"Compass, Inc.",Real Estate Services
CSGP,"CoStar Group, Inc.",Real Estate Services
CWK,Cushman & Wakefield plc,Real Estate Services
DOUG,Douglas Elliman Inc.,Real Estate Services
DUO,Fangdd Network Group Ltd.,Real Estate Services
EXPI,"eXp World Holdings, Inc.",Real Estate Services
FRPH,"FRP Holdings, Inc.",Real Estate Services
FSV,FirstService Corporation,Real Estate Services
FTHM,Fathom Holdings Inc.,Real Estate Services
GBR,"New Concept Energy, Inc.",Real Estate Services
GYRO,"Gyrodyne, LLC",Real Estate Services
HOUS,Anywhere Real Estate Inc.,Real Estate Services
IRS,IRSA Inversiones y Representaciones Sociedad Anónima,Real Estate Services
JLL,Jones Lang LaSalle Incorporated,Real Estate Services
KW,"Kennedy-Wilson Holdings, Inc.",Real Estate Services
LRHC,La Rosa Holdings Corp.,Real Estate Services
MAYS,"J.W. Mays, Inc.",Real Estate Services
MLP,"Maui Land & Pineapple Company, Inc.",Real Estate Services
MMI,"Marcus & Millichap, Inc.",Real Estate Services
NEN,New England Realty Associates Limited Partnership,Real Estate Services
NMRK,"Newmark Group, Inc.",Real Estate Services
NYC,American Strategic Investment Co.,Real Estate Services
OMH,Ohmyhome Limited,Real Estate Services
OPAD,Offerpad Solutions Inc.,Real Estate Services
OPEN,Opendoor Technologies Inc.,Real Estate Services
RDFN,Redfin Corporation,Real Estate Services
REAX,The Real Brokerage Inc.,Real Estate Services
RFL,"Rafael Holdings, Inc.",Real Estate Services
RMAX,"RE/MAX Holdings, Inc.",Real Estate Services
RMR,The RMR Group Inc.,Real Estate Services
SEG,Seaport Entertainment Group Inc.,Real Estate Services
SRG,Seritage Growth Properties,Real Estate Services
STHO,Star Holdings,Real Estate Services
TCI,"Transcontinental Realty Investors, Inc.",Real Estate Services
UK,Ucommune International Ltd,Real Estate Services
UOKA,MDJM Ltd,Real Estate Services
WETH,Wetouch Technology Inc.,Real Estate Services
CHCI,"Comstock Holding Companies, Inc.",Real Estate - Diversified
HHH,Howard Hughes Holdings Inc.,Real Estate - Diversified
JOE,The St. Joe Company,Real Estate - Diversified
STRS,Stratus Properties Inc.,Real Estate - Diversified
AEI,Alset Inc.,Real Estate - Development
AMBR,Amber International Holding Limited,Real Estate - Development
AXR,AMREP Corporation,Real Estate - Development
CCS,"Century Communities, Inc.",Real Estate - Development
FOR,Forestar Group Inc.,Real Estate - Development
FPH,"Five Point Holdings, LLC",Real Estate - Development
LGPS,LogProstyle Inc.,Real Estate - Development
LPA,Logistic Properties of the Americas,Real Estate - Development
LRE,"Lead Real Estate Co., Ltd",Real Estate - Development
LSEA,Landsea Homes Corporation,Real Estate - Development
MRNO,Murano Global Investments Plc,Real Estate - Development
OZ,"Belpointe PREP, LLC",Real Estate - Development
SDHC,Smith Douglas Homes Corp.,Real Estate - Development
SGD,Safe and Green Development Corporation,Real Estate - Development
VTMX,"Corporación Inmobiliaria Vesta, S.A.B. de C.V.",Real Estate - Development
XIN,"Xinyuan Real Estate Co., Ltd.",Real Estate - Development
SMA,"SmartStop Self Storage REIT, Inc.",Real Estate
CNI,Canadian National Railway Company,Railroads
CP,Canadian Pacific Kansas City Limited,Railroads
CSX,CSX Corporation,Railroads
FSTR,L.B. Foster Company,Railroads
GBX,"The Greenbrier Companies, Inc.",Railroads
NSC,Norfolk Southern Corporation,Railroads
RAIL,"FreightCar America, Inc.",Railroads
RVSN,Rail Vision Ltd.,Railroads
TRN,"Trinity Industries, Inc.",Railroads
UNP,Union Pacific Corporation,Railroads
WAB,Westinghouse Air Brake Technologies Corporation,Railroads
AMT,American Tower Corporation,REIT - Specialty
CCI,Crown Castle Inc.,REIT - Specialty
DLR,"Digital Realty Trust, Inc.",REIT - Specialty
EPR,EPR Properties,REIT - Specialty
EQIX,"Equinix, Inc.",REIT - Specialty
FPI,Farmland Partners Inc.,REIT - Specialty
GLPI,"Gaming and Leisure Properties, Inc.",REIT - Specialty
IRM,Iron Mountain Incorporated,REIT - Specialty
LAMR,Lamar Advertising Company,REIT - Specialty
LAND,Gladstone Land Corporation,REIT - Specialty
OUT,OUTFRONT Media Inc.,REIT - Specialty
PCH,PotlatchDeltic Corporation,REIT - Specialty
PW,Power REIT,REIT - Specialty
RYN,Rayonier Inc.,REIT - Specialty
SBAC,SBA Communications Corporation,REIT - Specialty
SELF,"Global Self Storage, Inc.",REIT - Specialty
UNIT,Uniti Group Inc.,REIT - Specialty
WY,Weyerhaeuser Company,REIT - Specialty
ADC,Agree Realty Corporation,REIT - Retail
AKR,Acadia Realty Trust,REIT - Retail
ALEX,"Alexander & Baldwin, Inc.",REIT - Retail
ALX,"Alexander's, Inc.",REIT - Retail
BFS,"Saul Centers, Inc.",REIT - Retail
BRX,Brixmor Property Group Inc.,REIT - Retail
CBL,"CBL & Associates Properties, Inc.",REIT - Retail
CURB,Curbline Properties Corp.,REIT - Retail
EPRT,"Essential Properties Realty Trust, Inc.",REIT - Retail
FCPT,"Four Corners Property Trust, Inc.",REIT - Retail
FRT,Federal Realty Investment Trust,REIT - Retail
GTY,Getty Realty Corp.,REIT - Retail
IVT,InvenTrust Properties Corp.,REIT - Retail
KIM,Kimco Realty Corporation,REIT - Retail
KRG,Kite Realty Group Trust,REIT - Retail
MAC,The Macerich Company,REIT - Retail
NNN,"NNN REIT, Inc.",REIT - Retail
NTST,NETSTREIT Corp.,REIT - Retail
O,Realty Income Corporation,REIT - Retail
PECO,"Phillips Edison & Company, Inc.",REIT - Retail
PINE,"Alpine Income Property Trust, Inc.",REIT - Retail
REG,Regency Centers Corporation,REIT - Retail
SITC,SITE Centers Corp.,REIT - Retail
SKT,Tanger Inc.,REIT - Retail
SPG,"Simon Property Group, Inc.",REIT - Retail
UE,Urban Edge Properties,REIT - Retail
WHLR,"Wheeler Real Estate Investment Trust, Inc.",REIT - Retail
WSR,Whitestone REIT,REIT - Retail
AIV,Apartment Investment and Management Company,REIT - Residential
AMH,American Homes 4 Rent,REIT - Residential
AVB,"AvalonBay Communities, Inc.",REIT - Residential
BHM,"Bluerock Homes Trust, Inc.",REIT - Residential
BRT,BRT Apartments Corp.,REIT - Residential
CLPR,Clipper Realty Inc.,REIT - Residential
CPT,Camden Property Trust,REIT - Residential
CSR,Centerspace,REIT - Residential
ELME,Elme Communities,REIT - Residential
ELS,"Equity LifeStyle Properties, Inc.",REIT - Residential
EQR,Equity Residential,REIT - Residential
ESS,"Essex Property Trust, Inc.",REIT - Residential
INVH,Invitation Homes Inc.,REIT - Residential
IRT,"Independence Realty Trust, Inc.",REIT - Residential
MAA,"Mid-America Apartment Communities, Inc.",REIT - Residential
MRP,"Millrose Properties, Inc.",REIT - Residential
NXRT,"NexPoint Residential Trust, Inc.",REIT - Residential
SUI,"Sun Communities, Inc.",REIT - Residential
UDR,"UDR, Inc.",REIT - Residential
UMH,"UMH Properties, Inc.",REIT - Residential
VRE,"Veris Residential, Inc.",REIT - Residential
ARE,"Alexandria Real Estate Equities, Inc.",REIT - Office
BDN,Brandywine Realty Trust,REIT - Office
BXP,"BXP, Inc.",REIT - Office
CDP,COPT Defense Properties,REIT - Office
CIO,"City Office REIT, Inc.",REIT - Office
CMCT,Creative Media & Community Trust Corporation,REIT - Office
CUZ,Cousins Properties Incorporated,REIT - Office
DEA,"Easterly Government Properties, Inc.",REIT - Office
DEI,"Douglas Emmett, Inc.",REIT - Office
ESBA,"Empire State Realty OP, L.P.",REIT - Office
FSP,Franklin Street Properties Corp.,REIT - Office
HIW,"Highwoods Properties, Inc.",REIT - Office
HPP,"Hudson Pacific Properties, Inc.",REIT - Office
JBGS,JBG SMITH Properties,REIT - Office
KRC,Kilroy Realty Corporation,REIT - Office
NLOP,Net Lease Office Properties,REIT - Office
ONL,Orion Properties Inc.,REIT - Office
OPI,Office Properties Income Trust,REIT - Office
PDM,"Piedmont Office Realty Trust, Inc.",REIT - Office
PGRE,"Paramount Group, Inc.",REIT - Office
PKST,Peakstone Realty Trust,REIT - Office
PSTL,"Postal Realty Trust, Inc.",REIT - Office
SLG,SL Green Realty Corp.,REIT - Office
VNO,Vornado Realty Trust,REIT - Office
ABR,"Arbor Realty Trust, Inc.",REIT - Mortgage
ACR,ACRES Commercial Realty Corp.,REIT - Mortgage
ACRE,Ares Commercial Real Estate Corporation,REIT - Mortgage
AFCG,Advanced Flower Capital Inc.,REIT - Mortgage
AGNC,AGNC Investment Corp.,REIT - Mortgage
AOMR,"Angel Oak Mortgage REIT, Inc.",REIT - Mortgage
ARI,"Apollo Commercial Real Estate Finance, Inc.",REIT - Mortgage
ARR,"ARMOUR Residential REIT, Inc.",REIT - Mortgage
BRSP,"BrightSpire Capital, Inc.",REIT - Mortgage
BXMT,"Blackstone Mortgage Trust, Inc.",REIT - Mortgage
CHMI,Cherry Hill Mortgage Investment Corporation,REIT - Mortgage
CIM,Chimera Investment Corporation,REIT - Mortgage
CMTG,"Claros Mortgage Trust, Inc.",REIT - Mortgage
DX,"Dynex Capital, Inc.",REIT - Mortgage
EFC,Ellington Financial Inc.,REIT - Mortgage
FBRT,"Franklin BSP Realty Trust, Inc.",REIT - Mortgage
GPMT,Granite Point Mortgage Trust Inc.,REIT - Mortgage
IVR,Invesco Mortgage Capital Inc.,REIT - Mortgage
KREF,KKR Real Estate Finance Trust Inc.,REIT - Mortgage
LADR,Ladder Capital Corp,REIT - Mortgage
LFT,"Lument Finance Trust, Inc.",REIT - Mortgage
LOAN,"Manhattan Bridge Capital, Inc.",REIT - Mortgage
MFA,"MFA Financial, Inc.",REIT - Mortgage
MITT,"AG Mortgage Investment Trust, Inc.",REIT - Mortgage
NLY,"Annaly Capital Management, Inc.",REIT - Mortgage
NREF,"NexPoint Real Estate Finance, Inc.",REIT - Mortgage
NYMT,"New York Mortgage Trust, Inc.",REIT - Mortgage
ORC,"Orchid Island Capital, Inc.",REIT - Mortgage
PMT,PennyMac Mortgage Investment Trust,REIT - Mortgage
RC,Ready Capital Corporation,REIT - Mortgage
REFI,"Chicago Atlantic Real Estate Finance, Inc.",REIT - Mortgage
RITM,Rithm Capital Corp.,REIT - Mortgage
RPT,Rithm Property Trust Inc.,REIT - Mortgage
RWT,"Redwood Trust, Inc.",REIT - Mortgage
SACH,Sachem Capital Corp.,REIT - Mortgage
SEVN,Seven Hills Realty Trust,REIT - Mortgage
STWD,"Starwood Property Trust, Inc.",REIT - Mortgage
SUNS,"Sunrise Realty Trust, Inc.",REIT - Mortgage
TRTX,"TPG RE Finance Trust, Inc.",REIT - Mortgage
TWO,Two Harbors Investment Corp.,REIT - Mortgage
COLD,"Americold Realty Trust, Inc.",REIT - Industrial
CUBE,CubeSmart,REIT - Industrial
EGP,"EastGroup Properties, Inc.",REIT - Industrial
EXR,Extra Space Storage Inc.,REIT - Industrial
FR,"First Industrial Realty Trust, Inc.",REIT - Industrial
IIPR,"Innovative Industrial Properties, Inc.",REIT - Industrial
ILPT,Industrial Logistics Properties Trust,REIT - Industrial
LINE,"Lineage, Inc.",REIT - Industrial
LXP,LXP Industrial Trust,REIT - Industrial
MDV,"Modiv Industrial, Inc.",REIT - Industrial
NSA,National Storage Affiliates Trust,REIT - Industrial
PLD,"Prologis, Inc.",REIT - Industrial
PLYM,"Plymouth Industrial REIT, Inc.",REIT - Industrial
PSA,Public Storage,REIT - Industrial
REXR,"Rexford Industrial Realty, Inc.",REIT - Industrial
STAG,"STAG Industrial, Inc.",REIT - Industrial
TRNO,Terreno Realty Corporation,REIT - Industrial
AHT,"Ashford Hospitality Trust, Inc.",REIT - Hotel & Motel
APLE,"Apple Hospitality REIT, Inc.",REIT - Hotel & Motel
BHR,Braemar Hotels & Resorts Inc.,REIT - Hotel & Motel
CLDT,Chatham Lodging Trust,REIT - Hotel & Motel
DRH,DiamondRock Hospitality Company,REIT - Hotel & Motel
HST,"Host Hotels & Resorts, Inc.",REIT - Hotel & Motel
IHT,InnSuites Hospitality Trust,REIT - Hotel & Motel
INN,"Summit Hotel Properties, Inc.",REIT - Hotel & Motel
PEB,Pebblebrook Hotel Trust,REIT - Hotel & Motel
PK,Park Hotels & Resorts Inc.,REIT - Hotel & Motel
RHP,"Ryman Hospitality Properties, Inc.",REIT - Hotel & Motel
RLJ,RLJ Lodging Trust,REIT - Hotel & Motel
SHO,"Sunstone Hotel Investors, Inc.",REIT - Hotel & Motel
SOHO,Sotherly Hotels Inc.,REIT - Hotel & Motel
SVC,Service Properties Trust,REIT - Hotel & Motel
XHR,"Xenia Hotels & Resorts, Inc.",REIT - Hotel & Motel
AHR,"American Healthcare REIT, Inc.",REIT - Healthcare Facilities
CHCT,Community Healthcare Trust Incorporated,REIT - Healthcare Facilities
CTRE,"CareTrust REIT, Inc.",REIT - Healthcare Facilities
DHC,Diversified Healthcare Trust,REIT - Healthcare Facilities
DOC,"Healthpeak Properties, Inc.",REIT - Healthcare Facilities
GMRE,Global Medical REIT Inc.,REIT - Healthcare Facilities
HR,Healthcare Realty Trust Incorporated,REIT - Healthcare Facilities
LTC,"LTC Properties, Inc.",REIT - Healthcare Facilities
MPW,"Medical Properties Trust, Inc.",REIT - Healthcare Facilities
NHI,"National Health Investors, Inc.",REIT - Healthcare Facilities
OHI,"Omega Healthcare Investors, Inc.",REIT - Healthcare Facilities
SBRA,"Sabra Health Care REIT, Inc.",REIT - Healthcare Facilities
SILA,"Sila Realty Trust, Inc.",REIT - Healthcare Facilities
STRW,"Strawberry Fields REIT, Inc.",REIT - Healthcare Facilities
UHT,Universal Health Realty Income Trust,REIT - Healthcare Facilities
VTR,"Ventas, Inc.",REIT - Healthcare Facilities
WELL,Welltower Inc.,REIT - Healthcare Facilities
AAT,"American Assets Trust, Inc.",REIT - Diversified
AHH,"Armada Hoffler Properties, Inc.",REIT - Diversified
BNL,"Broadstone Net Lease, Inc.",REIT - Diversified
CTO,"CTO Realty Growth, Inc.",REIT - Diversified
ESRT,"Empire State Realty Trust, Inc.",REIT - Diversified
FVR,"FrontView REIT, Inc.",REIT - Diversified
GIPR,"Generation Income Properties, Inc.",REIT - Diversified
GNL,"Global Net Lease, Inc.",REIT - Diversified
GOOD,Gladstone Commercial Corporation,REIT - Diversified
MDRR,"Medalist Diversified REIT, Inc.",REIT - Diversified
MKZR,"MacKenzie Realty Capital, Inc.",REIT - Diversified
OLP,"One Liberty Properties, Inc.",REIT - Diversified
SAFE,Safehold Inc.,REIT - Diversified
SQFT,"Presidio Property Trust, Inc.",REIT - Diversified
VICI,VICI Properties Inc.,REIT - Diversified
WPC,W. P. Carey Inc.,REIT - Diversified
DALN,DallasNews Corporation,Publishing
EDUC,Educational Development Corporation,Publishing
GCI,"Gannett Co., Inc.",Publishing
LEE,"Lee Enterprises, Incorporated",Publishing
NYT,The New York Times Company,Publishing
PSO,Pearson plc,Publishing
SCHL,Scholastic Corporation,Publishing
WLY,"John Wiley & Sons, Inc.",Publishing
WLYB,"John Wiley & Sons, Inc.",Publishing
ADUR,Aduro Clean Technologies Inc.,Pollution & Treatment Controls
ARQ,"Arq, Inc.",Pollution & Treatment Controls
ATMU,Atmus Filtration Technologies Inc.,Pollution & Treatment Controls
CECO,CECO Environmental Corp.,Pollution & Treatment Controls
CHNR,"China Natural Resources, Inc.",Pollution & Treatment Controls
CLIR,ClearSign Technologies Corporation,Pollution & Treatment Controls
CLWT,Euro Tech Holdings Company Limited,Pollution & Treatment Controls
DEVS,DevvStream Corp.,Pollution & Treatment Controls
ERII,"Energy Recovery, Inc.",Pollution & Treatment Controls
FSS,Federal Signal Corporation,Pollution & Treatment Controls
FTEK,"Fuel Tech, Inc.",Pollution & Treatment Controls
LIQT,"LiqTech International, Inc.",Pollution & Treatment Controls
PCT,"PureCycle Technologies, Inc.",Pollution & Treatment Controls
RAIN,"Rain Enhancement Technologies Holdco, Inc.",Pollution & Treatment Controls
SCWO,374Water Inc.,Pollution & Treatment Controls
TOMZ,"TOMI Environmental Solutions, Inc.",Pollution & Treatment Controls
VLTO,Veralto Corporation,Pollution & Treatment Controls
ZONE,"CleanCore Solutions, Inc.",Pollution & Treatment Controls
ZWS,Zurn Elkay Water Solutions Corporation,Pollution & Treatment Controls
HITI,High Tide Inc.,Pharmaceutical Retailers
HKPD,Hong Kong Pharma Digital Technology Holdings Limited,Pharmaceutical Retailers
PETS,"PetMed Express, Inc.",Pharmaceutical Retailers
RDGT,"Ridgetech, Inc.",Pharmaceutical Retailers
SCNX,"Scienture Holdings, Inc.",Pharmaceutical Retailers
SSY,"SunLink Health Systems, Inc.",Pharmaceutical Retailers
WBA,"Walgreens Boots Alliance, Inc.",Pharmaceutical Retailers
BFAM,Bright Horizons Family Solutions Inc.,Personal Services
CLIK,Click Holdings Limited,Personal Services
CSV,"Carriage Services, Inc.",Personal Services
EJH,E-Home Household Service Holdings Limited,Personal Services
EM,Smart Share Global Limited,Personal Services
FTDR,"Frontdoor, Inc.",Personal Services
HRB,"H&R Block, Inc.",Personal Services
IVP,"Inspire Veterinary Partners, Inc.",Personal Services
MED,"Medifast, Inc.",Personal Services
MRM,MEDIROM Healthcare Technologies Inc.,Personal Services
RGS,Regis Corporation,Personal Services
ROL,"Rollins, Inc.",Personal Services
SCI,Service Corporation International,Personal Services
TRNR,Interactive Strength Inc.,Personal Services
WW,"WW International, Inc.",Personal Services
YYGH,YY Group Holding Limited,Personal Services
CLW,Clearwater Paper Corporation,Paper & Paper Products
ITP,"IT Tech Packaging, Inc.",Paper & Paper Products
MAGN,Magnera Corporation,Paper & Paper Products
MERC,Mercer International Inc.,Paper & Paper Products
SLVM,Sylvamo Corporation,Paper & Paper Products
SUZ,Suzano S.A.,Paper & Paper Products
AMBP,Ardagh Metal Packaging S.A.,Packaging & Containers
AMCR,Amcor plc,Packaging & Containers
AVY,Avery Dennison Corporation,Packaging & Containers
BALL,Ball Corporation,Packaging & Containers
CCK,"Crown Holdings, Inc.",Packaging & Containers
DSS,"DSS, Inc.",Packaging & Containers
GEF,"Greif, Inc.",Packaging & Containers
GEF.B,"Greif, Inc.",Packaging & Containers
GPK,Graphic Packaging Holding Company,Packaging & Containers
IP,International Paper Company,Packaging & Containers
KRT,Karat Packaging Inc.,Packaging & Containers
MGIH,Millennium Group International Holdings Limited,Packaging & Containers
MYE,"Myers Industries, Inc.",Packaging & Containers
OCTO,Eightco Holdings Inc.,Packaging & Containers
OI,"O-I Glass, Inc.",Packaging & Containers
PACK,Ranpak Holdings Corp.,Packaging & Containers
PKG,Packaging Corporation of America,Packaging & Containers
REYN,Reynolds Consumer Products Inc.,Packaging & Containers
SEE,Sealed Air Corporation,Packaging & Containers
SLGN,Silgan Holdings Inc.,Packaging & Containers
SON,Sonoco Products Company,Packaging & Containers
SW,Smurfit Westrock Plc,Packaging & Containers
TRS,TriMas Corporation,Packaging & Containers
YHGJ,Yunhong Green CTI Ltd.,Packaging & Containers
ABVE,Above Food Ingredients Inc.,Packaged Foods
ATPC,Agape ATP Corporation,Packaged Foods
BGS,"B&G Foods, Inc.",Packaged Foods
BHST,BioHarvest Sciences Inc.,Packaged Foods
BOF,BranchOut Food Inc.,Packaged Foods
BRBR,"BellRing Brands, Inc.",Packaged Foods
BRCC,BRC Inc.,Packaged Foods
BRFS,BRF S.A.,Packaged Foods
BRID,Bridgford Foods Corporation,Packaged Foods
BRLS,Borealis Foods Inc.,Packaged Foods
BYND,"Beyond Meat, Inc.",Packaged Foods
CAG,"Conagra Brands, Inc.",Packaged Foods
CENT,Central Garden & Pet Company,Packaged Foods
CENTA,Central Garden & Pet Company,Packaged Foods
CLNN,Clene Inc.,Packaged Foods
COOT,Australian Oilseeds Holdings Limited,Packaged Foods
CPB,The Campbell's Company,Packaged Foods
DAR,Darling Ingredients Inc.,Packaged Foods
DDC,DDC Enterprise Limited,Packaged Foods
FAMI,"Farmmi, Inc.",Packaged Foods
FARM,Farmer Bros. Co.,Packaged Foods
FLO,"Flowers Foods, Inc.",Packaged Foods
FRPT,"Freshpet, Inc.",Packaged Foods
FTLF,"FitLife Brands, Inc.",Packaged Foods
GIS,"General Mills, Inc.",Packaged Foods
HAIN,"The Hain Celestial Group, Inc.",Packaged Foods
HLF,Herbalife Ltd.,Packaged Foods
HRL,Hormel Foods Corporation,Packaged Foods
IMG,CIMG Inc.,Packaged Foods
INGR,Ingredion Incorporated,Packaged Foods
JBSS,"John B. Sanfilippo & Son, Inc.",Packaged Foods
JJSF,J&J Snack Foods Corp.,Packaged Foods
JVA,"Coffee Holding Co., Inc.",Packaged Foods
K,Kellanova,Packaged Foods
KHC,The Kraft Heinz Company,Packaged Foods
KLG,WK Kellogg Co,Packaged Foods
LANC,Lancaster Colony Corporation,Packaged Foods
LFVN,LifeVantage Corporation,Packaged Foods
LSF,"Laird Superfood, Inc.",Packaged Foods
LW,"Lamb Weston Holdings, Inc.",Packaged Foods
LWAY,"Lifeway Foods, Inc.",Packaged Foods
MAMA,"Mama's Creations, Inc.",Packaged Foods
MKC,"McCormick & Company, Incorporated",Packaged Foods
MKC.V,"McCormick & Company, Incorporated",Packaged Foods
NAII,"Natural Alternatives International, Inc.",Packaged Foods
NATR,"Nature's Sunshine Products, Inc.",Packaged Foods
NCRA,"Nocera, Inc.",Packaged Foods
NOMD,Nomad Foods Limited,Packaged Foods
ORIS,Oriental Rise Holdings Limited,Packaged Foods
OTLY,Oatly Group AB,Packaged Foods
PAVS,Paranovus Entertainment Technology Ltd.,Packaged Foods
POST,"Post Holdings, Inc.",Packaged Foods
PPC,Pilgrim's Pride Corporation,Packaged Foods
RKDA,"Arcadia Biosciences, Inc.",Packaged Foods
SENEA,Seneca Foods Corporation,Packaged Foods
SENEB,Seneca Foods Corporation,Packaged Foods
SJM,The J. M. Smucker Company,Packaged Foods
SMPL,The Simply Good Foods Company,Packaged Foods
SOWG,Sow Good Inc.,Packaged Foods
STKH,Steakholder Foods Ltd.,Packaged Foods
THS,"TreeHouse Foods, Inc.",Packaged Foods
USNA,"USANA Health Sciences, Inc.",Packaged Foods
UTZ,"Utz Brands, Inc.",Packaged Foods
WEST,Westrock Coffee Company,Packaged Foods
WYHG,Wing Yip Food Holdings Group Limited,Packaged Foods
ASM,Avino Silver & Gold Mines Ltd.,Other Precious Metals & Mining
BVN,Compañía de Minas Buenaventura S.A.A.,Other Precious Metals & Mining
HL,Hecla Mining Company,Other Precious Metals & Mining
ITRG,Integra Resources Corp.,Other Precious Metals & Mining
LODE,Comstock Inc.,Other Precious Metals & Mining
MTA,Metalla Royalty & Streaming Ltd.,Other Precious Metals & Mining
MUX,McEwen Mining Inc.,Other Precious Metals & Mining
NEWP,New Pacific Metals Corp.,Other Precious Metals & Mining
PLG,Platinum Group Metals Ltd.,Other Precious Metals & Mining
PPTA,Perpetua Resources Corp.,Other Precious Metals & Mining
SBSW,Sibanye Stillwater Limited,Other Precious Metals & Mining
SLSR,Solaris Resources Inc.,Other Precious Metals & Mining
TFPM,Triple Flag Precious Metals Corp.,Other Precious Metals & Mining
VOXR,Vox Royalty Corp.,Other Precious Metals & Mining
ABAT,American Battery Technology Company,Other Industrial Metals & Mining
ATLX,Atlas Lithium Corporation,Other Industrial Metals & Mining
BHP,BHP Group Limited,Other Industrial Metals & Mining
CMP,"Compass Minerals International, Inc.",Other Industrial Metals & Mining
CRML,Critical Metals Corp.,Other Industrial Metals & Mining
ELBM,Electra Battery Materials Corporation,Other Industrial Metals & Mining
EMX,EMX Royalty Corporation,Other Industrial Metals & Mining
FMST,Foremost Clean Energy Ltd.,Other Industrial Metals & Mining
FURY,Fury Gold Mines Limited,Other Industrial Metals & Mining
GRFX,Graphex Group Limited,Other Industrial Metals & Mining
GRO,Brazil Potash Corp.,Other Industrial Metals & Mining
GSM,Ferroglobe PLC,Other Industrial Metals & Mining
GTI,Graphjet Technology,Other Industrial Metals & Mining
IONR,ioneer Ltd,Other Industrial Metals & Mining
IPX,IperionX Limited,Other Industrial Metals & Mining
LAC,Lithium Americas Corp.,Other Industrial Metals & Mining
LAR,Lithium Argentina AG,Other Industrial Metals & Mining
LGO,Largo Inc.,Other Industrial Metals & Mining
LITM,Snow Lake Resources Ltd.,Other Industrial Metals & Mining
LZM,Lifezone Metals Limited,Other Industrial Metals & Mining
MP,MP Materials Corp.,Other Industrial Metals & Mining
MTRN,Materion Corporation,Other Industrial Metals & Mining
NAK,Northern Dynasty Minerals Ltd.,Other Industrial Metals & Mining
NB,NioCorp Developments Ltd.,Other Industrial Metals & Mining
NEXA,Nexa Resources S.A.,Other Industrial Metals & Mining
NMG,Nouveau Monde Graphite Inc.,Other Industrial Metals & Mining
NVA,Nova Minerals Limited,Other Industrial Metals & Mining
OMEX,"Odyssey Marine Exploration, Inc.",Other Industrial Metals & Mining
PLL,Piedmont Lithium Inc.,Other Industrial Metals & Mining
RIO,Rio Tinto Group,Other Industrial Metals & Mining
SGML,Sigma Lithium Corporation,Other Industrial Metals & Mining
SKE,Skeena Resources Limited,Other Industrial Metals & Mining
SLI,Standard Lithium Ltd.,Other Industrial Metals & Mining
TECK,Teck Resources Limited,Other Industrial Metals & Mining
TMC,TMC the metals company Inc.,Other Industrial Metals & Mining
TMQ,Trilogy Metals Inc.,Other Industrial Metals & Mining
UAMY,United States Antimony Corporation,Other Industrial Metals & Mining
USAR,"USA Rare Earth, Inc.",Other Industrial Metals & Mining
USAS,Americas Gold and Silver Corporation,Other Industrial Metals & Mining
USGO,U.S. GoldMining Inc.,Other Industrial Metals & Mining
VALE,Vale S.A.,Other Industrial Metals & Mining
VZLA,Vizsla Silver Corp.,Other Industrial Metals & Mining
WRN,Western Copper and Gold Corporation,Other Industrial Metals & Mining
WWR,"Westwater Resources, Inc.",Other Industrial Metals & Mining
XPL,Solitario Resources Corp.,Other Industrial Metals & Mining
LUCK,Lucky Strike Entertainment Corporation,Other
MDCX,Medicus Pharma Ltd.,Other
SNRE,Sunrise Communications AG,Other
AMTX,"Aemetis, Inc.",Oil & Gas Refining & Marketing
CAPL,CrossAmerica Partners LP,Oil & Gas Refining & Marketing
CLNE,Clean Energy Fuels Corp.,Oil & Gas Refining & Marketing
CSAN,Cosan S.A.,Oil & Gas Refining & Marketing
CVI,"CVR Energy, Inc.",Oil & Gas Refining & Marketing
DINO,HF Sinclair Corporation,Oil & Gas Refining & Marketing
DK,"Delek US Holdings, Inc.",Oil & Gas Refining & Marketing
DKL,"Delek Logistics Partners, LP",Oil & Gas Refining & Marketing
IEP,Icahn Enterprises L.P.,Oil & Gas Refining & Marketing
MPC,Marathon Petroleum Corporation,Oil & Gas Refining & Marketing
PARR,"Par Pacific Holdings, Inc.",Oil & Gas Refining & Marketing
PBF,PBF Energy Inc.,Oil & Gas Refining & Marketing
PSX,Phillips 66,Oil & Gas Refining & Marketing
SGU,"Star Group, L.P.",Oil & Gas Refining & Marketing
SUN,Sunoco LP,Oil & Gas Refining & Marketing
TMDE,TMD Energy Limited,Oil & Gas Refining & Marketing
UGP,Ultrapar Participações S.A.,Oil & Gas Refining & Marketing
VLO,Valero Energy Corporation,Oil & Gas Refining & Marketing
WKC,World Kinect Corporation,Oil & Gas Refining & Marketing
AM,Antero Midstream Corporation,Oil & Gas Midstream
BANL,CBL International Limited,Oil & Gas Midstream
BPT,BP Prudhoe Bay Royalty Trust,Oil & Gas Midstream
BROG,Brooge Energy Limited,Oil & Gas Midstream
CLCO,Cool Company Ltd.,Oil & Gas Midstream
CMBT,Cmb.Tech NV,Oil & Gas Midstream
CQP,"Cheniere Energy Partners, L.P.",Oil & Gas Midstream
DHT,"DHT Holdings, Inc.",Oil & Gas Midstream
DLNG,Dynagas LNG Partners LP,Oil & Gas Midstream
DTM,"DT Midstream, Inc.",Oil & Gas Midstream
EE,"Excelerate Energy, Inc.",Oil & Gas Midstream
ENB,Enbridge Inc.,Oil & Gas Midstream
EPD,Enterprise Products Partners L.P.,Oil & Gas Midstream
ET,Energy Transfer LP,Oil & Gas Midstream
FLNG,FLEX LNG Ltd.,Oil & Gas Midstream
FRO,Frontline plc,Oil & Gas Midstream
GEL,"Genesis Energy, L.P.",Oil & Gas Midstream
GLNG,Golar LNG Limited,Oil & Gas Midstream
GLP,Global Partners LP,Oil & Gas Midstream
HESM,Hess Midstream LP,Oil & Gas Midstream
IMPP,Imperial Petroleum Inc.,Oil & Gas Midstream
INR,"Infinity Natural Resources, Inc.",Oil & Gas Midstream
INSW,"International Seaways, Inc.",Oil & Gas Midstream
KMI,"Kinder Morgan, Inc.",Oil & Gas Midstream
KNOP,KNOT Offshore Partners LP,Oil & Gas Midstream
KNTK,Kinetik Holdings Inc.,Oil & Gas Midstream
LNG,"Cheniere Energy, Inc.",Oil & Gas Midstream
LPG,Dorian LPG Ltd.,Oil & Gas Midstream
MARPS,Marine Petroleum Trust,Oil & Gas Midstream
MMLP,Martin Midstream Partners L.P.,Oil & Gas Midstream
MPLX,MPLX LP,Oil & Gas Midstream
NAT,Nordic American Tankers Limited,Oil & Gas Midstream
NGL,NGL Energy Partners LP,Oil & Gas Midstream
NVGS,Navigator Holdings Ltd.,Oil & Gas Midstream
OKE,"ONEOK, Inc.",Oil & Gas Midstream
PAA,"Plains All American Pipeline, L.P.",Oil & Gas Midstream
PAGP,"Plains GP Holdings, L.P.",Oil & Gas Midstream
PBA,Pembina Pipeline Corporation,Oil & Gas Midstream
PBT,Permian Basin Royalty Trust,Oil & Gas Midstream
PXS,Pyxis Tankers Inc.,Oil & Gas Midstream
RBNE,Robin Energy Ltd.,Oil & Gas Midstream
SBR,Sabine Royalty Trust,Oil & Gas Midstream
SMC,Summit Midstream Corporation,Oil & Gas Midstream
SOBO,South Bow Corporation,Oil & Gas Midstream
STNG,Scorpio Tankers Inc.,Oil & Gas Midstream
TEN,Tsakos Energy Navigation Limited,Oil & Gas Midstream
TK,Teekay Corporation Ltd.,Oil & Gas Midstream
TNK,Teekay Tankers Ltd.,Oil & Gas Midstream
TOPS,Top Ships Inc.,Oil & Gas Midstream
TRGP,Targa Resources Corp.,Oil & Gas Midstream
TRMD,TORM plc,Oil & Gas Midstream
TRP,TC Energy Corporation,Oil & Gas Midstream
VG,"Venture Global, Inc.",Oil & Gas Midstream
VNOM,"Viper Energy, Inc.",Oil & Gas Midstream
WES,"Western Midstream Partners, LP",Oil & Gas Midstream
WMB,"The Williams Companies, Inc.",Oil & Gas Midstream
BP,BP p.l.c.,Oil & Gas Integrated
CGBS,Crown LNG Holdings Limited,Oil & Gas Integrated
CRGY,Crescent Energy Company,Oil & Gas Integrated
CVE,Cenovus Energy Inc.,Oil & Gas Integrated
CVX,Chevron Corporation,Oil & Gas Integrated
E,Eni S.p.A.,Oil & Gas Integrated
EC,Ecopetrol S.A.,Oil & Gas Integrated
EQNR,Equinor ASA,Oil & Gas Integrated
IMO,Imperial Oil Limited,Oil & Gas Integrated
NFG,National Fuel Gas Company,Oil & Gas Integrated
PBR,Petróleo Brasileiro S.A. - Petrobras,Oil & Gas Integrated
PBR.A,Petróleo Brasileiro S.A. - Petrobras,Oil & Gas Integrated
SHEL,Shell plc,Oil & Gas Integrated
SKYQ,Sky Quarry Inc.,Oil & Gas Integrated
SLNG,"Stabilis Solutions, Inc.",Oil & Gas Integrated
SU,Suncor Energy Inc.,Oil & Gas Integrated
TGS,Transportadora de Gas del Sur S.A.,Oil & Gas Integrated
TTE,TotalEnergies SE,Oil & Gas Integrated
VIVK,"Vivakor, Inc.",Oil & Gas Integrated
XOM,Exxon Mobil Corporation,Oil & Gas Integrated
YPF,YPF Sociedad Anónima,Oil & Gas Integrated
AMPY,Amplify Energy Corp.,Oil & Gas Exploration & Production
ANNA,"AleAnna, Inc.",Oil & Gas Exploration & Production
APA,APA Corporation,Oil & Gas Exploration & Production
AR,Antero Resources Corporation,Oil & Gas Exploration & Production
BATL,Battalion Oil Corporation,Oil & Gas Exploration & Production
BKV,BKV Corporation,Oil & Gas Exploration & Production
BRN,"Barnwell Industries, Inc.",Oil & Gas Exploration & Production
BRY,Berry Corporation,Oil & Gas Exploration & Production
BSM,"Black Stone Minerals, L.P.",Oil & Gas Exploration & Production
BTE,Baytex Energy Corp.,Oil & Gas Exploration & Production
CHRD,Chord Energy Corporation,Oil & Gas Exploration & Production
CIVI,"Civitas Resources, Inc.",Oil & Gas Exploration & Production
CKX,"CKX Lands, Inc.",Oil & Gas Exploration & Production
CNQ,Canadian Natural Resources Limited,Oil & Gas Exploration & Production
CNX,CNX Resources Corporation,Oil & Gas Exploration & Production
COP,ConocoPhillips,Oil & Gas Exploration & Production
CRC,California Resources Corporation,Oil & Gas Exploration & Production
CRK,"Comstock Resources, Inc.",Oil & Gas Exploration & Production
CRT,Cross Timbers Royalty Trust,Oil & Gas Exploration & Production
CTRA,Coterra Energy Inc.,Oil & Gas Exploration & Production
DEC,Diversified Energy Company PLC,Oil & Gas Exploration & Production
DMLP,"Dorchester Minerals, L.P.",Oil & Gas Exploration & Production
DVN,Devon Energy Corporation,Oil & Gas Exploration & Production
EGY,"VAALCO Energy, Inc.",Oil & Gas Exploration & Production
EOG,"EOG Resources, Inc.",Oil & Gas Exploration & Production
EONR,EON Resources Inc.,Oil & Gas Exploration & Production
EP,Empire Petroleum Corporation,Oil & Gas Exploration & Production
EPM,Evolution Petroleum Corporation,Oil & Gas Exploration & Production
EPSN,Epsilon Energy Ltd.,Oil & Gas Exploration & Production
EQT,EQT Corporation,Oil & Gas Exploration & Production
EXE,Expand Energy Corporation,Oil & Gas Exploration & Production
FANG,"Diamondback Energy, Inc.",Oil & Gas Exploration & Production
GFR,Greenfire Resources Ltd.,Oil & Gas Exploration & Production
GPOR,Gulfport Energy Corporation,Oil & Gas Exploration & Production
GPRK,GeoPark Limited,Oil & Gas Exploration & Production
GRNT,"Granite Ridge Resources, Inc.",Oil & Gas Exploration & Production
GTE,Gran Tierra Energy Inc.,Oil & Gas Exploration & Production
HES,Hess Corporation,Oil & Gas Exploration & Production
HPK,"HighPeak Energy, Inc.",Oil & Gas Exploration & Production
HUSA,Houston American Energy Corp.,Oil & Gas Exploration & Production
INDO,Indonesia Energy Corporation Limited,Oil & Gas Exploration & Production
KGEI,Kolibri Global Energy Inc.,Oil & Gas Exploration & Production
KOS,Kosmos Energy Ltd.,Oil & Gas Exploration & Production
KRP,"Kimbell Royalty Partners, LP",Oil & Gas Exploration & Production
MGY,Magnolia Oil & Gas Corporation,Oil & Gas Exploration & Production
MNR,Mach Natural Resources LP,Oil & Gas Exploration & Production
MTDR,Matador Resources Company,Oil & Gas Exploration & Production
MTR,Mesa Royalty Trust,Oil & Gas Exploration & Production
MUR,Murphy Oil Corporation,Oil & Gas Exploration & Production
MXC,Mexco Energy Corporation,Oil & Gas Exploration & Production
NEHC,"New Era Helium, Inc.",Oil & Gas Exploration & Production
NOG,"Northern Oil and Gas, Inc.",Oil & Gas Exploration & Production
NRT,North European Oil Royalty Trust,Oil & Gas Exploration & Production
OBE,Obsidian Energy Ltd.,Oil & Gas Exploration & Production
OVV,Ovintiv Inc.,Oil & Gas Exploration & Production
OXY,Occidental Petroleum Corporation,Oil & Gas Exploration & Production
PED,PEDEVCO Corp.,Oil & Gas Exploration & Production
PHX,PHX Minerals Inc.,Oil & Gas Exploration & Production
PNRG,PrimeEnergy Resources Corporation,Oil & Gas Exploration & Production
PR,Permian Resources Corporation,Oil & Gas Exploration & Production
PROP,Prairie Operating Co.,Oil & Gas Exploration & Production
PRT,PermRock Royalty Trust,Oil & Gas Exploration & Production
PVL,Permianville Royalty Trust,Oil & Gas Exploration & Production
REI,"Ring Energy, Inc.",Oil & Gas Exploration & Production
REPX,"Riley Exploration Permian, Inc.",Oil & Gas Exploration & Production
RMSG,Real Messenger Corporation,Oil & Gas Exploration & Production
RRC,Range Resources Corporation,Oil & Gas Exploration & Production
SD,"SandRidge Energy, Inc.",Oil & Gas Exploration & Production
SJT,San Juan Basin Royalty Trust,Oil & Gas Exploration & Production
SM,SM Energy Company,Oil & Gas Exploration & Production
STR,Sitio Royalties Corp.,Oil & Gas Exploration & Production
TALO,Talos Energy Inc.,Oil & Gas Exploration & Production
TBN,Tamboran Resources Corporation,Oil & Gas Exploration & Production
TPET,Trio Petroleum Corp.,Oil & Gas Exploration & Production
TPL,Texas Pacific Land Corporation,Oil & Gas Exploration & Production
TXO,"TXO Partners, L.P.",Oil & Gas Exploration & Production
USEG,U.S. Energy Corp.,Oil & Gas Exploration & Production
VET,Vermilion Energy Inc.,Oil & Gas Exploration & Production
VIST,"Vista Energy, S.A.B. de C.V.",Oil & Gas Exploration & Production
VOC,VOC Energy Trust,Oil & Gas Exploration & Production
VRN,Veren Inc.,Oil & Gas Exploration & Production
VTLE,"Vital Energy, Inc.",Oil & Gas Exploration & Production
VTS,"Vitesse Energy, Inc.",Oil & Gas Exploration & Production
WDS,Woodside Energy Group Ltd,Oil & Gas Exploration & Production
WTI,"W&T Offshore, Inc.",Oil & Gas Exploration & Production
ACDC,ProFrac Holding Corp.,Oil & Gas Equipment & Services
AESI,Atlas Energy Solutions Inc.,Oil & Gas Equipment & Services
AROC,"Archrock, Inc.",Oil & Gas Equipment & Services
BKR,Baker Hughes Company,Oil & Gas Equipment & Services
CHX,ChampionX Corporation,Oil & Gas Equipment & Services
CLB,Core Laboratories Inc.,Oil & Gas Equipment & Services
DTI,Drilling Tools International Corporation,Oil & Gas Equipment & Services
DWSN,Dawson Geophysical Company,Oil & Gas Equipment & Services
EFXT,Enerflex Ltd.,Oil & Gas Equipment & Services
FET,"Forum Energy Technologies, Inc.",Oil & Gas Equipment & Services
FLOC,Flowco Holdings Inc.,Oil & Gas Equipment & Services
FTI,TechnipFMC plc,Oil & Gas Equipment & Services
FTK,"Flotek Industries, Inc.",Oil & Gas Equipment & Services
GEOS,Geospace Technologies Corporation,Oil & Gas Equipment & Services
HAL,Halliburton Company,Oil & Gas Equipment & Services
HLX,"Helix Energy Solutions Group, Inc.",Oil & Gas Equipment & Services
INVX,"Innovex International, Inc.",Oil & Gas Equipment & Services
KGS,"Kodiak Gas Services, Inc.",Oil & Gas Equipment & Services
KLXE,"KLX Energy Services Holdings, Inc.",Oil & Gas Equipment & Services
LB,LandBridge Company LLC,Oil & Gas Equipment & Services
LBRT,Liberty Energy Inc.,Oil & Gas Equipment & Services
LSE,"Leishen Energy Holding Co., Ltd.",Oil & Gas Equipment & Services
MRC,MRC Global Inc.,Oil & Gas Equipment & Services
NCSM,"NCS Multistage Holdings, Inc.",Oil & Gas Equipment & Services
NESR,National Energy Services Reunited Corp.,Oil & Gas Equipment & Services
NEXT,NextDecade Corporation,Oil & Gas Equipment & Services
NGS,"Natural Gas Services Group, Inc.",Oil & Gas Equipment & Services
NINE,"Nine Energy Service, Inc.",Oil & Gas Equipment & Services
NOA,North American Construction Group Ltd.,Oil & Gas Equipment & Services
NOV,NOV Inc.,Oil & Gas Equipment & Services
NPKI,NPK International Inc.,Oil & Gas Equipment & Services
OII,"Oceaneering International, Inc.",Oil & Gas Equipment & Services
OIS,"Oil States International, Inc.",Oil & Gas Equipment & Services
PUMP,ProPetro Holding Corp.,Oil & Gas Equipment & Services
RCON,"Recon Technology, Ltd.",Oil & Gas Equipment & Services
RES,"RPC, Inc.",Oil & Gas Equipment & Services
RNGR,"Ranger Energy Services, Inc.",Oil & Gas Equipment & Services
SEI,"Solaris Energy Infrastructure, Inc.",Oil & Gas Equipment & Services
SLB,Schlumberger Limited,Oil & Gas Equipment & Services
SND,"Smart Sand, Inc.",Oil & Gas Equipment & Services
STAK,STAK Inc.,Oil & Gas Equipment & Services
TDW,Tidewater Inc.,Oil & Gas Equipment & Services
TS,Tenaris S.A.,Oil & Gas Equipment & Services
TTI,"TETRA Technologies, Inc.",Oil & Gas Equipment & Services
USAC,"USA Compression Partners, LP",Oil & Gas Equipment & Services
VAL,Valaris Limited,Oil & Gas Equipment & Services
VTOL,Bristow Group Inc.,Oil & Gas Equipment & Services
WFRD,Weatherford International plc,Oil & Gas Equipment & Services
WHD,"Cactus, Inc.",Oil & Gas Equipment & Services
WTTR,"Select Water Solutions, Inc.",Oil & Gas Equipment & Services
XPRO,Expro Group Holdings N.V.,Oil & Gas Equipment & Services
BORR,Borr Drilling Limited,Oil & Gas Drilling
HP,"Helmerich & Payne, Inc.",Oil & Gas Drilling
NBR,Nabors Industries Ltd.,Oil & Gas Drilling
NE,Noble Corporation plc,Oil & Gas Drilling
PDS,Precision Drilling Corporation,Oil & Gas Drilling
PTEN,"Patterson-UTI Energy, Inc.",Oil & Gas Drilling
RIG,Transocean Ltd.,Oil & Gas Drilling
SDRL,Seadrill Limited,Oil & Gas Drilling
SOC,Sable Offshore Corp.,Oil & Gas Drilling
BETR,Better Home & Finance Holding Company,Mortgage Finance
BETRW,Better Home & Finance Holding Company,Mortgage Finance
CNF,CNFinance Holdings Limited,Mortgage Finance
COOP,Mr. Cooper Group Inc.,Mortgage Finance
GHI,Greystone Housing Impact Investors LP,Mortgage Finance
GHLD,Guild Holdings Company,Mortgage Finance
IOR,"Income Opportunity Realty Investors, Inc.",Mortgage Finance
LDI,"loanDepot, Inc.",Mortgage Finance
ONIT,Onity Group Inc.,Mortgage Finance
PAPL,Pineapple Financial Inc.,Mortgage Finance
PFSI,"PennyMac Financial Services, Inc.",Mortgage Finance
RKT,"Rocket Companies, Inc.",Mortgage Finance
SNFCA,Security National Financial Corporation,Mortgage Finance
UWMC,UWM Holdings Corporation,Mortgage Finance
VEL,"Velocity Financial, Inc.",Mortgage Finance
WD,"Walker & Dunlop, Inc.",Mortgage Finance
AP,Ampco-Pittsburgh Corporation,Metal Fabrication
ATI,ATI Inc.,Metal Fabrication
CMPO,"CompoSecure, Inc.",Metal Fabrication
CRS,Carpenter Technology Corporation,Metal Fabrication
ESAB,ESAB Corporation,Metal Fabrication
GIFI,"Gulf Island Fabrication, Inc.",Metal Fabrication
HIHO,Highway Holdings Limited,Metal Fabrication
IIIN,"Insteel Industries, Inc.",Metal Fabrication
LUD,Luda Technology Group Limited,Metal Fabrication
MEC,"Mayville Engineering Company, Inc.",Metal Fabrication
MLI,"Mueller Industries, Inc.",Metal Fabrication
MTEN,Mingteng International Corporation Inc.,Metal Fabrication
NWPX,Northwest Pipe Company,Metal Fabrication
PRLB,"Proto Labs, Inc.",Metal Fabrication
RYI,Ryerson Holding Corporation,Metal Fabrication
SGBX,Safe & Green Holdings Corp.,Metal Fabrication
TG,Tredegar Corporation,Metal Fabrication
TPCS,TechPrecision Corporation,Metal Fabrication
TRSG,Tungray Technologies Inc.,Metal Fabrication
WOR,"Worthington Enterprises, Inc.",Metal Fabrication
AKYA,"Akoya Biosciences, Inc.",Medical Instruments & Supplies
ALC,Alcon Inc.,Medical Instruments & Supplies
ALGN,"Align Technology, Inc.",Medical Instruments & Supplies
ANGO,"AngioDynamics, Inc.",Medical Instruments & Supplies
ATR,"AptarGroup, Inc.",Medical Instruments & Supplies
ATRC,"AtriCure, Inc.",Medical Instruments & Supplies
AVR,Anteris Technologies Global Corp.,Medical Instruments & Supplies
AVTR,"Avantor, Inc.",Medical Instruments & Supplies
AZTA,"Azenta, Inc.",Medical Instruments & Supplies
BAX,Baxter International Inc.,Medical Instruments & Supplies
BDX,"Becton, Dickinson and Company",Medical Instruments & Supplies
BLCO,Bausch + Lomb Corporation,Medical Instruments & Supplies
BLFS,"BioLife Solutions, Inc.",Medical Instruments & Supplies
BNGO,"Bionano Genomics, Inc.",Medical Instruments & Supplies
COO,"The Cooper Companies, Inc.",Medical Instruments & Supplies
DXR,Daxor Corporation,Medical Instruments & Supplies
EKSO,"Ekso Bionics Holdings, Inc.",Medical Instruments & Supplies
EMBC,Embecta Corp.,Medical Instruments & Supplies
FEMY,Femasys Inc.,Medical Instruments & Supplies
GCTK,"GlucoTrack, Inc.",Medical Instruments & Supplies
HBIO,"Harvard Bioscience, Inc.",Medical Instruments & Supplies
HOLX,"Hologic, Inc.",Medical Instruments & Supplies
ICUI,"ICU Medical, Inc.",Medical Instruments & Supplies
INFU,"InfuSystem Holdings, Inc.",Medical Instruments & Supplies
ISRG,"Intuitive Surgical, Inc.",Medical Instruments & Supplies
KRMD,"KORU Medical Systems, Inc.",Medical Instruments & Supplies
LMAT,"LeMaitre Vascular, Inc.",Medical Instruments & Supplies
LUCY,"Innovative Eyewear, Inc.",Medical Instruments & Supplies
MBOT,Microbot Medical Inc.,Medical Instruments & Supplies
MHUA,"Meihua International Medical Technologies Co., Ltd.",Medical Instruments & Supplies
MLSS,Milestone Scientific Inc.,Medical Instruments & Supplies
MMSI,"Merit Medical Systems, Inc.",Medical Instruments & Supplies
NEPH,"Nephros, Inc.",Medical Instruments & Supplies
NVST,Envista Holdings Corporation,Medical Instruments & Supplies
NXGL,"NEXGEL, Inc.",Medical Instruments & Supplies
NYXH,Nyxoah SA,Medical Instruments & Supplies
OSUR,"OraSure Technologies, Inc.",Medical Instruments & Supplies
PDEX,"Pro-Dex, Inc.",Medical Instruments & Supplies
PLSE,"Pulse Biosciences, Inc.",Medical Instruments & Supplies
POAI,Predictive Oncology Inc.,Medical Instruments & Supplies
POCI,"Precision Optics Corporation, Inc.",Medical Instruments & Supplies
RGEN,Repligen Corporation,Medical Instruments & Supplies
RMD,ResMed Inc.,Medical Instruments & Supplies
RVP,"Retractable Technologies, Inc.",Medical Instruments & Supplies
SMTI,Sanara MedTech Inc.,Medical Instruments & Supplies
SOLV,Solventum Corporation,Medical Instruments & Supplies
STAA,STAAR Surgical Company,Medical Instruments & Supplies
STSS,"Sharps Technology, Inc.",Medical Instruments & Supplies
STVN,Stevanato Group S.p.A.,Medical Instruments & Supplies
STXS,"Stereotaxis, Inc.",Medical Instruments & Supplies
TFX,Teleflex Incorporated,Medical Instruments & Supplies
UTMD,"Utah Medical Products, Inc.",Medical Instruments & Supplies
WRBY,Warby Parker Inc.,Medical Instruments & Supplies
WST,"West Pharmaceutical Services, Inc.",Medical Instruments & Supplies
XRAY,DENTSPLY SIRONA Inc.,Medical Instruments & Supplies
ZJYL,Jin Medical International Ltd.,Medical Instruments & Supplies
ZTEK,Zentek Ltd.,Medical Instruments & Supplies
AHG,Akso Health Group,Medical Distribution
CAH,"Cardinal Health, Inc.",Medical Distribution
COR,"Cencora, Inc.",Medical Distribution
COSM,Cosmos Health Inc.,Medical Distribution
EDAP,EDAP TMS S.A.,Medical Distribution
HSIC,"Henry Schein, Inc.",Medical Distribution
MCK,McKesson Corporation,Medical Distribution
OMI,"Owens & Minor, Inc.",Medical Distribution
SNYR,Synergy CHC Corp.,Medical Distribution
WGRX,"Wellgistics Health, Inc.",Medical Distribution
YI,"111, Inc.",Medical Distribution
ZYXI,"Zynex, Inc.",Medical Distribution
ABT,Abbott Laboratories,Medical Devices
ADGM,"Adagio Medical Holdings, Inc.",Medical Devices
AEMD,"Aethlon Medical, Inc.",Medical Devices
AHCO,AdaptHealth Corp.,Medical Devices
AIMD,"Ainos, Inc.",Medical Devices
ALUR,Allurion Technologies Inc.,Medical Devices
AMIX,"Autonomix Medical, Inc.",Medical Devices
AORT,"Artivion, Inc.",Medical Devices
APYX,Apyx Medical Corporation,Medical Devices
ARAY,Accuray Incorporated,Medical Devices
ATEC,"Alphatec Holdings, Inc.",Medical Devices
AVNS,"Avanos Medical, Inc.",Medical Devices
AXDX,"Accelerate Diagnostics, Inc.",Medical Devices
AXGN,"Axogen, Inc.",Medical Devices
BBLG,Bone Biologics Corporation,Medical Devices
BBNX,"Beta Bionics, Inc.",Medical Devices
BDMD,Baird Medical Investment Holdings Limited,Medical Devices
BFLY,"Butterfly Network, Inc.",Medical Devices
BIO,"Bio-Rad Laboratories, Inc.",Medical Devices
BIO.B,"Bio-Rad Laboratories, Inc.",Medical Devices
BJDX,"Bluejay Diagnostics, Inc.",Medical Devices
BMRA,"Biomerica, Inc.",Medical Devices
BRKR,Bruker Corporation,Medical Devices
BSGM,"BioSig Technologies, Inc.",Medical Devices
BSX,Boston Scientific Corporation,Medical Devices
BVS,Bioventus Inc.,Medical Devices
BWAY,BrainsWay Ltd.,Medical Devices
CATX,"Perspective Therapeutics, Inc.",Medical Devices
CBLL,"CeriBell, Inc.",Medical Devices
CERS,Cerus Corporation,Medical Devices
CLPT,"ClearPoint Neuro, Inc.",Medical Devices
CNMD,CONMED Corporation,Medical Devices
COCH,"Envoy Medical, Inc.",Medical Devices
CODX,"Co-Diagnostics, Inc.",Medical Devices
CTKB,"Cytek Biosciences, Inc.",Medical Devices
CTSO,Cytosorbents Corporation,Medical Devices
CVRX,"CVRx, Inc.",Medical Devices
DCTH,"Delcath Systems, Inc.",Medical Devices
DHAI,"DIH Holding US, Inc.",Medical Devices
DXCM,"DexCom, Inc.",Medical Devices
ECOR,"electroCore, Inc.",Medical Devices
ELMD,"Electromed, Inc.",Medical Devices
ELUT,Elutia Inc.,Medical Devices
ENOV,Enovis Corporation,Medical Devices
ESTA,Establishment Labs Holdings Inc.,Medical Devices
EW,Edwards Lifesciences Corporation,Medical Devices
GKOS,Glaukos Corporation,Medical Devices
GMED,"Globus Medical, Inc.",Medical Devices
HAE,Haemonetics Corporation,Medical Devices
HSCS,HeartSciences Inc.,Medical Devices
HSDT,"Helius Medical Technologies, Inc.",Medical Devices
HYPR,"Hyperfine, Inc.",Medical Devices
IART,Integra LifeSciences Holdings Corporation,Medical Devices
ICAD,"iCAD, Inc.",Medical Devices
ICCM,IceCure Medical Ltd,Medical Devices
IINN,Inspira Technologies Oxy B.H.N. Ltd.,Medical Devices
INBS,Intelligent Bio Solutions Inc.,Medical Devices
INGN,"Inogen, Inc.",Medical Devices
INMD,InMode Ltd.,Medical Devices
INSP,"Inspire Medical Systems, Inc.",Medical Devices
IRIX,IRIDEX Corporation,Medical Devices
IRMD,IRADIMED CORPORATION,Medical Devices
IRTC,"iRhythm Technologies, Inc.",Medical Devices
ITGR,Integer Holdings Corporation,Medical Devices
KIDS,OrthoPediatrics Corp.,Medical Devices
KMTS,"Kestra Medical Technologies, Ltd.",Medical Devices
LAB,Standard BioTools Inc.,Medical Devices
LFWD,Lifeward Ltd.,Medical Devices
LIVN,LivaNova PLC,Medical Devices
LNSR,"LENSAR, Inc.",Medical Devices
LUCD,Lucid Diagnostics Inc.,Medical Devices
LUNG,Pulmonx Corporation,Medical Devices
MASI,Masimo Corporation,Medical Devices
MASS,908 Devices Inc.,Medical Devices
MDAI,"Spectral AI, Inc.",Medical Devices
MDT,Medtronic plc,Medical Devices
MGRM,Monogram Technologies Inc.,Medical Devices
MODD,"Modular Medical, Inc.",Medical Devices
MOVE,Movano Inc.,Medical Devices
MXCT,"MaxCyte, Inc.",Medical Devices
MYO,"Myomo, Inc.",Medical Devices
NAOV,"NanoVibronix, Inc.",Medical Devices
NMTC,NeuroOne Medical Technologies Corporation,Medical Devices
NNOX,Nano-X Imaging Ltd.,Medical Devices
NPCE,"NeuroPace, Inc.",Medical Devices
NSPR,"InspireMD, Inc.",Medical Devices
NSYS,Nortech Systems Incorporated,Medical Devices
NURO,"NeuroMetrix, Inc.",Medical Devices
NUWE,"Nuwellis, Inc.",Medical Devices
NVCR,NovoCure Limited,Medical Devices
NVNO,enVVeno Medical Corporation,Medical Devices
NXL,"Nexalin Technology, Inc.",Medical Devices
OFIX,Orthofix Medical Inc.,Medical Devices
OM,"Outset Medical, Inc.",Medical Devices
OWLT,"Owlet, Inc.",Medical Devices
PACB,"Pacific Biosciences of California, Inc.",Medical Devices
PAVM,PAVmed Inc.,Medical Devices
PEN,"Penumbra, Inc.",Medical Devices
PHG,Koninklijke Philips N.V.,Medical Devices
PODD,Insulet Corporation,Medical Devices
PRCT,PROCEPT BioRobotics Corporation,Medical Devices
PROF,Profound Medical Corp.,Medical Devices
PTHL,Pheton Holdings Ltd,Medical Devices
QDEL,QuidelOrtho Corporation,Medical Devices
QIPT,Quipt Home Medical Corp.,Medical Devices
QSI,Quantum-Si incorporated,Medical Devices
QTRX,Quanterix Corporation,Medical Devices
RBOT,Vicarious Surgical Inc.,Medical Devices
RCEL,"AVITA Medical, Inc.",Medical Devices
RPID,"Rapid Micro Biosystems, Inc.",Medical Devices
RSLS,ReShape Lifesciences Inc.,Medical Devices
RXST,"RxSight, Inc.",Medical Devices
SENS,"Senseonics Holdings, Inc.",Medical Devices
SERA,"Sera Prognostics, Inc.",Medical Devices
SGHT,"Sight Sciences, Inc.",Medical Devices
SIBN,"SI-BONE, Inc.",Medical Devices
SINT,"Sintx Technologies, Inc.",Medical Devices
SMLR,"Semler Scientific, Inc.",Medical Devices
SNN,Smith & Nephew plc,Medical Devices
SNWV,"SANUWAVE Health, Inc.",Medical Devices
SRDX,"Surmodics, Inc.",Medical Devices
SRTS,"Sensus Healthcare, Inc.",Medical Devices
SSII,"SS Innovations International, Inc.",Medical Devices
SSKN,"STRATA Skin Sciences, Inc.",Medical Devices
STE,STERIS plc,Medical Devices
SYK,Stryker Corporation,Medical Devices
TCMD,"Tactile Systems Technology, Inc.",Medical Devices
TELA,"TELA Bio, Inc.",Medical Devices
TIVC,"Tivic Health Systems, Inc.",Medical Devices
TLSI,"TriSalus Life Sciences, Inc.",Medical Devices
TMCI,"Treace Medical Concepts, Inc.",Medical Devices
TMDX,"TransMedics Group, Inc.",Medical Devices
TNDM,"Tandem Diabetes Care, Inc.",Medical Devices
TNON,"Tenon Medical, Inc.",Medical Devices
TRIB,Trinity Biotech plc,Medical Devices
UFPT,"UFP Technologies, Inc.",Medical Devices
VERO,Venus Concept Inc.,Medical Devices
VMD,"Viemed Healthcare, Inc.",Medical Devices
VNRX,VolitionRx Limited,Medical Devices
VREX,Varex Imaging Corporation,Medical Devices
VTAK,"Catheter Precision, Inc.",Medical Devices
VVOS,"Vivos Therapeutics, Inc.",Medical Devices
WOK,WORK Medical Technology Group LTD,Medical Devices
XAIR,"Beyond Air, Inc.",Medical Devices
XTNT,"Xtant Medical Holdings, Inc.",Medical Devices
XYLO,Xylo Technologies Ltd,Medical Devices
ZBH,"Zimmer Biomet Holdings, Inc.",Medical Devices
ZIMV,ZimVie Inc.,Medical Devices
ACHC,"Acadia Healthcare Company, Inc.",Medical Care Facilities
ADUS,Addus HomeCare Corporation,Medical Care Facilities
AGL,"agilon health, inc.",Medical Care Facilities
AIRS,"AirSculpt Technologies, Inc.",Medical Care Facilities
AMED,"Amedisys, Inc.",Medical Care Facilities
AMN,"AMN Healthcare Services, Inc.",Medical Care Facilities
AMS,American Shared Hospital Services,Medical Care Facilities
ARDT,"Ardent Health Partners, Inc.",Medical Care Facilities
ASTH,"Astrana Health, Inc.",Medical Care Facilities
AUNA,Auna S.A.,Medical Care Facilities
AVAH,Aveanna Healthcare Holdings Inc.,Medical Care Facilities
BKD,Brookdale Senior Living Inc.,Medical Care Facilities
BMGL,Basel Medical Group Ltd,Medical Care Facilities
BTMD,biote Corp.,Medical Care Facilities
CCEL,"Cryo-Cell International, Inc.",Medical Care Facilities
CCM,Concord Medical Services Holdings Limited,Medical Care Facilities
CCRN,"Cross Country Healthcare, Inc.",Medical Care Facilities
CHE,Chemed Corporation,Medical Care Facilities
CMPS,COMPASS Pathways plc,Medical Care Facilities
CON,"Concentra Group Holdings Parent, Inc.",Medical Care Facilities
CYH,"Community Health Systems, Inc.",Medical Care Facilities
DCGO,DocGo Inc.,Medical Care Facilities
DVA,DaVita Inc.,Medical Care Facilities
EHAB,"Enhabit, Inc.",Medical Care Facilities
EHC,Encompass Health Corporation,Medical Care Facilities
ENSG,"The Ensign Group, Inc.",Medical Care Facilities
FMS,Fresenius Medical Care AG,Medical Care Facilities
GRDN,"Guardian Pharmacy Services, Inc.",Medical Care Facilities
HCA,"HCA Healthcare, Inc.",Medical Care Facilities
HCSG,"Healthcare Services Group, Inc.",Medical Care Facilities
INNV,InnovAge Holding Corp.,Medical Care Facilities
JYNT,The Joint Corp.,Medical Care Facilities
KDLY,"Kindly MD, Inc.",Medical Care Facilities
LFST,"LifeStance Health Group, Inc.",Medical Care Facilities
MD,"Pediatrix Medical Group, Inc.",Medical Care Facilities
MODV,ModivCare Inc.,Medical Care Facilities
NHC,National HealthCare Corporation,Medical Care Facilities
NIVF,NewGenIvf Group Limited,Medical Care Facilities
NUTX,Nutex Health Inc.,Medical Care Facilities
OPCH,"Option Care Health, Inc.",Medical Care Facilities
PACS,"PACS Group, Inc.",Medical Care Facilities
PIII,P3 Health Partners Inc.,Medical Care Facilities
PNTG,"The Pennant Group, Inc.",Medical Care Facilities
SEM,Select Medical Holdings Corporation,Medical Care Facilities
SGRY,"Surgery Partners, Inc.",Medical Care Facilities
SNDA,"Sonida Senior Living, Inc.",Medical Care Facilities
THC,Tenet Healthcare Corporation,Medical Care Facilities
TOI,"The Oncology Institute, Inc.",Medical Care Facilities
UHS,"Universal Health Services, Inc.",Medical Care Facilities
USPH,"U.S. Physical Therapy, Inc.",Medical Care Facilities
IVF,"INVO Fertility, Inc.",Medical - Healthcare Plans
ASC,Ardmore Shipping Corporation,Marine Shipping
BWLP,BW LPG Limited,Marine Shipping
CCEC,Capital Clean Energy Carriers Corp.,Marine Shipping
CISS,C3is Inc.,Marine Shipping
CMRE,Costamare Inc.,Marine Shipping
CTRM,Castor Maritime Inc.,Marine Shipping
DAC,Danaos Corporation,Marine Shipping
DSX,Diana Shipping Inc.,Marine Shipping
ECO,Okeanis Eco Tankers Corp.,Marine Shipping
EDRY,EuroDry Ltd.,Marine Shipping
EHLD,Euroholdings Ltd.,Marine Shipping
ESEA,Euroseas Ltd.,Marine Shipping
GASS,StealthGas Inc.,Marine Shipping
GLBS,Globus Maritime Limited,Marine Shipping
GNK,Genco Shipping & Trading Limited,Marine Shipping
GOGL,Golden Ocean Group Limited,Marine Shipping
GSL,"Global Ship Lease, Inc.",Marine Shipping
HAFN,Hafnia Limited,Marine Shipping
HMR,Heidmar Maritime Holdings Corp.,Marine Shipping
HSHP,Himalaya Shipping Ltd.,Marine Shipping
HTCO,High-Trend International Group,Marine Shipping
ICON,Icon Energy Corp.,Marine Shipping
KEX,Kirby Corporation,Marine Shipping
MATX,"Matson, Inc.",Marine Shipping
NCT,Intercont (Cayman) Limited,Marine Shipping
NMM,Navios Maritime Partners L.P.,Marine Shipping
OP,OceanPal Inc.,Marine Shipping
PANL,"Pangaea Logistics Solutions, Ltd.",Marine Shipping
PSHG,Performance Shipping Inc.,Marine Shipping
SB,"Safe Bulkers, Inc.",Marine Shipping
SBLK,Star Bulk Carriers Corp.,Marine Shipping
SFL,SFL Corporation Ltd.,Marine Shipping
SHIP,Seanergy Maritime Holdings Corp.,Marine Shipping
SMHI,SEACOR Marine Holdings Inc.,Marine Shipping
TORO,Toro Corp.,Marine Shipping
UFG,Uni-Fuels Holdings Limited,Marine Shipping
USEA,United Maritime Corporation,Marine Shipping
ZIM,ZIM Integrated Shipping Services Ltd.,Marine Shipping
BGI,Birks Group Inc.,Luxury Goods
BRLT,"Brilliant Earth Group, Inc.",Luxury Goods
CPRI,Capri Holdings Limited,Luxury Goods
ELA,Envela Corporation,Luxury Goods
LANV,Lanvin Group Holdings Limited,Luxury Goods
MOV,"Movado Group, Inc.",Luxury Goods
MYTE,MYT Netherlands Parent B.V.,Luxury Goods
REAL,"The RealReal, Inc.",Luxury Goods
SIG,Signet Jewelers Limited,Luxury Goods
TOPW,Top Win International Limited,Luxury Goods
TPR,"Tapestry, Inc.",Luxury Goods
BCC,Boise Cascade Company,Lumber & Wood Production
JCTC,Jewett-Cameron Trading Company Ltd.,Lumber & Wood Production
NWGL,Nature Wood Group Limited,Lumber & Wood Production
SSD,"Simpson Manufacturing Co., Inc.",Lumber & Wood Production
UFPI,"UFP Industries, Inc.",Lumber & Wood Production
WFG,West Fraser Timber Co. Ltd.,Lumber & Wood Production
ATAT,Atour Lifestyle Holdings Limited,Lodging
CHH,"Choice Hotels International, Inc.",Lodging
CVEO,Civeo Corporation,Lodging
GHG,GreenTree Hospitality Group Ltd.,Lodging
H,Hyatt Hotels Corporation,Lodging
HLT,Hilton Worldwide Holdings Inc.,Lodging
HTHT,H World Group Limited,Lodging
IHG,InterContinental Hotels Group PLC,Lodging
INTG,The InterGroup Corporation,Lodging
MAR,"Marriott International, Inc.",Lodging
SHCO,Soho House & Co Inc.,Lodging
SOND,Sonder Holdings Inc.,Lodging
WH,"Wyndham Hotels & Resorts, Inc.",Lodging
AGH,Aureus Greenway Holdings Inc.,Leisure
AOUT,"American Outdoor Brands, Inc.",Leisure
AS,"Amer Sports, Inc.",Leisure
CLAR,Clarus Corporation,Leisure
DOGZ,Dogness (International) Corporation,Leisure
ESCA,"Escalade, Incorporated",Leisure
FNKO,"Funko, Inc.",Leisure
FUN,Six Flags Entertainment Corporation,Leisure
GDHG,Golden Heaven Group Holdings Ltd.,Leisure
GOLF,Acushnet Holdings Corp.,Leisure
HAS,"Hasbro, Inc.",Leisure
HWH,HWH International Inc.,Leisure
JAKK,"JAKKS Pacific, Inc.",Leisure
JOUT,Johnson Outdoors Inc.,Leisure
LTH,"Life Time Group Holdings, Inc.",Leisure
MAT,"Mattel, Inc.",Leisure
MMA,Mixed Martial Arts Group Limited,Leisure
MODG,Topgolf Callaway Brands Corp.,Leisure
MSGE,Madison Square Garden Entertainment Corp.,Leisure
NWTG,"Newton Golf Company, Inc.",Leisure
OSW,OneSpaWorld Holdings Limited,Leisure
PLBY,"PLBY Group, Inc.",Leisure
PLNT,"Planet Fitness, Inc.",Leisure
PRKS,United Parks & Resorts Inc.,Leisure
PTON,"Peloton Interactive, Inc.",Leisure
SRM,"SRM Entertainment, Inc.",Leisure
XPOF,"Xponential Fitness, Inc.",Leisure
YETI,"YETI Holdings, Inc.",Leisure
YYAI,Connexa Sports Technologies Inc.,Leisure
AMZN,"Amazon.com, Inc.",Internet Retail
BABA,Alibaba Group Holding Limited,Internet Retail
BYON,"Beyond, Inc.",Internet Retail
BZUN,Baozun Inc.,Internet Retail
CART,Maplebear Inc.,Internet Retail
CHWY,"Chewy, Inc.",Internet Retail
CPNG,"Coupang, Inc.",Internet Retail
DADA,Dada Nexus Limited,Internet Retail
DIBS,"1stdibs.Com, Inc.",Internet Retail
EBAY,eBay Inc.,Internet Retail
ETSY,"Etsy, Inc.",Internet Retail
GLBE,Global-E Online Ltd.,Internet Retail
HEPS,D-Market Elektronik Hizmetler ve Ticaret A.S.,Internet Retail
HOUR,"Hour Loop, Inc.",Internet Retail
IPW,iPower Inc.,Internet Retail
JD,"JD.com, Inc.",Internet Retail
JFBR,Jeffs' Brands Ltd,Internet Retail
JMIA,Jumia Technologies AG,Internet Retail
JWEL,Jowell Global Ltd.,Internet Retail
LGCB,Linkage Global Inc,Internet Retail
LOGC,ContextLogic Inc.,Internet Retail
LQDT,"Liquidity Services, Inc.",Internet Retail
MELI,"MercadoLibre, Inc.",Internet Retail
MI,NFT Limited,Internet Retail
MOGU,MOGU Inc.,Internet Retail
NEGG,"Newegg Commerce, Inc.",Internet Retail
NHTC,Natural Health Trends Corp.,Internet Retail
OCG,Oriental Culture Holding LTD,Internet Retail
PDD,PDD Holdings Inc.,Internet Retail
QVCGA,QVC Group Inc.,Internet Retail
QVCGB,QVC Group Inc.,Internet Retail
RERE,ATRenew Inc.,Internet Retail
RVLV,"Revolve Group, Inc.",Internet Retail
SE,Sea Limited,Internet Retail
TDUP,ThredUp Inc.,Internet Retail
VIPS,Vipshop Holdings Limited,Internet Retail
W,Wayfair Inc.,Internet Retail
WNW,Meiwu Technology Company Limited,Internet Retail
YJ,Yunji Inc.,Internet Retail
ZKH,ZKH Group Limited,Internet Retail
ANGI,Angi Inc.,Internet Content & Information
AREN,"The Arena Group Holdings, Inc.",Internet Content & Information
ASST,Asset Entities Inc.,Internet Content & Information
ATHM,Autohome Inc.,Internet Content & Information
BIDU,"Baidu, Inc.",Internet Content & Information
BILI,Bilibili Inc.,Internet Content & Information
BMBL,Bumble Inc.,Internet Content & Information
BODI,"The Beachbody Company, Inc.",Internet Content & Information
BZ,Kanzhun Limited,Internet Content & Information
BZFD,"BuzzFeed, Inc.",Internet Content & Information
CCG,Cheche Group Inc.,Internet Content & Information
CMCM,Cheetah Mobile Inc.,Internet Content & Information
DASH,"DoorDash, Inc.",Internet Content & Information
DGLY,"Digital Ally, Inc.",Internet Content & Information
DJT,Trump Media & Technology Group Corp.,Internet Content & Information
DOYU,DouYu International Holdings Limited,Internet Content & Information
EB,"Eventbrite, Inc.",Internet Content & Information
EVER,"EverQuote, Inc.",Internet Content & Information
FENG,Phoenix New Media Limited,Internet Content & Information
FVRR,Fiverr International Ltd.,Internet Content & Information
GENI,Genius Sports Limited,Internet Content & Information
GETY,"Getty Images Holdings, Inc.",Internet Content & Information
GIFT,"Giftify, Inc.",Internet Content & Information
GITS,"Global Interactive Technologies, Inc.",Internet Content & Information
GOOG,Alphabet Inc.,Internet Content & Information
GOOGL,Alphabet Inc.,Internet Content & Information
GRPN,"Groupon, Inc.",Internet Content & Information
IAC,IAC Inc.,Internet Content & Information
IZEA,"IZEA Worldwide, Inc.",Internet Content & Information
JFIN,Jiayin Group Inc.,Internet Content & Information
JOYY,JOYY Inc.,Internet Content & Information
KIND,"Nextdoor Holdings, Inc.",Internet Content & Information
LCFY,Locafy Limited,Internet Content & Information
MAX,"MediaAlpha, Inc.",Internet Content & Information
META,"Meta Platforms, Inc.",Internet Content & Information
MNY,MoneyHero Limited,Internet Content & Information
MOMO,Hello Group Inc.,Internet Content & Information
MTCH,"Match Group, Inc.",Internet Content & Information
NAMI,Jinxin Technology Holding Company,Internet Content & Information
NBIS,Nebius Group N.V.,Internet Content & Information
NRDS,"NerdWallet, Inc.",Internet Content & Information
OB,Outbrain Inc.,Internet Content & Information
ONFO,"Onfolio Holdings, Inc.",Internet Content & Information
OPRA,Opera Limited,Internet Content & Information
PERI,Perion Network Ltd.,Internet Content & Information
PINS,"Pinterest, Inc.",Internet Content & Information
PODC,"PodcastOne, Inc.",Internet Content & Information
RDDT,"Reddit, Inc.",Internet Content & Information
RUM,Rumble Inc.,Internet Content & Information
SCOR,"comScore, Inc.",Internet Content & Information
SEAT,Vivid Seats Inc.,Internet Content & Information
SLE,"Super League Enterprise, Inc.",Internet Content & Information
SNAP,Snap Inc.,Internet Content & Information
SOGP,Sound Group Inc.,Internet Content & Information
SPOT,Spotify Technology S.A.,Internet Content & Information
SSTK,"Shutterstock, Inc.",Internet Content & Information
STBX,Starbox Group Holdings Ltd.,Internet Content & Information
TBLA,Taboola.com Ltd.,Internet Content & Information
THRY,"Thryv Holdings, Inc.",Internet Content & Information
TME,Tencent Music Entertainment Group,Internet Content & Information
TRUE,"TrueCar, Inc.",Internet Content & Information
TRVG,trivago N.V.,Internet Content & Information
UPWK,Upwork Inc.,Internet Content & Information
UPXI,"Upexi, Inc.",Internet Content & Information
WB,Weibo Corporation,Internet Content & Information
WBTN,WEBTOON Entertainment Inc.,Internet Content & Information
YELP,Yelp Inc.,Internet Content & Information
Z,"Zillow Group, Inc.",Internet Content & Information
ZDGE,"Zedge, Inc.",Internet Content & Information
ZG,"Zillow Group, Inc.",Internet Content & Information
ZH,Zhihu Inc.,Internet Content & Information
ATXG,Addentax Group Corp.,Integrated Freight & Logistics
BTOC,Armlogi Holding Corp.,Integrated Freight & Logistics
CHRW,"C.H. Robinson Worldwide, Inc.",Integrated Freight & Logistics
CJMB,Callan JMB Inc.,Integrated Freight & Logistics
CRGO,Freightos Limited,Integrated Freight & Logistics
CYRX,"Cryoport, Inc.",Integrated Freight & Logistics
EXPD,"Expeditors International of Washington, Inc.",Integrated Freight & Logistics
FDX,FedEx Corporation,Integrated Freight & Logistics
FLX,BingEx Limited,Integrated Freight & Logistics
FWRD,Forward Air Corporation,Integrated Freight & Logistics
GVH,Globavend Holdings Limited,Integrated Freight & Logistics
GXO,"GXO Logistics, Inc.",Integrated Freight & Logistics
HUBG,"Hub Group, Inc.",Integrated Freight & Logistics
JBHT,"J.B. Hunt Transport Services, Inc.",Integrated Freight & Logistics
JYD,Jayud Global Logistics Limited,Integrated Freight & Logistics
LSH,Lakeside Holding Limited,Integrated Freight & Logistics
LSTR,"Landstar System, Inc.",Integrated Freight & Logistics
NCEW,New Century Logistics (BVI) Limited,Integrated Freight & Logistics
PAL,"Proficient Auto Logistics, Inc.",Integrated Freight & Logistics
PBI,Pitney Bowes Inc.,Integrated Freight & Logistics
PSIG,PS International Group Ltd.,Integrated Freight & Logistics
RLGT,"Radiant Logistics, Inc.",Integrated Freight & Logistics
SFWL,Shengfeng Development Limited,Integrated Freight & Logistics
SGLY,Singularity Future Technology Ltd.,Integrated Freight & Logistics
UPS,"United Parcel Service, Inc.",Integrated Freight & Logistics
ZTO,ZTO Express (Cayman) Inc.,Integrated Freight & Logistics
AIFU,AIFU Inc.,Insurance Brokers
AJG,Arthur J. Gallagher & Co.,Insurance Brokers
AON,Aon plc,Insurance Brokers
BRO,"Brown & Brown, Inc.",Insurance Brokers
BWIN,"The Baldwin Insurance Group, Inc.",Insurance Brokers
CRD.A,Crawford & Company,Insurance Brokers
CRD.B,Crawford & Company,Insurance Brokers
CRVL,CorVel Corporation,Insurance Brokers
EHTH,"eHealth, Inc.",Insurance Brokers
ERIE,Erie Indemnity Company,Insurance Brokers
GOCO,"GoHealth, Inc.",Insurance Brokers
GSHD,"Goosehead Insurance, Inc",Insurance Brokers
HUIZ,Huize Holding Limited,Insurance Brokers
MMC,"Marsh & McLennan Companies, Inc.",Insurance Brokers
RELI,"Reliance Global Group, Inc.",Insurance Brokers
SLQT,"SelectQuote, Inc.",Insurance Brokers
TIRX,Tian Ruixiang Holdings Ltd,Insurance Brokers
TWFG,"TWFG, Inc.",Insurance Brokers
WTW,Willis Towers Watson Public Limited Company,Insurance Brokers
XHG,XChange TEC.INC,Insurance Brokers
ZBAO,Zhibao Technology Inc.,Insurance Brokers
ACT,"Enact Holdings, Inc.",Insurance - Specialty
AGO,Assured Guaranty Ltd.,Insurance - Specialty
AMBC,"Ambac Financial Group, Inc.",Insurance - Specialty
AMSF,"AMERISAFE, Inc.",Insurance - Specialty
AXS,AXIS Capital Holdings Limited,Insurance - Specialty
EIG,"Employers Holdings, Inc.",Insurance - Specialty
ESNT,Essent Group Ltd.,Insurance - Specialty
FAF,First American Financial Corporation,Insurance - Specialty
FNF,"Fidelity National Financial, Inc.",Insurance - Specialty
ITIC,Investors Title Company,Insurance - Specialty
JRVR,"James River Group Holdings, Ltd.",Insurance - Specialty
MBI,MBIA Inc.,Insurance - Specialty
MTG,MGIC Investment Corporation,Insurance - Specialty
NMIH,"NMI Holdings, Inc.",Insurance - Specialty
RDN,Radian Group Inc.,Insurance - Specialty
RYAN,"Ryan Specialty Holdings, Inc.",Insurance - Specialty
TIPT,Tiptree Inc.,Insurance - Specialty
EG,"Everest Group, Ltd.",Insurance - Reinsurance
GLRE,"Greenlight Capital Re, Ltd.",Insurance - Reinsurance
HG,"Hamilton Insurance Group, Ltd.",Insurance - Reinsurance
MHLD,"Maiden Holdings, Ltd.",Insurance - Reinsurance
OXBR,Oxbridge Re Holdings Limited,Insurance - Reinsurance
RGA,"Reinsurance Group of America, Incorporated",Insurance - Reinsurance
RNR,RenaissanceRe Holdings Ltd.,Insurance - Reinsurance
SPNT,SiriusPoint Ltd.,Insurance - Reinsurance
ACIC,American Coastal Insurance Corporation,Insurance - Property & Casualty
AFG,"American Financial Group, Inc.",Insurance - Property & Casualty
AIZ,"Assurant, Inc.",Insurance - Property & Casualty
ALL,The Allstate Corporation,Insurance - Property & Casualty
BOW,Bowhead Specialty Holdings Inc.,Insurance - Property & Casualty
CB,Chubb Limited,Insurance - Property & Casualty
CINF,Cincinnati Financial Corporation,Insurance - Property & Casualty
CNA,CNA Financial Corporation,Insurance - Property & Casualty
CNFR,"Conifer Holdings, Inc.",Insurance - Property & Casualty
DGICA,Donegal Group Inc.,Insurance - Property & Casualty
DGICB,Donegal Group Inc.,Insurance - Property & Casualty
GBLI,"Global Indemnity Group, LLC",Insurance - Property & Casualty
HCI,"HCI Group, Inc.",Insurance - Property & Casualty
HGTY,"Hagerty, Inc.",Insurance - Property & Casualty
HIG,"The Hartford Insurance Group, Inc.",Insurance - Property & Casualty
HIPO,Hippo Holdings Inc.,Insurance - Property & Casualty
HMN,Horace Mann Educators Corporation,Insurance - Property & Casualty
HRTG,"Heritage Insurance Holdings, Inc.",Insurance - Property & Casualty
KINS,"Kingstone Companies, Inc.",Insurance - Property & Casualty
KMPR,Kemper Corporation,Insurance - Property & Casualty
KNSL,"Kinsale Capital Group, Inc.",Insurance - Property & Casualty
L,Loews Corporation,Insurance - Property & Casualty
LMND,"Lemonade, Inc.",Insurance - Property & Casualty
MCY,Mercury General Corporation,Insurance - Property & Casualty
MKL,Markel Group Inc.,Insurance - Property & Casualty
NODK,"NI Holdings, Inc.",Insurance - Property & Casualty
ORI,Old Republic International Corporation,Insurance - Property & Casualty
PGR,The Progressive Corporation,Insurance - Property & Casualty
PLMR,"Palomar Holdings, Inc.",Insurance - Property & Casualty
PRA,ProAssurance Corporation,Insurance - Property & Casualty
RLI,RLI Corp.,Insurance - Property & Casualty
ROOT,"Root, Inc.",Insurance - Property & Casualty
SAFT,"Safety Insurance Group, Inc.",Insurance - Property & Casualty
SIGI,"Selective Insurance Group, Inc.",Insurance - Property & Casualty
SKWD,"Skyward Specialty Insurance Group, Inc.",Insurance - Property & Casualty
STC,Stewart Information Services Corporation,Insurance - Property & Casualty
THG,"The Hanover Insurance Group, Inc.",Insurance - Property & Casualty
TRUP,"Trupanion, Inc.",Insurance - Property & Casualty
TRV,"The Travelers Companies, Inc.",Insurance - Property & Casualty
UFCS,"United Fire Group, Inc.",Insurance - Property & Casualty
UVE,"Universal Insurance Holdings, Inc.",Insurance - Property & Casualty
WRB,W. R. Berkley Corporation,Insurance - Property & Casualty
WTM,"White Mountains Insurance Group, Ltd.",Insurance - Property & Casualty
AAME,Atlantic American Corporation,Insurance - Life
ABL,"Abacus Global Management, Inc.",Insurance - Life
AFL,Aflac Incorporated,Insurance - Life
BHF,"Brighthouse Financial, Inc.",Insurance - Life
CIA,"Citizens, Inc.",Insurance - Life
CNO,"CNO Financial Group, Inc.",Insurance - Life
FG,"F&G Annuities & Life, Inc.",Insurance - Life
GL,Globe Life Inc.,Insurance - Life
GNW,"Genworth Financial, Inc.",Insurance - Life
JXN,Jackson Financial Inc.,Insurance - Life
LNC,Lincoln National Corporation,Insurance - Life
MET,"MetLife, Inc.",Insurance - Life
MFC,Manulife Financial Corporation,Insurance - Life
PRI,"Primerica, Inc.",Insurance - Life
PRU,"Prudential Financial, Inc.",Insurance - Life
PUK,Prudential plc,Insurance - Life
UNM,Unum Group,Insurance - Life
ACGL,Arch Capital Group Ltd.,Insurance - Diversified
AEG,Aegon Ltd.,Insurance - Diversified
AIG,"American International Group, Inc.",Insurance - Diversified
BNT,Brookfield Wealth Solutions Ltd.,Insurance - Diversified
BRK.A,Berkshire Hathaway Inc.,Insurance - Diversified
BRK.B,Berkshire Hathaway Inc.,Insurance - Diversified
ESGR,Enstar Group Limited,Insurance - Diversified
FGF,Fundamental Global Inc.,Insurance - Diversified
FIHL,Fidelis Insurance Holdings Limited,Insurance - Diversified
IGIC,International General Insurance Holdings Ltd.,Insurance - Diversified
SLF,Sun Life Financial Inc.,Insurance - Diversified
WDH,Waterdrop Inc.,Insurance - Diversified
YB,Yuanbao Inc.,Insurance - Diversified
BEEP,Mobile Infrastructure Corporation,Infrastructure Operations
FER,Ferrovial SE,Infrastructure Operations
PHOE,Phoenix Asia Holdings Limited,Infrastructure Operations
ACN,Accenture plc,Information Technology Services
APLD,Applied Digital Corporation,Information Technology Services
ARBB,ARB IOT Group Limited,Information Technology Services
ASGN,ASGN Incorporated,Information Technology Services
AUR,"Aurora Innovation, Inc.",Information Technology Services
BBAI,"BigBear.ai Holdings, Inc.",Information Technology Services
BR,"Broadridge Financial Solutions, Inc.",Information Technology Services
BTCM,BIT Mining Limited,Information Technology Services
CACI,CACI International Inc,Information Technology Services
CDW,CDW Corporation,Information Technology Services
CLPS,CLPS Incorporation,Information Technology Services
CLVT,Clarivate Plc,Information Technology Services
CNDT,Conduent Incorporated,Information Technology Services
CNXC,Concentrix Corporation,Information Technology Services
CSPI,CSP Inc.,Information Technology Services
CTLP,"Cantaloupe, Inc.",Information Technology Services
CTM,"Castellum, Inc.",Information Technology Services
CTSH,Cognizant Technology Solutions Corporation,Information Technology Services
CYCU,"Cycurion, Inc.",Information Technology Services
DMRC,Digimarc Corporation,Information Technology Services
DTST,Data Storage Corporation,Information Technology Services
DXC,DXC Technology Company,Information Technology Services
EPAM,"EPAM Systems, Inc.",Information Technology Services
EXLS,"ExlService Holdings, Inc.",Information Technology Services
FI,"Fiserv, Inc.",Information Technology Services
FIS,"Fidelity National Information Services, Inc.",Information Technology Services
FORTY,Formula Systems (1985) Ltd.,Information Technology Services
G,Genpact Limited,Information Technology Services
GDS,GDS Holdings Limited,Information Technology Services
GDYN,"Grid Dynamics Holdings, Inc.",Information Technology Services
GIB,CGI Inc.,Information Technology Services
GLE,Global Engine Group Holding Limited,Information Technology Services
GLOB,Globant S.A.,Information Technology Services
GMM,Global Mofy AI Limited,Information Technology Services
HCKT,"The Hackett Group, Inc.",Information Technology Services
IBEX,IBEX Limited,Information Technology Services
IBM,International Business Machines Corporation,Information Technology Services
III,"Information Services Group, Inc.",Information Technology Services
INFY,Infosys Limited,Information Technology Services
INGM,Ingram Micro Holding Corporation,Information Technology Services
INOD,Innodata Inc.,Information Technology Services
IT,"Gartner, Inc.",Information Technology Services
JDZG,JIADE Limited,Information Technology Services
JFU,9F Inc.,Information Technology Services
JKHY,"Jack Henry & Associates, Inc.",Information Technology Services
JZ,Jianzhi Education Technology Group Company Limited,Information Technology Services
KD,"Kyndryl Holdings, Inc.",Information Technology Services
LDOS,"Leidos Holdings, Inc.",Information Technology Services
MFH,Mercurity Fintech Holding Inc.,Information Technology Services
MGIC,Magic Software Enterprises Ltd.,Information Technology Services
NABL,"N-able, Inc.",Information Technology Services
NOTE,"FiscalNote Holdings, Inc.",Information Technology Services
PENG,"Penguin Solutions, Inc.",Information Technology Services
PONY,Pony AI Inc.,Information Technology Services
PSN,Parsons Corporation,Information Technology Services
SAIC,Science Applications International Corporation,Information Technology Services
SAIH,SAIHEAT Limited,Information Technology Services
TASK,"TaskUs, Inc.",Information Technology Services
TDTH,Trident Digital Tech Holdings Ltd,Information Technology Services
TSSI,"TSS, Inc.",Information Technology Services
TTEC,"TTEC Holdings, Inc.",Information Technology Services
TTGT,"TechTarget, Inc.",Information Technology Services
UIS,Unisys Corporation,Information Technology Services
VEEA,Veea Inc.,Information Technology Services
VNET,"VNET Group, Inc.",Information Technology Services
VRRM,Verra Mobility Corporation,Information Technology Services
VYX,NCR Voyix Corporation,Information Technology Services
WIT,Wipro Limited,Information Technology Services
WNS,WNS (Holdings) Limited,Information Technology Services
WYY,WidePoint Corporation,Information Technology Services
XRX,Xerox Holdings Corporation,Information Technology Services
AIT,"Applied Industrial Technologies, Inc.",Industrial Distribution
BECN,"Beacon Roofing Supply, Inc.",Industrial Distribution
BXC,BlueLinx Holdings Inc.,Industrial Distribution
CNM,"Core & Main, Inc.",Industrial Distribution
DNOW,DNOW Inc.,Industrial Distribution
DSGR,"Distribution Solutions Group, Inc.",Industrial Distribution
DXPE,"DXP Enterprises, Inc.",Industrial Distribution
EVI,"EVI Industries, Inc.",Industrial Distribution
FAST,Fastenal Company,Industrial Distribution
FERG,Ferguson Enterprises Inc.,Industrial Distribution
GIC,Global Industrial Company,Industrial Distribution
GWW,"W.W. Grainger, Inc.",Industrial Distribution
MSM,"MSC Industrial Direct Co., Inc.",Industrial Distribution
POOL,Pool Corporation,Industrial Distribution
REZI,"Resideo Technologies, Inc.",Industrial Distribution
SITE,"SiteOne Landscape Supply, Inc.",Industrial Distribution
TITN,Titan Machinery Inc.,Industrial Distribution
TRNS,"Transcat, Inc.",Industrial Distribution
WCC,"WESCO International, Inc.",Industrial Distribution
WSO,"Watsco, Inc.",Industrial Distribution
WSO.B,"Watsco, Inc.",Industrial Distribution
ACU,Acme United Corporation,Household & Personal Products
CHD,"Church & Dwight Co., Inc.",Household & Personal Products
CL,Colgate-Palmolive Company,Household & Personal Products
CLX,The Clorox Company,Household & Personal Products
COTY,Coty Inc.,Household & Personal Products
DSY,Big Tree Cloud Holdings Limited,Household & Personal Products
EL,The Estée Lauder Companies Inc.,Household & Personal Products
ELF,"e.l.f. Beauty, Inc.",Household & Personal Products
EPC,Edgewell Personal Care Company,Household & Personal Products
EWCZ,"European Wax Center, Inc.",Household & Personal Products
GROV,"Grove Collaborative Holdings, Inc.",Household & Personal Products
HELE,Helen of Troy Limited,Household & Personal Products
HIMS,"Hims & Hers Health, Inc.",Household & Personal Products
HNST,"The Honest Company, Inc.",Household & Personal Products
IPAR,"Interparfums, Inc.",Household & Personal Products
KMB,Kimberly-Clark Corporation,Household & Personal Products
KVUE,Kenvue Inc.,Household & Personal Products
NUS,"Nu Skin Enterprises, Inc.",Household & Personal Products
NWL,Newell Brands Inc.,Household & Personal Products
PG,The Procter & Gamble Company,Household & Personal Products
PHH,"Park Ha Biological Technology Co., Ltd.",Household & Personal Products
RAY,Raytech Holding Limited,Household & Personal Products
SKIN,The Beauty Health Company,Household & Personal Products
SLSN,"Solesence, Inc.",Household & Personal Products
SPB,"Spectrum Brands Holdings, Inc.",Household & Personal Products
TANH,Tantech Holdings Ltd,Household & Personal Products
UG,"United-Guardian, Inc.",Household & Personal Products
UL,Unilever PLC,Household & Personal Products
XAGE,"Longevity Health Holdings, Inc.",Household & Personal Products
YSG,Yatsen Holding Limited,Household & Personal Products
FND,"Floor & Decor Holdings, Inc.",Home Improvement Retail
HD,"The Home Depot, Inc.",Home Improvement Retail
HVT,"Haverty Furniture Companies, Inc.",Home Improvement Retail
HVT.A,"Haverty Furniture Companies, Inc.",Home Improvement Retail
KIRK,"Kirkland's, Inc.",Home Improvement Retail
LIVE,Live Ventures Incorporated,Home Improvement Retail
LOW,"Lowe's Companies, Inc.",Home Improvement Retail
TTSH,"Tile Shop Holdings, Inc.",Home Improvement Retail
ALHC,"Alignment Healthcare, Inc.",Healthcare Plans
CI,The Cigna Group,Healthcare Plans
CLOV,"Clover Health Investments, Corp.",Healthcare Plans
CNC,Centene Corporation,Healthcare Plans
CVS,CVS Health Corporation,Healthcare Plans
ELV,"Elevance Health, Inc.",Healthcare Plans
HUM,Humana Inc.,Healthcare Plans
MOH,"Molina Healthcare, Inc.",Healthcare Plans
NEUE,"NeueHealth, Inc.",Healthcare Plans
OSCR,"Oscar Health, Inc.",Healthcare Plans
PGNY,"Progyny, Inc.",Healthcare Plans
UNH,UnitedHealth Group Incorporated,Healthcare Plans
ACON,"Aclarion, Inc.",Health Information Services
AMWL,American Well Corporation,Health Information Services
BEAT,"HeartBeam, Inc.",Health Information Services
BFRG,"Bullfrog AI Holdings, Inc.",Health Information Services
BTSG,"BrightSpring Health Services, Inc.",Health Information Services
CCLD,"CareCloud, Inc.",Health Information Services
CERT,"Certara, Inc.",Health Information Services
CTEV,Claritev Corporation,Health Information Services
DH,Definitive Healthcare Corp.,Health Information Services
DOCS,"Doximity, Inc.",Health Information Services
DRIO,DarioHealth Corp.,Health Information Services
EUDA,EUDA Health Holdings Limited,Health Information Services
EVH,"Evolent Health, Inc.",Health Information Services
FORA,Forian Inc.,Health Information Services
FOXO,FOXO Technologies Inc.,Health Information Services
GDRX,"GoodRx Holdings, Inc.",Health Information Services
GEHC,GE HealthCare Technologies Inc.,Health Information Services
HCAT,"Health Catalyst, Inc.",Health Information Services
HCTI,"Healthcare Triangle, Inc.",Health Information Services
HQY,"HealthEquity, Inc.",Health Information Services
HSTM,"HealthStream, Inc.",Health Information Services
ICCT,iCoreConnect Inc.,Health Information Services
LFMD,"LifeMD, Inc.",Health Information Services
LGMK,"LogicMark, Inc.",Health Information Services
MGRX,"Mangoceuticals, Inc.",Health Information Services
MNDR,Mobile-health Network Solutions,Health Information Services
MSPR,"MSP Recovery, Inc.",Health Information Services
NRC,National Research Corporation,Health Information Services
OMCL,"Omnicell, Inc.",Health Information Services
ONMD,OneMedNet Corporation,Health Information Services
OPRX,OptimizeRx Corporation,Health Information Services
OTRK,"Ontrak, Inc.",Health Information Services
PHLT,"Performant Healthcare, Inc.",Health Information Services
PHR,"Phreesia, Inc.",Health Information Services
PINC,"Premier, Inc.",Health Information Services
PRVA,"Privia Health Group, Inc.",Health Information Services
SDGR,"Schrödinger, Inc.",Health Information Services
SLP,"Simulations Plus, Inc.",Health Information Services
SOPH,SOPHiA GENETICS SA,Health Information Services
SPOK,"Spok Holdings, Inc.",Health Information Services
STRM,"Streamline Health Solutions, Inc.",Health Information Services
SY,So-Young International Inc.,Health Information Services
TALK,"Talkspace, Inc.",Health Information Services
TBRG,"TruBridge, Inc.",Health Information Services
TDOC,"Teladoc Health, Inc.",Health Information Services
TEM,"Tempus AI, Inc.",Health Information Services
TXG,"10x Genomics, Inc.",Health Information Services
VEEV,Veeva Systems Inc.,Health Information Services
VSEE,"VSee Health, Inc.",Health Information Services
WAY,Waystar Holding Corp.,Health Information Services
WEAV,"Weave Communications, Inc.",Health Information Services
WORX,SCWorx Corp.,Health Information Services
ZCMD,Zhongchao Inc.,Health Information Services
ACI,"Albertsons Companies, Inc.",Grocery Stores
DDL,Dingdong (Cayman) Limited,Grocery Stores
DNUT,"Krispy Kreme, Inc.",Grocery Stores
GO,Grocery Outlet Holding Corp.,Grocery Stores
IMKTA,"Ingles Markets, Incorporated",Grocery Stores
KR,The Kroger Co.,Grocery Stores
MSS,Maison Solutions Inc.,Grocery Stores
NGVC,"Natural Grocers by Vitamin Cottage, Inc.",Grocery Stores
SFM,"Sprouts Farmers Market, Inc.",Grocery Stores
VLGEA,"Village Super Market, Inc.",Grocery Stores
WMK,"Weis Markets, Inc.",Grocery Stores
AEM,Agnico Eagle Mines Limited,Gold
AGI,Alamos Gold Inc.,Gold
ARMN,Aris Mining Corporation,Gold
AU,AngloGold Ashanti plc,Gold
AUST,Austin Gold Corp.,Gold
BTG,B2Gold Corp.,Gold
CDE,"Coeur Mining, Inc.",Gold
CGAU,Centerra Gold Inc.,Gold
CMCL,Caledonia Mining Corporation Plc,Gold
CNL,Collective Mining Ltd.,Gold
CTGO,"Contango Ore, Inc.",Gold
DC,Dakota Gold Corp.,Gold
DRD,DRDGOLD Limited,Gold
EGO,Eldorado Gold Corporation,Gold
EQX,Equinox Gold Corp.,Gold
FNV,Franco-Nevada Corporation,Gold
FSM,Fortuna Mining Corp.,Gold
GAU,Galiano Gold Inc.,Gold
GFI,Gold Fields Limited,Gold
GLDG,GoldMining Inc.,Gold
GOLD,Barrick Gold Corporation,Gold
GORO,Gold Resource Corporation,Gold
GROY,Gold Royalty Corp.,Gold
HMY,Harmony Gold Mining Company Limited,Gold
HYMC,Hycroft Mining Holding Corporation,Gold
IAG,IAMGOLD Corporation,Gold
IAUX,i-80 Gold Corp.,Gold
IDR,"Idaho Strategic Resources, Inc.",Gold
KGC,Kinross Gold Corporation,Gold
NEM,Newmont Corporation,Gold
NFGC,New Found Gold Corp.,Gold
NG,NovaGold Resources Inc.,Gold
NGD,New Gold Inc.,Gold
ODV,Osisko Development Corp.,Gold
OR,Osisko Gold Royalties Ltd,Gold
ORLA,Orla Mining Ltd.,Gold
PAAS,Pan American Silver Corp.,Gold
PZG,Paramount Gold Nevada Corp.,Gold
RGLD,"Royal Gold, Inc.",Gold
SA,Seabridge Gold Inc.,Gold
SAND,Sandstorm Gold Ltd.,Gold
SSRM,SSR Mining Inc.,Gold
THM,International Tower Hill Mines Ltd.,Gold
TRX,TRX Gold Corporation,Gold
USAU,U.S. Gold Corp.,Gold
VGZ,Vista Gold Corp.,Gold
WPM,Wheaton Precious Metals Corp.,Gold
ACEL,"Accel Entertainment, Inc.",Gambling
AGS,"PlayAGS, Inc.",Gambling
BRAG,Bragg Gaming Group Inc.,Gambling
CDRO,"Codere Online Luxembourg, S.A.",Gambling
CHDN,Churchill Downs Incorporated,Gambling
CPHC,Canterbury Park Holding Corporation,Gambling
DKNG,DraftKings Inc.,Gambling
EVRI,Everi Holdings Inc.,Gambling
FLUT,Flutter Entertainment plc,Gambling
GAMB,Gambling.com Group Limited,Gambling
GAN,GAN Limited,Gambling
IGT,International Game Technology PLC,Gambling
INSE,"Inspired Entertainment, Inc.",Gambling
LNW,"Light & Wonder, Inc.",Gambling
LTRY,Lottery.com Inc.,Gambling
ROLR,"High Roller Technologies, Inc.",Gambling
RSI,"Rush Street Interactive, Inc.",Gambling
SBET,"SharpLink Gaming, Inc.",Gambling
SGHC,Super Group (SGHC) Limited,Gambling
AMWD,American Woodmark Corporation,"Furnishings, Fixtures & Appliances"
ATER,"Aterian, Inc.","Furnishings, Fixtures & Appliances"
BSET,"Bassett Furniture Industries, Incorporated","Furnishings, Fixtures & Appliances"
COOK,"Traeger, Inc.","Furnishings, Fixtures & Appliances"
CRWS,"Crown Crafts, Inc.","Furnishings, Fixtures & Appliances"
EFOI,"Energy Focus, Inc.","Furnishings, Fixtures & Appliances"
ETD,Ethan Allen Interiors Inc.,"Furnishings, Fixtures & Appliances"
FGI,FGI Industries Ltd.,"Furnishings, Fixtures & Appliances"
FLXS,"Flexsteel Industries, Inc.","Furnishings, Fixtures & Appliances"
HBB,Hamilton Beach Brands Holding Company,"Furnishings, Fixtures & Appliances"
HNI,HNI Corporation,"Furnishings, Fixtures & Appliances"
HOFT,Hooker Furnishings Corporation,"Furnishings, Fixtures & Appliances"
IRBT,iRobot Corporation,"Furnishings, Fixtures & Appliances"
KEQU,Kewaunee Scientific Corporation,"Furnishings, Fixtures & Appliances"
LCUT,"Lifetime Brands, Inc.","Furnishings, Fixtures & Appliances"
LEG,"Leggett & Platt, Incorporated","Furnishings, Fixtures & Appliances"
LOVE,The Lovesac Company,"Furnishings, Fixtures & Appliances"
LZB,La-Z-Boy Incorporated,"Furnishings, Fixtures & Appliances"
MBC,"MasterBrand, Inc.","Furnishings, Fixtures & Appliances"
MHK,"Mohawk Industries, Inc.","Furnishings, Fixtures & Appliances"
MLKN,"MillerKnoll, Inc.","Furnishings, Fixtures & Appliances"
NCL,Northann Corp.,"Furnishings, Fixtures & Appliances"
NTZ,Natuzzi S.p.A.,"Furnishings, Fixtures & Appliances"
NVFY,"Nova LifeStyle, Inc.","Furnishings, Fixtures & Appliances"
OESX,"Orion Energy Systems, Inc.","Furnishings, Fixtures & Appliances"
PATK,"Patrick Industries, Inc.","Furnishings, Fixtures & Appliances"
PRPL,"Purple Innovation, Inc.","Furnishings, Fixtures & Appliances"
SCS,Steelcase Inc.,"Furnishings, Fixtures & Appliances"
SGI,Somnigroup International Inc.,"Furnishings, Fixtures & Appliances"
SN,"SharkNinja, Inc.","Furnishings, Fixtures & Appliances"
SNBR,Sleep Number Corporation,"Furnishings, Fixtures & Appliances"
TILE,"Interface, Inc.","Furnishings, Fixtures & Appliances"
VIOT,"Viomi Technology Co., Ltd","Furnishings, Fixtures & Appliances"
VIRC,Virco Mfg. Corporation,"Furnishings, Fixtures & Appliances"
WHR,Whirlpool Corporation,"Furnishings, Fixtures & Appliances"
AREB,"American Rebel Holdings, Inc.",Footwear & Accessories
BIRK,Birkenstock Holding plc,Footwear & Accessories
CROX,"Crocs, Inc.",Footwear & Accessories
DBI,Designer Brands Inc.,Footwear & Accessories
DECK,Deckers Outdoor Corporation,Footwear & Accessories
FORD,"Forward Industries, Inc.",Footwear & Accessories
FOSL,"Fossil Group, Inc.",Footwear & Accessories
NKE,"NIKE, Inc.",Footwear & Accessories
ONON,On Holding AG,Footwear & Accessories
RCKY,"Rocky Brands, Inc.",Footwear & Accessories
SHOO,"Steven Madden, Ltd.",Footwear & Accessories
SKX,"Skechers U.S.A., Inc.",Footwear & Accessories
VRA,"Vera Bradley, Inc.",Footwear & Accessories
WEYS,"Weyco Group, Inc.",Footwear & Accessories
WWW,"Wolverine World Wide, Inc.",Footwear & Accessories
ANDE,"The Andersons, Inc.",Food Distribution
AVO,"Mission Produce, Inc.",Food Distribution
CHEF,"The Chefs' Warehouse, Inc.",Food Distribution
CVGW,"Calavo Growers, Inc.",Food Distribution
DIT,AMCON Distributing Company,Food Distribution
HFFG,HF Foods Group Inc.,Food Distribution
MTEX,"Mannatech, Incorporated",Food Distribution
PFGC,Performance Food Group Company,Food Distribution
SPTN,SpartanNash Company,Food Distribution
SYY,Sysco Corporation,Food Distribution
TWG,Top Wealth Group Holding Limited,Food Distribution
UNFI,"United Natural Foods, Inc.",Food Distribution
USFD,US Foods Holding Corp.,Food Distribution
WILC,G. Willi-Food International Ltd.,Food Distribution
BTOG,Bit Origin Ltd,Financial Data & Stock Exchanges
CBOE,"Cboe Global Markets, Inc.",Financial Data & Stock Exchanges
CME,CME Group Inc.,Financial Data & Stock Exchanges
COIN,"Coinbase Global, Inc.",Financial Data & Stock Exchanges
DNB,"Dun & Bradstreet Holdings, Inc.",Financial Data & Stock Exchanges
FDS,FactSet Research Systems Inc.,Financial Data & Stock Exchanges
ICE,"Intercontinental Exchange, Inc.",Financial Data & Stock Exchanges
MCO,Moody's Corporation,Financial Data & Stock Exchanges
MKTW,"MarketWise, Inc.",Financial Data & Stock Exchanges
MORN,"Morningstar, Inc.",Financial Data & Stock Exchanges
MSCI,MSCI Inc.,Financial Data & Stock Exchanges
NDAQ,"Nasdaq, Inc.",Financial Data & Stock Exchanges
SPGI,S&P Global Inc.,Financial Data & Stock Exchanges
TRU,TransUnion,Financial Data & Stock Exchanges
VALU,"Value Line, Inc.",Financial Data & Stock Exchanges
FRHC,Freedom Holding Corp.,Financial Conglomerates
HTH,Hilltop Holdings Inc.,Financial Conglomerates
IX,ORIX Corporation,Financial Conglomerates
MSDL,Morgan Stanley Direct Lending Fund,Financial Conglomerates
RILY,"B. Riley Financial, Inc.",Financial Conglomerates
RILYP,"B. Riley Financial, Inc.",Financial Conglomerates
TREE,"LendingTree, Inc.",Financial Conglomerates
VOYA,"Voya Financial, Inc.",Financial Conglomerates
CURR,CURRENC Group Inc.,Financial - Credit Services
ADM,Archer-Daniels-Midland Company,Farm Products
AFRI,Forafric Global PLC,Farm Products
AGRI,AgriFORCE Growing Systems Ltd.,Farm Products
AGRO,Adecoagro S.A.,Farm Products
ALCO,"Alico, Inc.",Farm Products
AQB,"AquaBounty Technologies, Inc.",Farm Products
BG,Bunge Global SA,Farm Products
CALM,"Cal-Maine Foods, Inc.",Farm Products
DOLE,Dole plc,Farm Products
DTCK,Davis Commodities Limited,Farm Products
EDBL,Edible Garden AG Incorporated,Farm Products
FDP,Fresh Del Monte Produce Inc.,Farm Products
LMNR,Limoneira Company,Farm Products
LND,BrasilAgro - Companhia Brasileira de Propriedades Agrícolas,Farm Products
LOCL,Local Bounti Corporation,Farm Products
PFAI,Pinnacle Food Group Limited,Farm Products
SDOT,Sadot Group Inc.,Farm Products
SFD,"Smithfield Foods, Inc.",Farm Products
SISI,"Shineco, Inc.",Farm Products
TSN,"Tyson Foods, Inc.",Farm Products
VFF,"Village Farms International, Inc.",Farm Products
VITL,"Vital Farms, Inc.",Farm Products
AGCO,AGCO Corporation,Farm & Heavy Construction Machinery
AGFY,Agrify Corporation,Farm & Heavy Construction Machinery
ALG,Alamo Group Inc.,Farm & Heavy Construction Machinery
ARTW,"Art's-Way Manufacturing Co., Inc.",Farm & Heavy Construction Machinery
ASTE,"Astec Industries, Inc.",Farm & Heavy Construction Machinery
BLBD,Blue Bird Corporation,Farm & Heavy Construction Machinery
CAT,Caterpillar Inc.,Farm & Heavy Construction Machinery
CEAD,CEA Industries Inc.,Farm & Heavy Construction Machinery
CMCO,Columbus McKinnon Corporation,Farm & Heavy Construction Machinery
CNH,CNH Industrial N.V.,Farm & Heavy Construction Machinery
DE,Deere & Company,Farm & Heavy Construction Machinery
GENC,"Gencor Industries, Inc.",Farm & Heavy Construction Machinery
GP,GreenPower Motor Company Inc.,Farm & Heavy Construction Machinery
HY,"Hyster-Yale, Inc.",Farm & Heavy Construction Machinery
HYFM,"Hydrofarm Holdings Group, Inc.",Farm & Heavy Construction Machinery
LNN,Lindsay Corporation,Farm & Heavy Construction Machinery
MTW,"The Manitowoc Company, Inc.",Farm & Heavy Construction Machinery
OSK,Oshkosh Corporation,Farm & Heavy Construction Machinery
PCAR,PACCAR Inc,Farm & Heavy Construction Machinery
REVG,"REV Group, Inc.",Farm & Heavy Construction Machinery
SHYF,"The Shyft Group, Inc.",Farm & Heavy Construction Machinery
TEX,Terex Corporation,Farm & Heavy Construction Machinery
TWI,"Titan International, Inc.",Farm & Heavy Construction Machinery
UGRO,"urban-gro, Inc.",Farm & Heavy Construction Machinery
WNC,Wabash National Corporation,Farm & Heavy Construction Machinery
XOS,"Xos, Inc.",Farm & Heavy Construction Machinery
ADD,"Color Star Technology Co., Ltd.",Entertainment
AENT,Alliance Entertainment Holding Corporation,Entertainment
AGAE,Allied Gaming & Entertainment Inc.,Entertainment
AMC,"AMC Entertainment Holdings, Inc.",Entertainment
AMCX,AMC Networks Inc.,Entertainment
ANGH,Anghami Inc.,Entertainment
BATRA,"Atlanta Braves Holdings, Inc.",Entertainment
BATRK,"Atlanta Braves Holdings, Inc.",Entertainment
BLMZ,BloomZ Inc.,Entertainment
BREA,Brera Holdings PLC,Entertainment
CNK,"Cinemark Holdings, Inc.",Entertainment
CNVS,Cineverse Corp.,Entertainment
CPOP,"Pop Culture Group Co., Ltd",Entertainment
DIS,The Walt Disney Company,Entertainment
FOX,Fox Corporation,Entertainment
FOXA,Fox Corporation,Entertainment
FWONA,Formula One Group,Entertainment
FWONK,Formula One Group,Entertainment
GAIA,"Gaia, Inc.",Entertainment
HOFV,Hall of Fame Resort & Entertainment Company,Entertainment
HUYA,HUYA Inc.,Entertainment
IMAX,IMAX Corporation,Entertainment
IQ,"iQIYI, Inc.",Entertainment
KUKE,Kuke Music Holding Limited,Entertainment
LGF.A,Lions Gate Entertainment Corp.,Entertainment
LGF.B,Lions Gate Entertainment Corp.,Entertainment
LLYVA,Liberty Live Group,Entertainment
LLYVK,Liberty Live Group,Entertainment
LVO,"LiveOne, Inc.",Entertainment
LYV,"Live Nation Entertainment, Inc.",Entertainment
MANU,Manchester United plc,Entertainment
MCS,The Marcus Corporation,Entertainment
MPU,Mega Matrix Inc.,Entertainment
MSGS,Madison Square Garden Sports Corp.,Entertainment
NFLX,"Netflix, Inc.",Entertainment
NIPG,NIP Group Inc.,Entertainment
NWS,News Corporation,Entertainment
NWSA,News Corporation,Entertainment
PARA,Paramount Global,Entertainment
PARAA,Paramount Global,Entertainment
PLAY,"Dave & Buster's Entertainment, Inc.",Entertainment
RDI,"Reading International, Inc.",Entertainment
RDIB,"Reading International, Inc.",Entertainment
ROKU,"Roku, Inc.",Entertainment
RSVR,"Reservoir Media, Inc.",Entertainment
SIRI,Sirius XM Holdings Inc.,Entertainment
SPHR,Sphere Entertainment Co.,Entertainment
TKO,"TKO Group Holdings, Inc.",Entertainment
TOON,Kartoon Studios Inc.,Entertainment
WBD,"Warner Bros. Discovery, Inc.",Entertainment
WMG,Warner Music Group Corp.,Entertainment
ACA,"Arcosa, Inc.",Engineering & Construction
ACM,AECOM,Engineering & Construction
AGX,"Argan, Inc.",Engineering & Construction
AMRC,"Ameresco, Inc.",Engineering & Construction
APG,APi Group Corporation,Engineering & Construction
BBCP,"Concrete Pumping Holdings, Inc.",Engineering & Construction
BLD,TopBuild Corp.,Engineering & Construction
BLNK,Blink Charging Co.,Engineering & Construction
BWMN,Bowman Consulting Group Ltd.,Engineering & Construction
CDLR,Cadeler A/S,Engineering & Construction
DY,"Dycom Industries, Inc.",Engineering & Construction
ECG,"Everus Construction Group, Inc.",Engineering & Construction
EME,"EMCOR Group, Inc.",Engineering & Construction
ESOA,Energy Services of America Corporation,Engineering & Construction
EXPO,"Exponent, Inc.",Engineering & Construction
FBGL,FBS Global Limited,Engineering & Construction
FGL,Founder Group Limited,Engineering & Construction
FIX,"Comfort Systems USA, Inc.",Engineering & Construction
FLR,Fluor Corporation,Engineering & Construction
GLDD,Great Lakes Dredge & Dock Corporation,Engineering & Construction
GVA,Granite Construction Incorporated,Engineering & Construction
IESC,"IES Holdings, Inc.",Engineering & Construction
J,Jacobs Solutions Inc.,Engineering & Construction
JUNE,Junee Limited,Engineering & Construction
KBR,"KBR, Inc.",Engineering & Construction
MIMI,Mint Incorporation Limited,Engineering & Construction
MSW,Ming Shing Group Holdings Limited,Engineering & Construction
MTRX,Matrix Service Company,Engineering & Construction
MTZ,"MasTec, Inc.",Engineering & Construction
MYRG,MYR Group Inc.,Engineering & Construction
NVEE,"NV5 Global, Inc.",Engineering & Construction
ONEG,OneConstruction Group Limited,Engineering & Construction
ORN,"Orion Group Holdings, Inc.",Engineering & Construction
PGHL,Primega Group Holdings Limited,Engineering & Construction
PRIM,Primoris Services Corporation,Engineering & Construction
PWR,"Quanta Services, Inc.",Engineering & Construction
RITR,Reitar Logtech Holdings Limited,Engineering & Construction
ROAD,"Construction Partners, Inc.",Engineering & Construction
SHIM,Shimmick Corporation,Engineering & Construction
SKBL,Skyline Builders Group Holding Limited,Engineering & Construction
SKK,SKK Holdings Limited,Engineering & Construction
SLND,"Southland Holdings, Inc.",Engineering & Construction
STN,Stantec Inc.,Engineering & Construction
STRL,"Sterling Infrastructure, Inc.",Engineering & Construction
TIC,Acuren Corporation,Engineering & Construction
TPC,Tutor Perini Corporation,Engineering & Construction
TTEK,"Tetra Tech, Inc.",Engineering & Construction
VATE,INNOVATE Corp.,Engineering & Construction
WLDN,"Willdan Group, Inc.",Engineering & Construction
WLGS,"WANG & LEE GROUP, Inc.",Engineering & Construction
ARW,"Arrow Electronics, Inc.",Electronics & Computer Distribution
AVT,"Avnet, Inc.",Electronics & Computer Distribution
CIIT,"Tianci International, Inc.",Electronics & Computer Distribution
CLMB,"Climb Global Solutions, Inc.",Electronics & Computer Distribution
CNXN,"PC Connection, Inc.",Electronics & Computer Distribution
IZM,ICZOOM Group Inc.,Electronics & Computer Distribution
NSIT,"Insight Enterprises, Inc.",Electronics & Computer Distribution
SCSC,"ScanSource, Inc.",Electronics & Computer Distribution
SNX,TD SYNNEX Corporation,Electronics & Computer Distribution
TAIT,Taitron Components Incorporated,Electronics & Computer Distribution
BHAT,Blue Hat Interactive Entertainment Technology,Electronic Gaming & Multimedia
DDI,"DoubleDown Interactive Co., Ltd.",Electronic Gaming & Multimedia
EA,Electronic Arts Inc.,Electronic Gaming & Multimedia
GAME,"GameSquare Holdings, Inc.",Electronic Gaming & Multimedia
GCL,GCL Global Holdings Ltd,Electronic Gaming & Multimedia
GDC,GD Culture Group Limited,Electronic Gaming & Multimedia
GDEV,GDEV Inc.,Electronic Gaming & Multimedia
GIGM,GigaMedia Limited,Electronic Gaming & Multimedia
GMGI,"Golden Matrix Group, Inc.",Electronic Gaming & Multimedia
GMHS,Gamehaus Holdings Inc.,Electronic Gaming & Multimedia
GRVY,"Gravity Co., Ltd.",Electronic Gaming & Multimedia
GXAI,Gaxos.ai Inc.,Electronic Gaming & Multimedia
MSGM,Motorsport Games Inc.,Electronic Gaming & Multimedia
MYPS,"PLAYSTUDIOS, Inc.",Electronic Gaming & Multimedia
NTES,"NetEase, Inc.",Electronic Gaming & Multimedia
PLTK,Playtika Holding Corp.,Electronic Gaming & Multimedia
RBLX,Roblox Corporation,Electronic Gaming & Multimedia
SKLZ,Skillz Inc.,Electronic Gaming & Multimedia
SNAL,"Snail, Inc.",Electronic Gaming & Multimedia
SOHU,Sohu.com Limited,Electronic Gaming & Multimedia
TBH,"Brag House Holdings, Inc.",Electronic Gaming & Multimedia
TRUG,"TruGolf Holdings, Inc.",Electronic Gaming & Multimedia
TTWO,"Take-Two Interactive Software, Inc.",Electronic Gaming & Multimedia
ALNT,Allient Inc.,Electronic Components
APH,Amphenol Corporation,Electronic Components
BELFA,Bel Fuse Inc.,Electronic Components
BELFB,Bel Fuse Inc.,Electronic Components
BHE,"Benchmark Electronics, Inc.",Electronic Components
CLS,Celestica Inc.,Electronic Components
CPSH,CPS Technologies Corporation,Electronic Components
CTS,CTS Corporation,Electronic Components
DAIO,Data I/O Corporation,Electronic Components
DAKT,"Daktronics, Inc.",Electronic Components
DSWL,"Deswell Industries, Inc.",Electronic Components
ELTK,Eltek Ltd.,Electronic Components
FLEX,Flex Ltd.,Electronic Components
FN,Fabrinet,Electronic Components
GAUZ,Gauzy Ltd.,Electronic Components
GLW,Corning Incorporated,Electronic Components
HOLO,MicroCloud Hologram Inc.,Electronic Components
IMTE,Integrated Media Technology Limited,Electronic Components
JBL,Jabil Inc.,Electronic Components
KN,Knowles Corporation,Electronic Components
KOPN,Kopin Corporation,Electronic Components
KULR,"KULR Technology Group, Inc.",Electronic Components
LFUS,"Littelfuse, Inc.",Electronic Components
LINK,"Interlink Electronics, Inc.",Electronic Components
LPTH,"LightPath Technologies, Inc.",Electronic Components
LYTS,LSI Industries Inc.,Electronic Components
MEI,"Methode Electronics, Inc.",Electronic Components
MPTI,"M-tron Industries, Inc.",Electronic Components
MTEK,Maris-Tech Ltd.,Electronic Components
NEON,Neonode Inc.,Electronic Components
OLED,Universal Display Corporation,Electronic Components
OPTX,"Syntec Optics Holdings, Inc.",Electronic Components
OSIS,"OSI Systems, Inc.",Electronic Components
OST,"Ostin Technology Group Co., Ltd.",Electronic Components
OUST,"Ouster, Inc.",Electronic Components
PLXS,Plexus Corp.,Electronic Components
REFR,Research Frontiers Incorporated,Electronic Components
RELL,"Richardson Electronics, Ltd.",Electronic Components
ROG,Rogers Corporation,Electronic Components
SANM,Sanmina Corporation,Electronic Components
SELX,Semilux International Ltd.,Electronic Components
SGMA,"SigmaTron International, Inc.",Electronic Components
TEL,TE Connectivity plc,Electronic Components
TTMI,"TTM Technologies, Inc.",Electronic Components
VICR,Vicor Corporation,Electronic Components
WBX,Wallbox N.V.,Electronic Components
ADN,"Advent Technologies Holdings, Inc.",Electrical Equipment & Parts
ADSE,ADS-TEC Energy PLC,Electrical Equipment & Parts
AEIS,"Advanced Energy Industries, Inc.",Electrical Equipment & Parts
AMPX,"Amprius Technologies, Inc.",Electrical Equipment & Parts
APWC,Asia Pacific Wire & Cable Corporation Limited,Electrical Equipment & Parts
ATKR,Atkore Inc.,Electrical Equipment & Parts
AYI,Acuity Inc.,Electrical Equipment & Parts
BE,Bloom Energy Corporation,Electrical Equipment & Parts
CBAT,"CBAK Energy Technology, Inc.",Electrical Equipment & Parts
CCTG,CCSC Technology International Holdings Limited,Electrical Equipment & Parts
DFLI,Dragonfly Energy Holdings Corp.,Electrical Equipment & Parts
EAF,GrafTech International Ltd.,Electrical Equipment & Parts
ELPW,Elong Power Holding Limited,Electrical Equipment & Parts
ELVA,Electrovaya Inc.,Electrical Equipment & Parts
ENGS,Energys Group Limited,Electrical Equipment & Parts
ENR,"Energizer Holdings, Inc.",Electrical Equipment & Parts
ENS,EnerSys,Electrical Equipment & Parts
ENVX,Enovix Corporation,Electrical Equipment & Parts
EOSE,"Eos Energy Enterprises, Inc.",Electrical Equipment & Parts
EPOW,"Sunrise New Energy Co., Ltd.",Electrical Equipment & Parts
ESP,Espey Mfg. & Electronics Corp.,Electrical Equipment & Parts
FCEL,"FuelCell Energy, Inc.",Electrical Equipment & Parts
FLUX,"Flux Power Holdings, Inc.",Electrical Equipment & Parts
GWH,"ESS Tech, Inc.",Electrical Equipment & Parts
HAYW,"Hayward Holdings, Inc.",Electrical Equipment & Parts
HUBB,Hubbell Incorporated,Electrical Equipment & Parts
IPWR,Ideal Power Inc.,Electrical Equipment & Parts
KE,"Kimball Electronics, Inc.",Electrical Equipment & Parts
LNKS,Linkers Industries Limited,Electrical Equipment & Parts
LTBR,Lightbridge Corporation,Electrical Equipment & Parts
NEOV,NeoVolta Inc.,Electrical Equipment & Parts
NVT,nVent Electric plc,Electrical Equipment & Parts
NVX,NOVONIX Limited,Electrical Equipment & Parts
PLPC,Preformed Line Products Company,Electrical Equipment & Parts
PLUG,Plug Power Inc.,Electrical Equipment & Parts
POLA,"Polar Power, Inc.",Electrical Equipment & Parts
POWL,"Powell Industries, Inc.",Electrical Equipment & Parts
PPSI,"Pioneer Power Solutions, Inc.",Electrical Equipment & Parts
RAYA,Erayak Power Solution Group Inc.,Electrical Equipment & Parts
RFIL,"RF Industries, Ltd.",Electrical Equipment & Parts
SDST,Stardust Power Inc.,Electrical Equipment & Parts
SKYX,SKYX Platforms Corp.,Electrical Equipment & Parts
STI,Solidion Technology Inc.,Electrical Equipment & Parts
TE,T1 Energy Inc.,Electrical Equipment & Parts
ULBI,Ultralife Corporation,Electrical Equipment & Parts
VRT,Vertiv Holdings Co,Electrical Equipment & Parts
XPON,Expion360 Inc.,Electrical Equipment & Parts
AACG,ATA Creativity Global,Education & Training Services
AFYA,Afya Limited,Education & Training Services
AMBO,Ambow Education Holding Ltd.,Education & Training Services
APEI,"American Public Education, Inc.",Education & Training Services
ATGE,Adtalem Global Education Inc.,Education & Training Services
BEDU,Bright Scholar Education Holdings Limited,Education & Training Services
CHGG,"Chegg, Inc.",Education & Training Services
CLEU,China Liberal Education Holdings Limited,Education & Training Services
COE,51Talk Online Education Group,Education & Training Services
COUR,"Coursera, Inc.",Education & Training Services
DAO,"Youdao, Inc.",Education & Training Services
EDTK,Skillful Craftsman Education Technology Limited,Education & Training Services
EDU,New Oriental Education & Technology Group Inc.,Education & Training Services
EEIQ,EpicQuest Education Group International Limited,Education & Training Services
FC,Franklin Covey Co.,Education & Training Services
FEDU,Four Seasons Education (Cayman) Inc.,Education & Training Services
GHC,Graham Holdings Company,Education & Training Services
GNS,Genius Group Limited,Education & Training Services
GOTU,Gaotu Techedu Inc.,Education & Training Services
GSUN,Golden Sun Health Technology Group Limited,Education & Training Services
GV,Visionary Holdings Inc.,Education & Training Services
IH,iHuman Inc.,Education & Training Services
KIDZ,"Classover Holdings, Inc.",Education & Training Services
KLC,"KinderCare Learning Companies, Inc.",Education & Training Services
LAUR,"Laureate Education, Inc.",Education & Training Services
LGCY,Legacy Education Inc.,Education & Training Services
LINC,Lincoln Educational Services Corporation,Education & Training Services
LOPE,"Grand Canyon Education, Inc.",Education & Training Services
LRN,"Stride, Inc.",Education & Training Services
LXEH,"Lixiang Education Holding Co., Ltd.",Education & Training Services
MYND,"Mynd.ai, Inc.",Education & Training Services
PRDO,Perdoceo Education Corporation,Education & Training Services
QSG,QuantaSing Group Limited,Education & Training Services
SKIL,Skillsoft Corp.,Education & Training Services
STG,Sunlands Technology Group,Education & Training Services
STRA,"Strategic Education, Inc.",Education & Training Services
TAL,TAL Education Group,Education & Training Services
UDMY,"Udemy, Inc.",Education & Training Services
UTI,"Universal Technical Institute, Inc.",Education & Training Services
VSA,TCTM Kids IT Education Inc.,Education & Training Services
VSTA,Vasta Platform Limited,Education & Training Services
WAFU,Wah Fu Education Group Limited,Education & Training Services
YQ,17 Education & Technology Group Inc.,Education & Training Services
ACB,Aurora Cannabis Inc.,Drug Manufacturers - Specialty & Generic
AKAN,Akanda Corp.,Drug Manufacturers - Specialty & Generic
AKBA,"Akebia Therapeutics, Inc.",Drug Manufacturers - Specialty & Generic
ALKS,Alkermes plc,Drug Manufacturers - Specialty & Generic
ALVO,Alvotech,Drug Manufacturers - Specialty & Generic
AMPH,"Amphastar Pharmaceuticals, Inc.",Drug Manufacturers - Specialty & Generic
AMRX,"Amneal Pharmaceuticals, Inc.",Drug Manufacturers - Specialty & Generic
ANIK,"Anika Therapeutics, Inc.",Drug Manufacturers - Specialty & Generic
ANIP,"ANI Pharmaceuticals, Inc.",Drug Manufacturers - Specialty & Generic
AQST,"Aquestive Therapeutics, Inc.",Drug Manufacturers - Specialty & Generic
ASRT,"Assertio Holdings, Inc.",Drug Manufacturers - Specialty & Generic
AVDL,Avadel Pharmaceuticals plc,Drug Manufacturers - Specialty & Generic
AYTU,"Aytu BioPharma, Inc.",Drug Manufacturers - Specialty & Generic
BCRX,"BioCryst Pharmaceuticals, Inc.",Drug Manufacturers - Specialty & Generic
BFRI,Biofrontera Inc.,Drug Manufacturers - Specialty & Generic
BGM,BGM Group Ltd.,Drug Manufacturers - Specialty & Generic
BHC,Bausch Health Companies Inc.,Drug Manufacturers - Specialty & Generic
BIOA,"BioAge Labs, Inc.",Drug Manufacturers - Specialty & Generic
CGC,Canopy Growth Corporation,Drug Manufacturers - Specialty & Generic
COLL,"Collegium Pharmaceutical, Inc.",Drug Manufacturers - Specialty & Generic
CPHI,"China Pharma Holdings, Inc.",Drug Manufacturers - Specialty & Generic
CPIX,Cumberland Pharmaceuticals Inc.,Drug Manufacturers - Specialty & Generic
CRDL,Cardiol Therapeutics Inc.,Drug Manufacturers - Specialty & Generic
CRON,Cronos Group Inc.,Drug Manufacturers - Specialty & Generic
CTOR,"Citius Oncology, Inc.",Drug Manufacturers - Specialty & Generic
DERM,Journey Medical Corporation,Drug Manufacturers - Specialty & Generic
DRRX,DURECT Corporation,Drug Manufacturers - Specialty & Generic
DVAX,Dynavax Technologies Corporation,Drug Manufacturers - Specialty & Generic
EBS,Emergent BioSolutions Inc.,Drug Manufacturers - Specialty & Generic
ELAN,Elanco Animal Health Incorporated,Drug Manufacturers - Specialty & Generic
EOLS,"Evolus, Inc.",Drug Manufacturers - Specialty & Generic
ESPR,"Esperion Therapeutics, Inc.",Drug Manufacturers - Specialty & Generic
ETON,"Eton Pharmaceuticals, Inc.",Drug Manufacturers - Specialty & Generic
EVO,Evotec SE,Drug Manufacturers - Specialty & Generic
EVOK,"Evoke Pharma, Inc.",Drug Manufacturers - Specialty & Generic
FLGC,Flora Growth Corp.,Drug Manufacturers - Specialty & Generic
GELS,Gelteq Limited,Drug Manufacturers - Specialty & Generic
HCM,HUTCHMED (China) Limited,Drug Manufacturers - Specialty & Generic
HLN,Haleon plc,Drug Manufacturers - Specialty & Generic
HROW,"Harrow, Inc.",Drug Manufacturers - Specialty & Generic
IMCC,IM Cannabis Corp.,Drug Manufacturers - Specialty & Generic
INCR,InterCure Ltd.,Drug Manufacturers - Specialty & Generic
INDV,Indivior PLC,Drug Manufacturers - Specialty & Generic
INM,InMed Pharmaceuticals Inc.,Drug Manufacturers - Specialty & Generic
IRWD,"Ironwood Pharmaceuticals, Inc.",Drug Manufacturers - Specialty & Generic
IXHL,Incannex Healthcare Inc.,Drug Manufacturers - Specialty & Generic
KMDA,Kamada Ltd.,Drug Manufacturers - Specialty & Generic
KNSA,"Kiniksa Pharmaceuticals International, plc",Drug Manufacturers - Specialty & Generic
LFCR,"Lifecore Biomedical, Inc.",Drug Manufacturers - Specialty & Generic
LNTH,"Lantheus Holdings, Inc.",Drug Manufacturers - Specialty & Generic
NBIX,"Neurocrine Biosciences, Inc.",Drug Manufacturers - Specialty & Generic
OGI,Organigram Global Inc.,Drug Manufacturers - Specialty & Generic
OPTN,"OptiNose, Inc.",Drug Manufacturers - Specialty & Generic
ORGO,Organogenesis Holdings Inc.,Drug Manufacturers - Specialty & Generic
PAHC,Phibro Animal Health Corporation,Drug Manufacturers - Specialty & Generic
PBH,Prestige Consumer Healthcare Inc.,Drug Manufacturers - Specialty & Generic
PCRX,"Pacira BioSciences, Inc.",Drug Manufacturers - Specialty & Generic
PRFX,PainReform Ltd.,Drug Manufacturers - Specialty & Generic
PRGO,Perrigo Company plc,Drug Manufacturers - Specialty & Generic
PTPI,"Petros Pharmaceuticals, Inc.",Drug Manufacturers - Specialty & Generic
QNTM,Quantum BioPharma Ltd.,Drug Manufacturers - Specialty & Generic
RDHL,RedHill Biopharma Ltd.,Drug Manufacturers - Specialty & Generic
RDY,Dr. Reddy's Laboratories Limited,Drug Manufacturers - Specialty & Generic
RGC,Regencell Bioscience Holdings Limited,Drug Manufacturers - Specialty & Generic
RMTI,"Rockwell Medical, Inc.",Drug Manufacturers - Specialty & Generic
SBFM,"Sunshine Biopharma, Inc.",Drug Manufacturers - Specialty & Generic
SCYX,"SCYNEXIS, Inc.",Drug Manufacturers - Specialty & Generic
SHPH,"Shuttle Pharmaceuticals Holdings, Inc.",Drug Manufacturers - Specialty & Generic
SIGA,"SIGA Technologies, Inc.",Drug Manufacturers - Specialty & Generic
SNOA,"Sonoma Pharmaceuticals, Inc.",Drug Manufacturers - Specialty & Generic
SUPN,"Supernus Pharmaceuticals, Inc.",Drug Manufacturers - Specialty & Generic
SXTC,"China SXT Pharmaceuticals, Inc.",Drug Manufacturers - Specialty & Generic
TAK,Takeda Pharmaceutical Company Limited,Drug Manufacturers - Specialty & Generic
TEVA,Teva Pharmaceutical Industries Limited,Drug Manufacturers - Specialty & Generic
TKNO,"Alpha Teknova, Inc.",Drug Manufacturers - Specialty & Generic
TLPH,"Talphera, Inc.",Drug Manufacturers - Specialty & Generic
TLRY,"Tilray Brands, Inc.",Drug Manufacturers - Specialty & Generic
TXMD,"TherapeuticsMD, Inc.",Drug Manufacturers - Specialty & Generic
UPC,Universe Pharmaceuticals INC,Drug Manufacturers - Specialty & Generic
UTHR,United Therapeutics Corporation,Drug Manufacturers - Specialty & Generic
VTRS,Viatris Inc.,Drug Manufacturers - Specialty & Generic
YCBD,"cbdMD, Inc.",Drug Manufacturers - Specialty & Generic
ZTS,Zoetis Inc.,Drug Manufacturers - Specialty & Generic
ZYBT,Zhengye Biotechnology Holding Limited,Drug Manufacturers - Specialty & Generic
ABBV,AbbVie Inc.,Drug Manufacturers - General
AMGN,Amgen Inc.,Drug Manufacturers - General
AMRN,Amarin Corporation plc,Drug Manufacturers - General
AZN,AstraZeneca PLC,Drug Manufacturers - General
BIIB,Biogen Inc.,Drug Manufacturers - General
BMY,Bristol-Myers Squibb Company,Drug Manufacturers - General
GILD,"Gilead Sciences, Inc.",Drug Manufacturers - General
GRFS,"Grifols, S.A.",Drug Manufacturers - General
GSK,GSK plc,Drug Manufacturers - General
JNJ,Johnson & Johnson,Drug Manufacturers - General
LLY,Eli Lilly and Company,Drug Manufacturers - General
MIRA,"MIRA Pharmaceuticals, Inc.",Drug Manufacturers - General
MRK,"Merck & Co., Inc.",Drug Manufacturers - General
NVO,Novo Nordisk A/S,Drug Manufacturers - General
NVS,Novartis AG,Drug Manufacturers - General
OGN,Organon & Co.,Drug Manufacturers - General
PFE,Pfizer Inc.,Drug Manufacturers - General
SCLX,Scilex Holding Company,Drug Manufacturers - General
SNY,Sanofi,Drug Manufacturers - General
BJ,"BJ's Wholesale Club Holdings, Inc.",Discount Stores
COST,Costco Wholesale Corporation,Discount Stores
DG,Dollar General Corporation,Discount Stores
DLTR,"Dollar Tree, Inc.",Discount Stores
OLLI,"Ollie's Bargain Outlet Holdings, Inc.",Discount Stores
PSMT,"PriceSmart, Inc.",Discount Stores
TBBB,BBB Foods Inc.,Discount Stores
TGT,Target Corporation,Discount Stores
WMT,Walmart Inc.,Discount Stores
A,"Agilent Technologies, Inc.",Diagnostics & Research
ACRS,"Aclaris Therapeutics, Inc.",Diagnostics & Research
APDN,"Applied DNA Sciences, Inc.",Diagnostics & Research
ATLN,Atlantic International Corp.,Diagnostics & Research
BDSX,"Biodesix, Inc.",Diagnostics & Research
BIAF,"bioAffinity Technologies, Inc.",Diagnostics & Research
BNR,Burning Rock Biotech Limited,Diagnostics & Research
CDNA,"CareDx, Inc",Diagnostics & Research
CHEK,Check-Cap Ltd.,Diagnostics & Research
CRL,"Charles River Laboratories International, Inc.",Diagnostics & Research
CSTL,"Castle Biosciences, Inc.",Diagnostics & Research
DGX,Quest Diagnostics Incorporated,Diagnostics & Research
DHR,Danaher Corporation,Diagnostics & Research
EXAS,Exact Sciences Corporation,Diagnostics & Research
FLGT,"Fulgent Genetics, Inc.",Diagnostics & Research
FONR,FONAR Corporation,Diagnostics & Research
GH,"Guardant Health, Inc.",Diagnostics & Research
GRAL,"GRAIL, Inc.",Diagnostics & Research
ICLR,ICON Public Limited Company,Diagnostics & Research
IDXX,"IDEXX Laboratories, Inc.",Diagnostics & Research
ILMN,"Illumina, Inc.",Diagnostics & Research
IQV,IQVIA Holdings Inc.,Diagnostics & Research
ISPC,iSpecimen Inc.,Diagnostics & Research
LH,Labcorp Holdings Inc.,Diagnostics & Research
MDXH,MDxHealth SA,Diagnostics & Research
MEDP,"Medpace Holdings, Inc.",Diagnostics & Research
MTD,Mettler-Toledo International Inc.,Diagnostics & Research
MYGN,"Myriad Genetics, Inc.",Diagnostics & Research
MYNZ,Mainz Biomed N.V.,Diagnostics & Research
NDRA,ENDRA Life Sciences Inc.,Diagnostics & Research
NEO,"NeoGenomics, Inc.",Diagnostics & Research
NEOG,Neogen Corporation,Diagnostics & Research
NOTV,"Inotiv, Inc.",Diagnostics & Research
NTRA,"Natera, Inc.",Diagnostics & Research
OCX,OncoCyte Corporation,Diagnostics & Research
OPK,"OPKO Health, Inc.",Diagnostics & Research
PRE,Prenetics Global Limited,Diagnostics & Research
PRPH,"ProPhase Labs, Inc.",Diagnostics & Research
PRPO,"Precipio, Inc.",Diagnostics & Research
PSNL,"Personalis, Inc.",Diagnostics & Research
QGEN,Qiagen N.V.,Diagnostics & Research
RDNT,"RadNet, Inc.",Diagnostics & Research
RVTY,"Revvity, Inc.",Diagnostics & Research
SHC,Sotera Health Company,Diagnostics & Research
STIM,"Neuronetics, Inc.",Diagnostics & Research
STRR,"Star Equity Holdings, Inc.",Diagnostics & Research
TMO,Thermo Fisher Scientific Inc.,Diagnostics & Research
TWST,Twist Bioscience Corporation,Diagnostics & Research
VCYT,"Veracyte, Inc.",Diagnostics & Research
WAT,Waters Corporation,Diagnostics & Research
WGS,GeneDx Holdings Corp.,Diagnostics & Research
XGN,Exagen Inc.,Diagnostics & Research
XWEL,"XWELL, Inc.",Diagnostics & Research
DDS,"Dillard's, Inc.",Department Stores
JWN,"Nordstrom, Inc.",Department Stores
KSS,Kohl's Corporation,Department Stores
M,"Macy's, Inc.",Department Stores
AGM,Federal Agricultural Mortgage Corporation,Credit Services
AGM.A,Federal Agricultural Mortgage Corporation,Credit Services
AIHS,Senmiao Technology Limited,Credit Services
ALLY,Ally Financial Inc.,Credit Services
ATLC,Atlanticus Holdings Corporation,Credit Services
AXP,American Express Company,Credit Services
BFH,"Bread Financial Holdings, Inc.",Credit Services
CACC,Credit Acceptance Corporation,Credit Services
COF,Capital One Financial Corporation,Credit Services
CPSS,"Consumer Portfolio Services, Inc.",Credit Services
DFS,Discover Financial Services,Credit Services
DXF,Eason Technology Limited,Credit Services
ECPG,"Encore Capital Group, Inc.",Credit Services
ENVA,"Enova International, Inc.",Credit Services
EZPW,"EZCORP, Inc.",Credit Services
FCFS,"FirstCash Holdings, Inc.",Credit Services
FINV,FinVolution Group,Credit Services
FOA,Finance of America Companies Inc.,Credit Services
GDOT,Green Dot Corporation,Credit Services
LMFA,"LM Funding America, Inc.",Credit Services
LPRO,Open Lending Corporation,Credit Services
LU,Lufax Holding Ltd,Credit Services
LX,LexinFintech Holdings Ltd.,Credit Services
MA,Mastercard Incorporated,Credit Services
MCVT,"Mill City Ventures III, Ltd.",Credit Services
MFIN,Medallion Financial Corp.,Credit Services
NAVI,Navient Corporation,Credit Services
NNI,"Nelnet, Inc.",Credit Services
OMCC,Old Market Capital Corporation,Credit Services
OMF,"OneMain Holdings, Inc.",Credit Services
OPFI,OppFi Inc.,Credit Services
OPRT,Oportun Financial Corporation,Credit Services
PMTS,CPI Card Group Inc.,Credit Services
PRAA,"PRA Group, Inc.",Credit Services
PT,Pintec Technology Holdings Limited,Credit Services
PYPL,"PayPal Holdings, Inc.",Credit Services
QD,Qudian Inc.,Credit Services
QFIN,"Qifu Technology, Inc.",Credit Services
RM,Regional Management Corp.,Credit Services
RWAY,Runway Growth Finance Corp.,Credit Services
SEZL,Sezzle Inc.,Credit Services
SLM,SLM Corporation,Credit Services
SNTG,Sentage Holdings Inc.,Credit Services
SOFI,"SoFi Technologies, Inc.",Credit Services
SYF,Synchrony Financial,Credit Services
UPST,"Upstart Holdings, Inc.",Credit Services
V,Visa Inc.,Credit Services
WRLD,World Acceptance Corporation,Credit Services
WU,The Western Union Company,Credit Services
XYF,X Financial,Credit Services
YRD,Yiren Digital Ltd.,Credit Services
ERO,Ero Copper Corp.,Copper
FCX,Freeport-McMoRan Inc.,Copper
HBM,Hudbay Minerals Inc.,Copper
IE,Ivanhoe Electric Inc.,Copper
MTAL,MAC Copper Limited,Copper
SCCO,Southern Copper Corporation,Copper
TGB,Taseko Mines Limited,Copper
AAPL,Apple Inc.,Consumer Electronics
AXIL,"AXIL Brands, Inc.",Consumer Electronics
FEBO,Fenbo Holdings Limited,Consumer Electronics
FOXX,Foxx Development Holdings Inc.,Consumer Electronics
GPRO,"GoPro, Inc.",Consumer Electronics
KOSS,Koss Corporation,Consumer Electronics
LPL,"LG Display Co., Ltd.",Consumer Electronics
MSN,Emerson Radio Corp.,Consumer Electronics
RIME,"Algorhythm Holdings, Inc.",Consumer Electronics
SONO,"Sonos, Inc.",Consumer Electronics
SONY,Sony Group Corporation,Consumer Electronics
TBCH,Turtle Beach Corporation,Consumer Electronics
UEIC,Universal Electronics Inc.,Consumer Electronics
VUZI,Vuzix Corporation,Consumer Electronics
WLDS,Wearable Devices Ltd.,Consumer Electronics
WTO,UTime Limited,Consumer Electronics
ZEPP,Zepp Health Corporation,Consumer Electronics
RYET,Ruanyun Edai Technology Inc.,Consumer Discretionary
AERT,"Aeries Technology, Inc",Consulting Services
BAH,Booz Allen Hamilton Holding Corporation,Consulting Services
CRAI,"CRA International, Inc.",Consulting Services
DGNX,Diginex Limited,Consulting Services
EFX,Equifax Inc.,Consulting Services
FCN,"FTI Consulting, Inc.",Consulting Services
FORR,"Forrester Research, Inc.",Consulting Services
GRNQ,Greenpro Capital Corp.,Consulting Services
HURN,Huron Consulting Group Inc.,Consulting Services
ICFI,"ICF International, Inc.",Consulting Services
INTJ,Intelligent Group Limited,Consulting Services
RGP,"Resources Connection, Inc.",Consulting Services
ROMA,Roma Green Finance Limited,Consulting Services
SBC,SBC Medical Group Holdings Incorporated,Consulting Services
VCIG,VCI Global Limited,Consulting Services
VRSK,"Verisk Analytics, Inc.",Consulting Services
AIRT,"Air T, Inc.",Conglomerates
BBU,Brookfield Business Partners L.P.,Conglomerates
BOC,Boston Omaha Corporation,Conglomerates
BOOM,DMC Global Inc.,Conglomerates
CODI,Compass Diversified,Conglomerates
CRESY,"Cresud Sociedad Anónima, Comercial, Inmobiliaria, Financiera y Agropecuaria",Conglomerates
DLX,Deluxe Corporation,Conglomerates
FBYD,"Falcon's Beyond Global, Inc.",Conglomerates
FIP,FTAI Infrastructure Inc.,Conglomerates
GFF,Griffon Corporation,Conglomerates
HHS,"Harte Hanks, Inc.",Conglomerates
HON,Honeywell International Inc.,Conglomerates
MATW,Matthews International Corporation,Conglomerates
MDU,"MDU Resources Group, Inc.",Conglomerates
MMM,3M Company,Conglomerates
NNBR,"NN, Inc.",Conglomerates
OTTR,Otter Tail Corporation,Conglomerates
PLAG,Planet Green Holdings Corp.,Conglomerates
RCMT,"RCM Technologies, Inc.",Conglomerates
SEB,Seaboard Corporation,Conglomerates
SPLP,Steel Partners Holdings L.P.,Conglomerates
TRC,Tejon Ranch Co.,Conglomerates
TUSK,"Mammoth Energy Services, Inc.",Conglomerates
VMI,"Valmont Industries, Inc.",Conglomerates
HSY,The Hershey Company,Confectioners
MDLZ,"Mondelez International, Inc.",Confectioners
RMCF,"Rocky Mountain Chocolate Factory, Inc.",Confectioners
TR,"Tootsie Roll Industries, Inc.",Confectioners
AGMH,AGM Group Holdings Inc.,Computer Hardware
ALOT,"AstroNova, Inc.",Computer Hardware
ANET,Arista Networks Inc,Computer Hardware
BTCT,BTC Digital Ltd.,Computer Hardware
CAN,Canaan Inc.,Computer Hardware
CRCT,"Cricut, Inc.",Computer Hardware
CRSR,"Corsair Gaming, Inc.",Computer Hardware
DDD,3D Systems Corporation,Computer Hardware
DELL,Dell Technologies Inc.,Computer Hardware
EBON,Ebang International Holdings Inc.,Computer Hardware
HPQ,HP Inc.,Computer Hardware
IONQ,"IonQ, Inc.",Computer Hardware
KTCC,Key Tronic Corporation,Computer Hardware
LOGI,Logitech International S.A.,Computer Hardware
NNDM,Nano Dimension Ltd.,Computer Hardware
NTAP,"NetApp, Inc.",Computer Hardware
OSS,"One Stop Systems, Inc.",Computer Hardware
PSTG,"Pure Storage, Inc.",Computer Hardware
QBTS,D-Wave Quantum Inc.,Computer Hardware
QMCO,Quantum Corporation,Computer Hardware
QUBT,Quantum Computing Inc.,Computer Hardware
RCAT,"Red Cat Holdings, Inc.",Computer Hardware
RGTI,"Rigetti Computing, Inc.",Computer Hardware
SCKT,"Socket Mobile, Inc.",Computer Hardware
SMCI,"Super Micro Computer, Inc.",Computer Hardware
SNDK,Sandisk Corporation,Computer Hardware
SSYS,Stratasys Ltd.,Computer Hardware
STX,Seagate Technology Holdings plc,Computer Hardware
TACT,TransAct Technologies Incorporated,Computer Hardware
UAVS,"AgEagle Aerial Systems, Inc.",Computer Hardware
WDC,Western Digital Corporation,Computer Hardware
YIBO,Planet Image International Limited,Computer Hardware
ZSPC,"zSpace, Inc.",Computer Hardware
AAOI,"Applied Optoelectronics, Inc.",Communication Equipment
ADTN,"ADTRAN Holdings, Inc.",Communication Equipment
AIRG,"Airgain, Inc.",Communication Equipment
AMPG,"AmpliTech Group, Inc.",Communication Equipment
ASNS,"Actelis Networks, Inc.",Communication Equipment
ASTS,"AST SpaceMobile, Inc.",Communication Equipment
AUDC,AudioCodes Ltd.,Communication Equipment
AVNW,"Aviat Networks, Inc.",Communication Equipment
BDC,Belden Inc.,Communication Equipment
BKTI,BK Technologies Corporation,Communication Equipment
BOSC,B.O.S. Better Online Solutions Ltd.,Communication Equipment
BOXL,Boxlight Corporation,Communication Equipment
CIEN,Ciena Corporation,Communication Equipment
CLFD,"Clearfield, Inc.",Communication Equipment
CLRO,"ClearOne, Inc.",Communication Equipment
CMBM,Cambium Networks Corporation,Communication Equipment
CMTL,Comtech Telecommunications Corp.,Communication Equipment
COMM,"CommScope Holding Company, Inc.",Communication Equipment
CRNT,Ceragon Networks Ltd.,Communication Equipment
CSCO,"Cisco Systems, Inc.",Communication Equipment
DGII,Digi International Inc.,Communication Equipment
ERIC,Telefonaktiebolaget LM Ericsson (publ),Communication Equipment
EXTR,"Extreme Networks, Inc.",Communication Equipment
FEIM,"Frequency Electronics, Inc.",Communication Equipment
FKWL,Franklin Wireless Corp.,Communication Equipment
GILT,Gilat Satellite Networks Ltd.,Communication Equipment
HLIT,Harmonic Inc.,Communication Equipment
HPE,Hewlett Packard Enterprise Company,Communication Equipment
INSG,Inseego Corp.,Communication Equipment
IOTR,iOThree Limited,Communication Equipment
JNPR,"Juniper Networks, Inc.",Communication Equipment
KVHI,"KVH Industries, Inc.",Communication Equipment
LITE,Lumentum Holdings Inc.,Communication Equipment
LTRX,"Lantronix, Inc.",Communication Equipment
MITQ,"Moving iMage Technologies, Inc.",Communication Equipment
MOB,Mobilicom Limited,Communication Equipment
MSI,"Motorola Solutions, Inc.",Communication Equipment
NOK,Nokia Oyj,Communication Equipment
NTGR,"NETGEAR, Inc.",Communication Equipment
OCC,Optical Cable Corporation,Communication Equipment
ONDS,Ondas Holdings Inc.,Communication Equipment
SATS,EchoStar Corporation,Communication Equipment
SATX,Satixfy Communications Ltd.,Communication Equipment
SILC,Silicom Ltd.,Communication Equipment
SONM,"Sonim Technologies, Inc.",Communication Equipment
SYNX,Silynxcom Ltd.,Communication Equipment
SYTA,Siyata Mobile Inc.,Communication Equipment
TSAT,Telesat Corporation,Communication Equipment
UI,Ubiquiti Inc.,Communication Equipment
UTSI,UTStarcom Holdings Corp.,Communication Equipment
VIAV,Viavi Solutions Inc.,Communication Equipment
VSAT,"Viasat, Inc.",Communication Equipment
ZBRA,Zebra Technologies Corporation,Communication Equipment
AMR,"Alpha Metallurgical Resources, Inc.",Coking Coal
AREC,American Resources Corporation,Coking Coal
HCC,"Warrior Met Coal, Inc.",Coking Coal
METC,"Ramaco Resources, Inc.",Coking Coal
METCB,"Ramaco Resources, Inc.",Coking Coal
SXC,"SunCoke Energy, Inc.",Coking Coal
ASIX,AdvanSix Inc.,Chemicals
ASPI,ASP Isotopes Inc.,Chemicals
BAK,Braskem S.A.,Chemicals
CE,Celanese Corporation,Chemicals
DOW,Dow Inc.,Chemicals
GPRE,Green Plains Inc.,Chemicals
GURE,"Gulf Resources, Inc.",Chemicals
HUN,Huntsman Corporation,Chemicals
LXU,"LSB Industries, Inc.",Chemicals
MEOH,Methanex Corporation,Chemicals
OLN,Olin Corporation,Chemicals
ORGN,"Origin Materials, Inc.",Chemicals
REX,REX American Resources Corporation,Chemicals
RYAM,Rayonier Advanced Materials Inc.,Chemicals
TROX,Tronox Holdings plc,Chemicals
VHI,"Valhi, Inc.",Chemicals
WLKP,Westlake Chemical Partners LP,Chemicals
ABTS,Abits Group Inc.,Capital Markets
AMRK,"A-Mark Precious Metals, Inc.",Capital Markets
ANY,Sphere 3D Corp.,Capital Markets
ARBK,Argo Blockchain plc,Capital Markets
BGC,"BGC Group, Inc.",Capital Markets
BITF,Bitfarms Ltd.,Capital Markets
BTBT,"Bit Digital, Inc.",Capital Markets
BTCS,BTCS Inc.,Capital Markets
BTM,Bitcoin Depot Inc.,Capital Markets
CIFR,Cipher Mining Inc.,Capital Markets
CLSK,"CleanSpark, Inc.",Capital Markets
CNCK,Coincheck Group N.V.,Capital Markets
COHN,Cohen & Company Inc.,Capital Markets
EVR,Evercore Inc.,Capital Markets
FLD,"Fold Holdings, Inc.",Capital Markets
FRGE,"Forge Global Holdings, Inc.",Capital Markets
FUFU,BitFuFu Inc.,Capital Markets
FUTU,Futu Holdings Limited,Capital Markets
GREE,Greenidge Generation Holdings Inc.,Capital Markets
GRYP,"Gryphon Digital Mining, Inc.",Capital Markets
GS,"The Goldman Sachs Group, Inc.",Capital Markets
GSIW,Garden Stage Limited,Capital Markets
HGBL,Heritage Global Inc.,Capital Markets
HIVE,HIVE Digital Technologies Ltd.,Capital Markets
HLI,"Houlihan Lokey, Inc.",Capital Markets
HOOD,"Robinhood Markets, Inc.",Capital Markets
HUT,Hut 8 Corp.,Capital Markets
IBKR,"Interactive Brokers Group, Inc.",Capital Markets
IREN,IREN Limited,Capital Markets
JEF,Jefferies Financial Group Inc.,Capital Markets
LAZ,"Lazard, Inc.",Capital Markets
LGHL,Lion Group Holding Ltd.,Capital Markets
LPLA,LPL Financial Holdings Inc.,Capital Markets
MARA,"MARA Holdings, Inc.",Capital Markets
MATH,Metalpha Technology Holding Limited,Capital Markets
MC,Moelis & Company,Capital Markets
MDBH,"MDB Capital Holdings, LLC",Capital Markets
MEGL,Magic Empire Global Limited,Capital Markets
MIGI,Mawson Infrastructure Group Inc.,Capital Markets
MKTX,MarketAxess Holdings Inc.,Capital Markets
MRX,Marex Group plc,Capital Markets
MS,Morgan Stanley,Capital Markets
NCPL,Netcapital Inc.,Capital Markets
NCTY,The9 Limited,Capital Markets
NMR,"Nomura Holdings, Inc.",Capital Markets
OPY,Oppenheimer Holdings Inc.,Capital Markets
PIPR,Piper Sandler Companies,Capital Markets
PJT,PJT Partners Inc.,Capital Markets
PLUT,Plutus Financial Group Limited,Capital Markets
PWP,Perella Weinberg Partners,Capital Markets
RIOT,"Riot Platforms, Inc.",Capital Markets
SCHW,The Charles Schwab Corporation,Capital Markets
SF,Stifel Financial Corp.,Capital Markets
SIEB,Siebert Financial Corp.,Capital Markets
SLNH,"Soluna Holdings, Inc.",Capital Markets
SNEX,StoneX Group Inc.,Capital Markets
SOS,SOS Limited,Capital Markets
SRL,Scully Royalty Ltd.,Capital Markets
SWIN,Solowin Holdings,Capital Markets
TIGR,UP Fintech Holding Limited,Capital Markets
TOP,TOP Financial Group Limited,Capital Markets
TW,Tradeweb Markets Inc.,Capital Markets
VIRT,"Virtu Financial, Inc.",Capital Markets
WAI,Top KingWin Ltd,Capital Markets
WTF,Waton Financial Limited,Capital Markets
WULF,TeraWulf Inc.,Capital Markets
XP,XP Inc.,Capital Markets
ZBAI,ATIF Holdings Limited,Capital Markets
ACCO,ACCO Brands Corporation,Business Equipment & Supplies
ACTG,Acacia Research Corporation,Business Equipment & Supplies
EBF,"Ennis, Inc.",Business Equipment & Supplies
EHGO,Eshallgo Inc.,Business Equipment & Supplies
AAON,"AAON, Inc.",Building Products & Equipment
AEHL,Antelope Enterprise Holdings Limited,Building Products & Equipment
AIRJ,AirJoule Technologies Corporation,Building Products & Equipment
APOG,"Apogee Enterprises, Inc.",Building Products & Equipment
APT,"Alpha Pro Tech, Ltd.",Building Products & Equipment
ARLO,"Arlo Technologies, Inc.",Building Products & Equipment
ASPN,"Aspen Aerogels, Inc.",Building Products & Equipment
AWI,"Armstrong World Industries, Inc.",Building Products & Equipment
AZEK,The AZEK Company Inc.,Building Products & Equipment
BLDR,"Builders FirstSource, Inc.",Building Products & Equipment
CARR,Carrier Global Corporation,Building Products & Equipment
CSL,Carlisle Companies Incorporated,Building Products & Equipment
CSTE,Caesarstone Ltd.,Building Products & Equipment
FBIN,"Fortune Brands Innovations, Inc.",Building Products & Equipment
GMS,GMS Inc.,Building Products & Equipment
ILAG,Intelligent Living Application Group Inc.,Building Products & Equipment
INVE,"Identiv, Inc.",Building Products & Equipment
JBI,"Janus International Group, Inc.",Building Products & Equipment
JCI,Johnson Controls International plc,Building Products & Equipment
JELD,"JELD-WEN Holding, Inc.",Building Products & Equipment
LII,Lennox International Inc.,Building Products & Equipment
LMB,"Limbach Holdings, Inc.",Building Products & Equipment
LPX,Louisiana-Pacific Corporation,Building Products & Equipment
MAS,Masco Corporation,Building Products & Equipment
NX,Quanex Building Products Corporation,Building Products & Equipment
OC,Owens Corning,Building Products & Equipment
PPIH,"Perma-Pipe International Holdings, Inc.",Building Products & Equipment
ROCK,"Gibraltar Industries, Inc.",Building Products & Equipment
SPXC,"SPX Technologies, Inc.",Building Products & Equipment
STAI,ScanTech AI Systems Inc.,Building Products & Equipment
SWIM,"Latham Group, Inc.",Building Products & Equipment
TREX,"Trex Company, Inc.",Building Products & Equipment
TT,Trane Technologies plc,Building Products & Equipment
TTAM,Titan America SA,Building Products & Equipment
WMS,"Advanced Drainage Systems, Inc.",Building Products & Equipment
WXM,WF International Limited,Building Products & Equipment
CAPS,Capstone Holding Corp.,Building Materials
CAPT,Captivision Inc.,Building Materials
CPAC,Cementos Pacasmayo S.A.A.,Building Materials
CRH,CRH plc,Building Materials
CX,"CEMEX, S.A.B. de C.V.",Building Materials
EXP,Eagle Materials Inc.,Building Materials
JHX,James Hardie Industries plc,Building Materials
KNF,Knife River Corporation,Building Materials
LOMA,Loma Negra Compañía Industrial Argentina Sociedad Anónima,Building Materials
MLM,"Martin Marietta Materials, Inc.",Building Materials
RETO,"ReTo Eco-Solutions, Inc.",Building Materials
SMID,Smith-Midland Corporation,Building Materials
TGLS,Tecnoglass Inc.,Building Materials
USLM,"United States Lime & Minerals, Inc.",Building Materials
VMC,Vulcan Materials Company,Building Materials
BBGI,"Beasley Broadcast Group, Inc.",Broadcasting
CMLS,Cumulus Media Inc.,Broadcasting
CURI,CuriosityStream Inc.,Broadcasting
FUBO,fuboTV Inc.,Broadcasting
GTN,"Gray Media, Inc.",Broadcasting
GTN.A,"Gray Media, Inc.",Broadcasting
IHRT,"iHeartMedia, Inc.",Broadcasting
MDIA,MediaCo Holding Inc.,Broadcasting
NMAX,Newsmax Inc.,Broadcasting
NXST,"Nexstar Media Group, Inc.",Broadcasting
SBGI,"Sinclair, Inc.",Broadcasting
SGA,"Saga Communications, Inc.",Broadcasting
SJ,Scienjoy Holding Corporation,Broadcasting
SSP,The E.W. Scripps Company,Broadcasting
TGNA,TEGNA Inc.,Broadcasting
UONE,"Urban One, Inc.",Broadcasting
UONEK,"Urban One, Inc.",Broadcasting
XHLD,"TEN Holdings, Inc.",Broadcasting
AAPG,Ascentage Pharma Group International,Biotechnology
AARD,"Aardvark Therapeutics, Inc.",Biotechnology
ABCL,AbCellera Biologics Inc.,Biotechnology
ABEO,Abeona Therapeutics Inc.,Biotechnology
ABOS,"Acumen Pharmaceuticals, Inc.",Biotechnology
ABP,"Abpro Holdings, Inc.",Biotechnology
ABSI,Absci Corporation,Biotechnology
ABUS,Arbutus Biopharma Corporation,Biotechnology
ABVC,"ABVC BioPharma, Inc.",Biotechnology
ABVX,ABIVAX Société Anonyme,Biotechnology
ACAD,ACADIA Pharmaceuticals Inc.,Biotechnology
ACET,"Adicet Bio, Inc.",Biotechnology
ACHV,"Achieve Life Sciences, Inc.",Biotechnology
ACIU,AC Immune SA,Biotechnology
ACLX,"Arcellx, Inc.",Biotechnology
ACOG,Alpha Cognition Inc.,Biotechnology
ACRV,"Acrivon Therapeutics, Inc.",Biotechnology
ACTU,"Actuate Therapeutics, Inc.",Biotechnology
ACXP,"Acurx Pharmaceuticals, Inc.",Biotechnology
ADAG,Adagene Inc.,Biotechnology
ADAP,Adaptimmune Therapeutics plc,Biotechnology
ADCT,ADC Therapeutics SA,Biotechnology
ADIL,"Adial Pharmaceuticals, Inc.",Biotechnology
ADMA,"ADMA Biologics, Inc.",Biotechnology
ADPT,Adaptive Biotechnologies Corporation,Biotechnology
ADTX,"Aditxt, Inc.",Biotechnology
ADVB,Advanced Biomed Inc.,Biotechnology
ADVM,"Adverum Biotechnologies, Inc.",Biotechnology
ADXN,Addex Therapeutics Ltd,Biotechnology
AEON,"AEON Biopharma, Inc.",Biotechnology
AFMD,Affimed N.V.,Biotechnology
AGEN,Agenus Inc.,Biotechnology
AGIO,"Agios Pharmaceuticals, Inc.",Biotechnology
AKRO,"Akero Therapeutics, Inc.",Biotechnology
AKTX,"Akari Therapeutics, Plc",Biotechnology
ALDX,"Aldeyra Therapeutics, Inc.",Biotechnology
ALEC,"Alector, Inc.",Biotechnology
ALGS,"Aligos Therapeutics, Inc.",Biotechnology
ALLK,Allakos Inc.,Biotechnology
ALLO,"Allogene Therapeutics, Inc.",Biotechnology
ALLR,"Allarity Therapeutics, Inc.",Biotechnology
ALMS,Alumis Inc.,Biotechnology
ALNY,"Alnylam Pharmaceuticals, Inc.",Biotechnology
ALT,"Altimmune, Inc.",Biotechnology
ALXO,ALX Oncology Holdings Inc.,Biotechnology
ALZN,"Alzamend Neuro, Inc.",Biotechnology
AMLX,"Amylyx Pharmaceuticals, Inc.",Biotechnology
ANAB,"AnaptysBio, Inc.",Biotechnology
ANEB,"Anebulo Pharmaceuticals, Inc.",Biotechnology
ANIX,"Anixa Biosciences, Inc.",Biotechnology
ANL,Adlai Nortye Ltd.,Biotechnology
ANNX,"Annexon, Inc.",Biotechnology
ANRO,"Alto Neuroscience, Inc.",Biotechnology
ANTX,"AN2 Therapeutics, Inc.",Biotechnology
ANVS,"Annovis Bio, Inc.",Biotechnology
APGE,"Apogee Therapeutics, Inc.",Biotechnology
APLM,"Apollomics, Inc.",Biotechnology
APLS,"Apellis Pharmaceuticals, Inc.",Biotechnology
APLT,"Applied Therapeutics, Inc.",Biotechnology
APM,Aptorum Group Limited,Biotechnology
APRE,"Aprea Therapeutics, Inc.",Biotechnology
APVO,Aptevo Therapeutics Inc.,Biotechnology
ARCT,Arcturus Therapeutics Holdings Inc.,Biotechnology
ARDX,"Ardelyx, Inc.",Biotechnology
ARGX,argenx SE,Biotechnology
ARMP,"Armata Pharmaceuticals, Inc.",Biotechnology
ARQT,"Arcutis Biotherapeutics, Inc.",Biotechnology
ARTL,"Artelo Biosciences, Inc.",Biotechnology
ARTV,"Artiva Biotherapeutics, Inc.",Biotechnology
ARVN,"Arvinas, Inc.",Biotechnology
ARWR,"Arrowhead Pharmaceuticals, Inc.",Biotechnology
ASBP,"Aspire Biopharma Holdings, Inc.",Biotechnology
ASMB,"Assembly Biosciences, Inc.",Biotechnology
ASND,Ascendis Pharma A/S,Biotechnology
ATAI,Atai Life Sciences N.V.,Biotechnology
ATHA,"Athira Pharma, Inc.",Biotechnology
ATHE,Alterity Therapeutics Limited,Biotechnology
ATNF,180 Life Sciences Corp.,Biotechnology
ATNM,"Actinium Pharmaceuticals, Inc.",Biotechnology
ATOS,"Atossa Therapeutics, Inc.",Biotechnology
ATRA,"Atara Biotherapeutics, Inc.",Biotechnology
ATXS,"Astria Therapeutics, Inc.",Biotechnology
ATYR,"aTyr Pharma, Inc.",Biotechnology
AUPH,Aurinia Pharmaceuticals Inc.,Biotechnology
AURA,"Aura Biosciences, Inc.",Biotechnology
AUTL,Autolus Therapeutics plc,Biotechnology
AVBP,"ArriVent BioPharma, Inc.",Biotechnology
AVIR,"Atea Pharmaceuticals, Inc.",Biotechnology
AVTX,"Avalo Therapeutics, Inc.",Biotechnology
AVXL,Anavex Life Sciences Corp.,Biotechnology
AXSM,"Axsome Therapeutics, Inc.",Biotechnology
AZTR,"Azitra, Inc.",Biotechnology
BBIO,"BridgeBio Pharma, Inc.",Biotechnology
BCAB,"BioAtla, Inc.",Biotechnology
BCAX,Bicara Therapeutics Inc.,Biotechnology
BCDA,"BioCardia, Inc.",Biotechnology
BCLI,Brainstorm Cell Therapeutics Inc.,Biotechnology
BCTX,BriaCell Therapeutics Corp.,Biotechnology
BCYC,Bicycle Therapeutics plc,Biotechnology
BDRX,Biodexa Pharmaceuticals Plc,Biotechnology
BDTX,"Black Diamond Therapeutics, Inc.",Biotechnology
BEAM,Beam Therapeutics Inc.,Biotechnology
BHVN,Biohaven Ltd.,Biotechnology
BIVI,BioVie Inc.,Biotechnology
BLRX,BioLineRx Ltd.,Biotechnology
BLTE,"Belite Bio, Inc",Biotechnology
BLUE,"bluebird bio, Inc.",Biotechnology
BMEA,"Biomea Fusion, Inc.",Biotechnology
BMRN,BioMarin Pharmaceutical Inc.,Biotechnology
BNTC,Benitec Biopharma Inc.,Biotechnology
BNTX,BioNTech SE,Biotechnology
BOLD,"Boundless Bio, Inc.",Biotechnology
BOLT,"Bolt Biotherapeutics, Inc.",Biotechnology
BPMC,Blueprint Medicines Corporation,Biotechnology
BRNS,Barinthus Biotherapeutics plc,Biotechnology
BRTX,"BioRestorative Therapies, Inc.",Biotechnology
BTAI,"BioXcel Therapeutics, Inc.",Biotechnology
BTX,BlackRock Innovation and Growth Term Trust,Biotechnology
BYSI,BeyondSpring Inc.,Biotechnology
CABA,"Cabaletta Bio, Inc.",Biotechnology
CADL,"Candel Therapeutics, Inc.",Biotechnology
CALC,"CalciMedica, Inc.",Biotechnology
CAMP,Camp4 Therapeutics Corporation,Biotechnology
CANF,Can-Fite BioPharma Ltd.,Biotechnology
CAPR,"Capricor Therapeutics, Inc.",Biotechnology
CARM,"Carisma Therapeutics, Inc.",Biotechnology
CASI,"CASI Pharmaceuticals, Inc.",Biotechnology
CBUS,"Cibus, Inc.",Biotechnology
CCCC,"C4 Therapeutics, Inc.",Biotechnology
CDIO,"Cardio Diagnostics Holdings, Inc.",Biotechnology
CDT,Conduit Pharmaceuticals Inc.,Biotechnology
CDTX,"Cidara Therapeutics, Inc.",Biotechnology
CDXS,"Codexis, Inc.",Biotechnology
CELC,Celcuity Inc.,Biotechnology
CELU,Celularity Inc.,Biotechnology
CELZ,"Creative Medical Technology Holdings, Inc.",Biotechnology
CERO,"CERo Therapeutics Holdings, Inc.",Biotechnology
CGEM,"Cullinan Therapeutics, Inc.",Biotechnology
CGEN,Compugen Ltd.,Biotechnology
CGON,"CG Oncology, Inc.",Biotechnology
CGTX,"Cognition Therapeutics, Inc.",Biotechnology
CHRO,Channel Therapeutics Corporation,Biotechnology
CHRS,"Coherus BioSciences, Inc.",Biotechnology
CING,Cingulate Inc.,Biotechnology
CKPT,"Checkpoint Therapeutics, Inc.",Biotechnology
CLDI,"Calidi Biotherapeutics, Inc.",Biotechnology
CLDX,"Celldex Therapeutics, Inc.",Biotechnology
CLGN,CollPlant Biotechnologies Ltd.,Biotechnology
CLLS,Cellectis S.A.,Biotechnology
CLRB,"Cellectar Biosciences, Inc.",Biotechnology
CLSD,"Clearside Biomedical, Inc.",Biotechnology
CLYM,"Climb Bio, Inc.",Biotechnology
CMMB,Chemomab Therapeutics Ltd.,Biotechnology
CMND,Clearmind Medicine Inc.,Biotechnology
CMPX,"Compass Therapeutics, Inc.",Biotechnology
CNSP,"CNS Pharmaceuticals, Inc.",Biotechnology
CNTA,Centessa Pharmaceuticals plc,Biotechnology
CNTB,Connect Biopharma Holdings Limited,Biotechnology
CNTX,Context Therapeutics Inc.,Biotechnology
COCP,"Cocrystal Pharma, Inc.",Biotechnology
COEP,"Coeptis Therapeutics Holdings, Inc.",Biotechnology
COGT,"Cogent Biosciences, Inc.",Biotechnology
CORT,Corcept Therapeutics Incorporated,Biotechnology
COYA,"Coya Therapeutics, Inc.",Biotechnology
CPRX,"Catalyst Pharmaceuticals, Inc.",Biotechnology
CRBP,"Corbus Pharmaceuticals Holdings, Inc.",Biotechnology
CRBU,"Caribou Biosciences, Inc.",Biotechnology
CRDF,"Cardiff Oncology, Inc.",Biotechnology
CRGX,"CARGO Therapeutics, Inc.",Biotechnology
CRIS,"Curis, Inc.",Biotechnology
CRMD,CorMedix Inc.,Biotechnology
CRNX,"Crinetics Pharmaceuticals, Inc.",Biotechnology
CRSP,CRISPR Therapeutics AG,Biotechnology
CRVO,CervoMed Inc.,Biotechnology
CRVS,"Corvus Pharmaceuticals, Inc.",Biotechnology
CSBR,"Champions Oncology, Inc.",Biotechnology
CSCI,COSCIENS Biopharma Inc.,Biotechnology
CTMX,"CytomX Therapeutics, Inc.",Biotechnology
CTNM,"Contineum Therapeutics, Inc.",Biotechnology
CTXR,"Citius Pharmaceuticals, Inc.",Biotechnology
CUE,"Cue Biopharma, Inc.",Biotechnology
CUPR,Cuprina Holdings (Cayman) Limited,Biotechnology
CVAC,CureVac N.V.,Biotechnology
CVKD,"Cadrenal Therapeutics, Inc.",Biotechnology
CVM,CEL-SCI Corporation,Biotechnology
CYBN,Cybin Inc.,Biotechnology
CYCC,"Cyclacel Pharmaceuticals, Inc.",Biotechnology
CYCN,"Cyclerion Therapeutics, Inc.",Biotechnology
CYTK,"Cytokinetics, Incorporated",Biotechnology
DARE,"Daré Bioscience, Inc.",Biotechnology
DAWN,"Day One Biopharmaceuticals, Inc.",Biotechnology
DBVT,DBV Technologies S.A.,Biotechnology
DMAC,DiaMedica Therapeutics Inc.,Biotechnology
DNA,"Ginkgo Bioworks Holdings, Inc.",Biotechnology
DNLI,Denali Therapeutics Inc.,Biotechnology
DNTH,"Dianthus Therapeutics, Inc.",Biotechnology
DOMH,Dominari Holdings Inc.,Biotechnology
DRMA,"Dermata Therapeutics, Inc.",Biotechnology
DRTS,Alpha Tau Medical Ltd.,Biotechnology
DRUG,Bright Minds Biosciences Inc.,Biotechnology
DSGN,"Design Therapeutics, Inc.",Biotechnology
DTIL,"Precision BioSciences, Inc.",Biotechnology
DWTX,"Dogwood Therapeutics, Inc.",Biotechnology
DYAI,"Dyadic International, Inc.",Biotechnology
DYN,"Dyne Therapeutics, Inc.",Biotechnology
EDIT,"Editas Medicine, Inc.",Biotechnology
EDSA,"Edesa Biotech, Inc.",Biotechnology
ELAB,PMGC Holdings Inc.,Biotechnology
ELDN,"Eledon Pharmaceuticals, Inc.",Biotechnology
ELEV,"Elevation Oncology, Inc.",Biotechnology
ELTX,"Elicio Therapeutics, Inc.",Biotechnology
ELVN,"Enliven Therapeutics, Inc.",Biotechnology
ENGN,enGene Holdings Inc.,Biotechnology
ENGNW,enGene Holdings Inc.,Biotechnology
ENLV,Enlivex Therapeutics Ltd.,Biotechnology
ENSC,"Ensysce Biosciences, Inc.",Biotechnology
ENTA,"Enanta Pharmaceuticals, Inc.",Biotechnology
ENTO,"Entero Therapeutics, Inc.",Biotechnology
ENTX,Entera Bio Ltd.,Biotechnology
ENVB,"Enveric Biosciences, Inc.",Biotechnology
EPIX,ESSA Pharma Inc.,Biotechnology
EPRX,Eupraxia Pharmaceuticals Inc.,Biotechnology
EQ,"Equillium, Inc.",Biotechnology
ERAS,"Erasca, Inc.",Biotechnology
ERNA,Ernexa Therapeutics Inc.,Biotechnology
ESLA,"Estrella Immunopharma, Inc.",Biotechnology
ETNB,"89bio, Inc.",Biotechnology
EVAX,Evaxion Biotech A/S,Biotechnology
EVGN,Evogene Ltd.,Biotechnology
EWTX,"Edgewise Therapeutics, Inc.",Biotechnology
EXEL,"Exelixis, Inc.",Biotechnology
EXOZ,"eXoZymes, Inc.",Biotechnology
EYEN,"Eyenovia, Inc.",Biotechnology
EYPT,"EyePoint Pharmaceuticals, Inc.",Biotechnology
FATE,"Fate Therapeutics, Inc.",Biotechnology
FBIO,"Fortress Biotech, Inc.",Biotechnology
FBLG,"FibroBiologics, Inc.",Biotechnology
FBRX,"Forte Biosciences, Inc.",Biotechnology
FDMT,"4D Molecular Therapeutics, Inc.",Biotechnology
FENC,Fennec Pharmaceuticals Inc.,Biotechnology
FGEN,"FibroGen, Inc.",Biotechnology
FHTX,Foghorn Therapeutics Inc.,Biotechnology
FOLD,"Amicus Therapeutics, Inc.",Biotechnology
FTRE,Fortrea Holdings Inc.,Biotechnology
FULC,"Fulcrum Therapeutics, Inc.",Biotechnology
GALT,Galectin Therapeutics Inc.,Biotechnology
GANX,"Gain Therapeutics, Inc.",Biotechnology
GBIO,Generation Bio Co.,Biotechnology
GDTC,CytoMed Therapeutics Limited,Biotechnology
GERN,Geron Corporation,Biotechnology
GHRS,GH Research PLC,Biotechnology
GLMD,Galmed Pharmaceuticals Ltd.,Biotechnology
GLPG,Galapagos NV,Biotechnology
GLSI,"Greenwich LifeSciences, Inc.",Biotechnology
GLTO,"Galecto, Inc.",Biotechnology
GLUE,"Monte Rosa Therapeutics, Inc.",Biotechnology
GLYC,"GlycoMimetics, Inc.",Biotechnology
GMAB,Genmab A/S,Biotechnology
GNFT,Genfit S.A.,Biotechnology
GNLX,Genelux Corporation,Biotechnology
GNPX,"Genprex, Inc.",Biotechnology
GNTA,Genenta Science S.p.A.,Biotechnology
GOSS,"Gossamer Bio, Inc.",Biotechnology
GOVX,"GeoVax Labs, Inc.",Biotechnology
GPCR,Structure Therapeutics Inc.,Biotechnology
GRCE,"Grace Therapeutics, Inc.",Biotechnology
GRI,"GRI Bio, Inc.",Biotechnology
GTBP,"GT Biopharma, Inc.",Biotechnology
GUTS,"Fractyl Health, Inc.",Biotechnology
GYRE,"Gyre Therapeutics, Inc.",Biotechnology
HALO,"Halozyme Therapeutics, Inc.",Biotechnology
HCWB,HCW Biologics Inc.,Biotechnology
HEPA,"Hepion Pharmaceuticals, Inc.",Biotechnology
HLVX,"HilleVax, Inc.",Biotechnology
HOOK,HOOKIPA Pharma Inc.,Biotechnology
HOTH,"Hoth Therapeutics, Inc.",Biotechnology
HOWL,"Werewolf Therapeutics, Inc.",Biotechnology
HRMY,"Harmony Biosciences Holdings, Inc.",Biotechnology
HRTX,"Heron Therapeutics, Inc.",Biotechnology
HUMA,"Humacyte, Inc.",Biotechnology
HURA,"TuHURA Biosciences, Inc.",Biotechnology
IBIO,"iBio, Inc.",Biotechnology
IBO,Impact BioMedical Inc.,Biotechnology
IBRX,"ImmunityBio, Inc.",Biotechnology
ICCC,ImmuCell Corporation,Biotechnology
ICU,SeaStar Medical Holding Corporation,Biotechnology
IDYA,"IDEAYA Biosciences, Inc.",Biotechnology
IFRX,InflaRx N.V.,Biotechnology
IGC,"IGC Pharma, Inc.",Biotechnology
IGMS,"IGM Biosciences, Inc.",Biotechnology
IKNA,"Ikena Oncology, Inc.",Biotechnology
IKT,"Inhibikase Therapeutics, Inc.",Biotechnology
IMAB,I-Mab,Biotechnology
IMCR,Immunocore Holdings plc,Biotechnology
IMMP,Immutep Limited,Biotechnology
IMMX,"Immix Biopharma, Inc.",Biotechnology
IMNM,"Immunome, Inc.",Biotechnology
IMNN,"Imunon, Inc.",Biotechnology
IMRN,Immuron Limited,Biotechnology
IMRX,Immuneering Corporation,Biotechnology
IMTX,Immatics N.V.,Biotechnology
IMUX,"Immunic, Inc.",Biotechnology
IMVT,"Immunovant, Inc.",Biotechnology
INAB,"IN8bio, Inc.",Biotechnology
INBX,"Inhibrx Biosciences, Inc.",Biotechnology
INCY,Incyte Corporation,Biotechnology
INDP,"Indaptus Therapeutics, Inc.",Biotechnology
INKT,"MiNK Therapeutics, Inc.",Biotechnology
INMB,"INmune Bio, Inc.",Biotechnology
INO,"Inovio Pharmaceuticals, Inc.",Biotechnology
INSM,Insmed Incorporated,Biotechnology
INTS,"Intensity Therapeutics, Inc.",Biotechnology
INVA,"Innoviva, Inc.",Biotechnology
INZY,"Inozyme Pharma, Inc.",Biotechnology
IOBT,"IO Biotech, Inc.",Biotechnology
IONS,"Ionis Pharmaceuticals, Inc.",Biotechnology
IOVA,"Iovance Biotherapeutics, Inc.",Biotechnology
IPA,ImmunoPrecise Antibodies Ltd.,Biotechnology
IPHA,Innate Pharma S.A.,Biotechnology
IPSC,"Century Therapeutics, Inc.",Biotechnology
IRD,"Opus Genetics, Inc.",Biotechnology
IRON,"Disc Medicine, Inc.",Biotechnology
ITOS,"iTeos Therapeutics, Inc.",Biotechnology
ITRM,Iterum Therapeutics plc,Biotechnology
IVA,Inventiva S.A.,Biotechnology
IVVD,"Invivyd, Inc.",Biotechnology
JAGX,"Jaguar Health, Inc.",Biotechnology
JANX,"Janux Therapeutics, Inc.",Biotechnology
JAZZ,Jazz Pharmaceuticals plc,Biotechnology
JSPR,"Jasper Therapeutics, Inc.",Biotechnology
JUNS,"Jupiter Neurosciences, Inc.",Biotechnology
KALA,"KALA BIO, Inc.",Biotechnology
KALV,"KalVista Pharmaceuticals, Inc.",Biotechnology
KAPA,"Kairos Pharma, Ltd.",Biotechnology
KLRS,"Kalaris Therapeutics, Inc.",Biotechnology
KLTO,"Klotho Neurosciences, Inc.",Biotechnology
KOD,Kodiak Sciences Inc.,Biotechnology
KPRX,"Kiora Pharmaceuticals, Inc.",Biotechnology
KPTI,Karyopharm Therapeutics Inc.,Biotechnology
KRON,"Kronos Bio, Inc.",Biotechnology
KROS,"Keros Therapeutics, Inc.",Biotechnology
KRRO,"Korro Bio, Inc.",Biotechnology
KRYS,"Krystal Biotech, Inc.",Biotechnology
KTTA,Pasithea Therapeutics Corp.,Biotechnology
KURA,"Kura Oncology, Inc.",Biotechnology
KYMR,"Kymera Therapeutics, Inc.",Biotechnology
KYTX,"Kyverna Therapeutics, Inc.",Biotechnology
KZIA,Kazia Therapeutics Limited,Biotechnology
KZR,"Kezar Life Sciences, Inc.",Biotechnology
LCTX,"Lineage Cell Therapeutics, Inc.",Biotechnology
LEGN,Legend Biotech Corporation,Biotechnology
LENZ,"LENZ Therapeutics, Inc.",Biotechnology
LEXX,Lexaria Bioscience Corp.,Biotechnology
LGND,Ligand Pharmaceuticals Incorporated,Biotechnology
LGVN,Longeveron Inc.,Biotechnology
LIPO,Lipella Pharmaceuticals Inc.,Biotechnology
LIXT,"Lixte Biotechnology Holdings, Inc.",Biotechnology
LPCN,Lipocine Inc.,Biotechnology
LPTX,"Leap Therapeutics, Inc.",Biotechnology
LQDA,Liquidia Corporation,Biotechnology
LRMR,"Larimar Therapeutics, Inc.",Biotechnology
LSB,"LakeShore Biopharma Co., Ltd",Biotechnology
LSTA,"Lisata Therapeutics, Inc.",Biotechnology
LTRN,Lantern Pharma Inc.,Biotechnology
LVTX,LAVA Therapeutics N.V.,Biotechnology
LXEO,"Lexeo Therapeutics, Inc.",Biotechnology
LXRX,"Lexicon Pharmaceuticals, Inc.",Biotechnology
LYEL,"Lyell Immunopharma, Inc.",Biotechnology
LYRA,"Lyra Therapeutics, Inc.",Biotechnology
MAIA,"MAIA Biotechnology, Inc.",Biotechnology
MAZE,"Maze Therapeutics, Inc.",Biotechnology
MBIO,"Mustang Bio, Inc.",Biotechnology
MBRX,"Moleculin Biotech, Inc.",Biotechnology
MBX,"MBX Biosciences, Inc.",Biotechnology
MCRB,"Seres Therapeutics, Inc.",Biotechnology
MDGL,"Madrigal Pharmaceuticals, Inc.",Biotechnology
MDWD,MediWound Ltd.,Biotechnology
MDXG,"MiMedx Group, Inc.",Biotechnology
MEIP,"MEI Pharma, Inc.",Biotechnology
MESO,Mesoblast Limited,Biotechnology
MGNX,"MacroGenics, Inc.",Biotechnology
MGTX,MeiraGTx Holdings plc,Biotechnology
MGX,"Metagenomi, Inc.",Biotechnology
MIRM,"Mirum Pharmaceuticals, Inc.",Biotechnology
MIST,Milestone Pharmaceuticals Inc.,Biotechnology
MLEC,Moolec Science SA,Biotechnology
MLTX,MoonLake Immunotherapeutics,Biotechnology
MLYS,"Mineralys Therapeutics, Inc.",Biotechnology
MNKD,MannKind Corporation,Biotechnology
MNMD,Mind Medicine (MindMed) Inc.,Biotechnology
MNOV,"MediciNova, Inc.",Biotechnology
MNPR,Monopar Therapeutics Inc.,Biotechnology
MOLN,Molecular Partners AG,Biotechnology
MREO,Mereo BioPharma Group plc,Biotechnology
MRKR,"Marker Therapeutics, Inc.",Biotechnology
MRNA,"Moderna, Inc.",Biotechnology
MRSN,"Mersana Therapeutics, Inc.",Biotechnology
MRUS,Merus N.V.,Biotechnology
MRVI,"Maravai LifeSciences Holdings, Inc.",Biotechnology
MTNB,"Matinas BioPharma Holdings, Inc.",Biotechnology
MTSR,"Metsera, Inc.",Biotechnology
MTVA,MetaVia Inc.,Biotechnology
MURA,Mural Oncology plc,Biotechnology
NAGE,"Niagen Bioscience, Inc.",Biotechnology
NAMS,NewAmsterdam Pharma Company N.V.,Biotechnology
NAUT,"Nautilus Biotechnology, Inc.",Biotechnology
NBTX,Nanobiotix S.A.,Biotechnology
NBY,"NovaBay Pharmaceuticals, Inc.",Biotechnology
NCNA,NuCana plc,Biotechnology
NERV,"Minerva Neurosciences, Inc.",Biotechnology
NEUP,Neuphoria Therapeutics Inc.,Biotechnology
NGNE,Neurogene Inc.,Biotechnology
NKTR,Nektar Therapeutics,Biotechnology
NKTX,"Nkarta, Inc.",Biotechnology
NLSP,NLS Pharmaceutics AG,Biotechnology
NMRA,"Neumora Therapeutics, Inc.",Biotechnology
NNNN,Anbio Biotechnology,Biotechnology
NNVC,"NanoViricides, Inc.",Biotechnology
NRIX,"Nurix Therapeutics, Inc.",Biotechnology
NRSN,NeuroSense Therapeutics Ltd.,Biotechnology
NRXP,"NRx Pharmaceuticals, Inc.",Biotechnology
NRXS,"NeurAxis, Inc.",Biotechnology
NTHI,"NeOnc Technologies Holdings, Inc.",Biotechnology
NTLA,"Intellia Therapeutics, Inc.",Biotechnology
NTRB,Nutriband Inc.,Biotechnology
NUVB,Nuvation Bio Inc.,Biotechnology
NUVL,"Nuvalent, Inc.",Biotechnology
NVAX,"Novavax, Inc.",Biotechnology
NVCT,"Nuvectis Pharma, Inc.",Biotechnology
NXTC,"NextCure, Inc.",Biotechnology
OABI,"OmniAb, Inc.",Biotechnology
OBIO,"Orchestra BioMed Holdings, Inc.",Biotechnology
OCGN,"Ocugen, Inc.",Biotechnology
OCS,Oculis Holding AG,Biotechnology
OCUL,"Ocular Therapeutix, Inc.",Biotechnology
OGEN,"Oragenics, Inc.",Biotechnology
OKUR,"OnKure Therapeutics, Inc.",Biotechnology
OKYO,OKYO Pharma Limited,Biotechnology
OLMA,"Olema Pharmaceuticals, Inc.",Biotechnology
OMER,Omeros Corporation,Biotechnology
ONC,"BeiGene, Ltd.",Biotechnology
ONCO,"Onconetix, Inc.",Biotechnology
ONCY,Oncolytics Biotech Inc.,Biotechnology
OPT,Opthea Limited,Biotechnology
ORIC,"ORIC Pharmaceuticals, Inc.",Biotechnology
ORKA,"Oruka Therapeutics, Inc.",Biotechnology
ORMP,Oramed Pharmaceuticals Inc.,Biotechnology
OSRH,"OSR Holdings, Inc.",Biotechnology
OSTX,OS Therapies Incorporated,Biotechnology
OTLK,"Outlook Therapeutics, Inc.",Biotechnology
OVID,Ovid Therapeutics Inc.,Biotechnology
PALI,"Palisade Bio, Inc.",Biotechnology
PASG,"Passage Bio, Inc.",Biotechnology
PBM,Psyence Biomedical Ltd.,Biotechnology
PBYI,"Puma Biotechnology, Inc.",Biotechnology
PCSA,"Processa Pharmaceuticals, Inc.",Biotechnology
PCVX,"Vaxcyte, Inc.",Biotechnology
PDSB,PDS Biotechnology Corporation,Biotechnology
PEPG,PepGen Inc.,Biotechnology
PGEN,"Precigen, Inc.",Biotechnology
PHAR,Pharming Group N.V.,Biotechnology
PHAT,"Phathom Pharmaceuticals, Inc.",Biotechnology
PHGE,BiomX Inc.,Biotechnology
PHIO,Phio Pharmaceuticals Corp.,Biotechnology
PHVS,Pharvaris N.V.,Biotechnology
PLRX,"Pliant Therapeutics, Inc.",Biotechnology
PLRZ,Polyrizon Ltd.,Biotechnology
PLUR,Pluri Inc.,Biotechnology
PLX,"Protalix BioTherapeutics, Inc.",Biotechnology
PMCB,"PharmaCyte Biotech, Inc.",Biotechnology
PMN,"ProMIS Neurosciences, Inc.",Biotechnology
PMVP,"PMV Pharmaceuticals, Inc.",Biotechnology
PPBT,Purple Biotech Ltd,Biotechnology
PRAX,"Praxis Precision Medicines, Inc.",Biotechnology
PRLD,Prelude Therapeutics Incorporated,Biotechnology
PRME,"Prime Medicine, Inc.",Biotechnology
PROK,ProKidney Corp.,Biotechnology
PRQR,ProQR Therapeutics N.V.,Biotechnology
PRTA,Prothena Corporation plc,Biotechnology
PRTC,PureTech Health plc,Biotechnology
PRTG,Portage Biotech Inc.,Biotechnology
PSTV,"Plus Therapeutics, Inc.",Biotechnology
PTCT,"PTC Therapeutics, Inc.",Biotechnology
PTGX,"Protagonist Therapeutics, Inc.",Biotechnology
PTIX,"Protagenic Therapeutics, Inc.",Biotechnology
PTN,"Palatin Technologies, Inc.",Biotechnology
PULM,"Pulmatrix, Inc.",Biotechnology
PVLA,"Palvella Therapeutics, Inc.",Biotechnology
PYPD,PolyPid Ltd.,Biotechnology
PYXS,"Pyxis Oncology, Inc.",Biotechnology
QLGN,"Qualigen Therapeutics, Inc.",Biotechnology
QNCX,"Quince Therapeutics, Inc.",Biotechnology
QNRX,"Quoin Pharmaceuticals, Ltd.",Biotechnology
QTTB,Q32 Bio Inc.,Biotechnology
QURE,uniQure N.V.,Biotechnology
RADX,Radiopharm Theranostics Limited,Biotechnology
RANI,"Rani Therapeutics Holdings, Inc.",Biotechnology
RAPP,"Rapport Therapeutics, Inc.",Biotechnology
RAPT,"RAPT Therapeutics, Inc.",Biotechnology
RARE,Ultragenyx Pharmaceutical Inc.,Biotechnology
RCKT,"Rocket Pharmaceuticals, Inc.",Biotechnology
RCUS,"Arcus Biosciences, Inc.",Biotechnology
REGN,"Regeneron Pharmaceuticals, Inc.",Biotechnology
RENB,Renovaro Inc.,Biotechnology
REPL,"Replimune Group, Inc.",Biotechnology
REVB,"Revelation Biosciences, Inc.",Biotechnology
RGLS,Regulus Therapeutics Inc.,Biotechnology
RGNX,REGENXBIO Inc.,Biotechnology
RIGL,"Rigel Pharmaceuticals, Inc.",Biotechnology
RLAY,"Relay Therapeutics, Inc.",Biotechnology
RLMD,"Relmada Therapeutics, Inc.",Biotechnology
RLYB,Rallybio Corporation,Biotechnology
RNA,"Avidity Biosciences, Inc.",Biotechnology
RNAC,"Cartesian Therapeutics, Inc.",Biotechnology
RNAZ,"TransCode Therapeutics, Inc.",Biotechnology
RNTX,Rein Therapeutics Inc.,Biotechnology
RNXT,"RenovoRx, Inc.",Biotechnology
ROIV,Roivant Sciences Ltd.,Biotechnology
RPRX,Royalty Pharma plc,Biotechnology
RPTX,Repare Therapeutics Inc.,Biotechnology
RVMD,"Revolution Medicines, Inc.",Biotechnology
RVPH,"Reviva Pharmaceuticals Holdings, Inc.",Biotechnology
RXRX,"Recursion Pharmaceuticals, Inc.",Biotechnology
RYTM,"Rhythm Pharmaceuticals, Inc.",Biotechnology
RZLT,"Rezolute, Inc.",Biotechnology
SABS,"SAB Biotherapeutics, Inc.",Biotechnology
SAGE,"Sage Therapeutics, Inc.",Biotechnology
SANA,"Sana Biotechnology, Inc.",Biotechnology
SAVA,"Cassava Sciences, Inc.",Biotechnology
SCNI,Scinai Immunotherapeutics Ltd.,Biotechnology
SCPH,scPharmaceuticals Inc.,Biotechnology
SEER,"Seer, Inc.",Biotechnology
SEPN,"Septerna, Inc.",Biotechnology
SER,"Serina Therapeutics, Inc.",Biotechnology
SGMO,"Sangamo Therapeutics, Inc.",Biotechnology
SGMT,Sagimet Biosciences Inc.,Biotechnology
SILO,"Silo Pharma, Inc.",Biotechnology
SION,"Sionna Therapeutics, Inc.",Biotechnology
SKYE,"Skye Bioscience, Inc.",Biotechnology
SLDB,Solid Biosciences Inc.,Biotechnology
SLGL,Sol-Gel Technologies Ltd.,Biotechnology
SLN,Silence Therapeutics plc,Biotechnology
SLNO,"Soleno Therapeutics, Inc.",Biotechnology
SLRN,"Acelyrin, Inc.",Biotechnology
SLRX,"Salarius Pharmaceuticals, Inc.",Biotechnology
SLS,"SELLAS Life Sciences Group, Inc.",Biotechnology
SLXN,Silexion Therapeutics Corp,Biotechnology
SMMT,Summit Therapeutics Inc.,Biotechnology
SNDX,"Syndax Pharmaceuticals, Inc.",Biotechnology
SNGX,"Soligenix, Inc.",Biotechnology
SNPX,"Synaptogenix, Inc.",Biotechnology
SNSE,"Sensei Biotherapeutics, Inc.",Biotechnology
SNTI,"Senti Biosciences, Inc.",Biotechnology
SONN,"Sonnet BioTherapeutics Holdings, Inc.",Biotechnology
SPRC,SciSparc Ltd.,Biotechnology
SPRO,"Spero Therapeutics, Inc.",Biotechnology
SPRY,"ARS Pharmaceuticals, Inc.",Biotechnology
SRPT,"Sarepta Therapeutics, Inc.",Biotechnology
SRRK,Scholar Rock Holding Corporation,Biotechnology
SRZN,"Surrozen, Inc.",Biotechnology
STOK,"Stoke Therapeutics, Inc.",Biotechnology
STRO,"Sutro Biopharma, Inc.",Biotechnology
STTK,"Shattuck Labs, Inc.",Biotechnology
SVRA,Savara Inc.,Biotechnology
SWTX,"SpringWorks Therapeutics, Inc.",Biotechnology
SXTP,"60 Degrees Pharmaceuticals, Inc.",Biotechnology
SYBX,"Synlogic, Inc.",Biotechnology
SYRE,"Spyre Therapeutics, Inc.",Biotechnology
TARA,"Protara Therapeutics, Inc.",Biotechnology
TARS,"Tarsus Pharmaceuticals, Inc.",Biotechnology
TBPH,"Theravance Biopharma, Inc.",Biotechnology
TCRT,"Alaunos Therapeutics, Inc.",Biotechnology
TCRX,"TScan Therapeutics, Inc.",Biotechnology
TECH,Bio-Techne Corporation,Biotechnology
TECX,"Tectonic Therapeutic, Inc.",Biotechnology
TELO,"Telomir Pharmaceuticals, Inc.",Biotechnology
TENX,"Tenax Therapeutics, Inc.",Biotechnology
TERN,"Terns Pharmaceuticals, Inc.",Biotechnology
TGTX,"TG Therapeutics, Inc.",Biotechnology
THAR,"Tharimmune, Inc.",Biotechnology
THRD,"Third Harmonic Bio, Inc.",Biotechnology
THTX,Theratechnologies Inc.,Biotechnology
TIL,"Instil Bio, Inc.",Biotechnology
TLSA,Tiziana Life Sciences Ltd,Biotechnology
TLX,Telix Pharmaceuticals Limited,Biotechnology
TNFA,"TNF Pharmaceuticals, Inc.",Biotechnology
TNGX,"Tango Therapeutics, Inc.",Biotechnology
TNXP,Tonix Pharmaceuticals Holding Corp.,Biotechnology
TNYA,"Tenaya Therapeutics, Inc.",Biotechnology
TOVX,"Theriva Biologics, Inc.",Biotechnology
TPST,"Tempest Therapeutics, Inc.",Biotechnology
TRAW,"Traws Pharma, Inc.",Biotechnology
TRDA,"Entrada Therapeutics, Inc.",Biotechnology
TRML,"Tourmaline Bio, Inc.",Biotechnology
TRVI,"Trevi Therapeutics, Inc.",Biotechnology
TSBX,Turnstone Biologics Corp.,Biotechnology
TSHA,"Taysha Gene Therapies, Inc.",Biotechnology
TSVT,"2seventy bio, Inc.",Biotechnology
TTNP,"Titan Pharmaceuticals, Inc.",Biotechnology
TVGN,Tevogen Bio Holdings Inc.,Biotechnology
TVRD,"Tvardi Therapeutics, Inc.",Biotechnology
TVTX,"Travere Therapeutics, Inc.",Biotechnology
TYRA,"Tyra Biosciences, Inc.",Biotechnology
UBX,"Unity Biotechnology, Inc.",Biotechnology
UNCY,"Unicycive Therapeutics, Inc.",Biotechnology
UPB,"Upstream Bio, Inc.",Biotechnology
URGN,UroGen Pharma Ltd.,Biotechnology
VALN,Valneva SE,Biotechnology
VANI,"Vivani Medical, Inc.",Biotechnology
VCEL,Vericel Corporation,Biotechnology
VERA,"Vera Therapeutics, Inc.",Biotechnology
VERU,Veru Inc.,Biotechnology
VERV,"Verve Therapeutics, Inc.",Biotechnology
VIGL,"Vigil Neuroscience, Inc.",Biotechnology
VIR,"Vir Biotechnology, Inc.",Biotechnology
VIVS,"VivoSim Labs, Inc.",Biotechnology
VKTX,"Viking Therapeutics, Inc.",Biotechnology
VNDA,Vanda Pharmaceuticals Inc.,Biotechnology
VOR,Vor Biopharma Inc.,Biotechnology
VRAX,Virax Biolabs Group Limited,Biotechnology
VRCA,Verrica Pharmaceuticals Inc.,Biotechnology
VRDN,"Viridian Therapeutics, Inc.",Biotechnology
VRNA,Verona Pharma plc,Biotechnology
VRTX,Vertex Pharmaceuticals Incorporated,Biotechnology
VSTM,"Verastem, Inc.",Biotechnology
VTGN,"Vistagen Therapeutics, Inc.",Biotechnology
VTVT,vTv Therapeutics Inc.,Biotechnology
VTYX,"Ventyx Biosciences, Inc.",Biotechnology
VXRT,"Vaxart, Inc.",Biotechnology
VYGR,"Voyager Therapeutics, Inc.",Biotechnology
VYNE,VYNE Therapeutics Inc.,Biotechnology
WHWK,"Whitehawk Therapeutics, Inc.",Biotechnology
WINT,"Windtree Therapeutics, Inc.",Biotechnology
WVE,Wave Life Sciences Ltd.,Biotechnology
XBIO,"Xenetic Biosciences, Inc.",Biotechnology
XBIT,XBiotech Inc.,Biotechnology
XCUR,"Exicure, Inc.",Biotechnology
XENE,Xenon Pharmaceuticals Inc.,Biotechnology
XERS,"Xeris Biopharma Holdings, Inc.",Biotechnology
XFOR,"X4 Pharmaceuticals, Inc.",Biotechnology
XLO,"Xilio Therapeutics, Inc.",Biotechnology
XNCR,"Xencor, Inc.",Biotechnology
XOMA,XOMA Royalty Corporation,Biotechnology
XRTX,XORTX Therapeutics Inc.,Biotechnology
XTLB,XTL Biopharmaceuticals Ltd.,Biotechnology
YMAB,"Y-mAbs Therapeutics, Inc.",Biotechnology
ZBIO,"Zenas BioPharma, Inc.",Biotechnology
ZLAB,Zai Lab Limited,Biotechnology
ZNTL,"Zentalis Pharmaceuticals, Inc.",Biotechnology
ZURA,Zura Bio Limited,Biotechnology
ZVRA,"Zevra Therapeutics, Inc.",Biotechnology
ZVSA,"ZyVersa Therapeutics, Inc.",Biotechnology
ZYME,Zymeworks Inc.,Biotechnology
BF.A,Brown-Forman Corporation,Beverages - Wineries & Distilleries
BF.B,Brown-Forman Corporation,Beverages - Wineries & Distilleries
BLNE,"Beeline Holdings, Inc.",Beverages - Wineries & Distilleries
CASK,"Heritage Distilling Holding Company, Inc.",Beverages - Wineries & Distilleries
DEO,Diageo plc,Beverages - Wineries & Distilleries
EPSM,Epsium Enterprise Limited,Beverages - Wineries & Distilleries
IBG,Innovation Beverage Group Limited,Beverages - Wineries & Distilleries
MGPI,"MGP Ingredients, Inc.",Beverages - Wineries & Distilleries
SBEV,"Splash Beverage Group, Inc.",Beverages - Wineries & Distilleries
SNDL,SNDL Inc.,Beverages - Wineries & Distilleries
WVVI,"Willamette Valley Vineyards, Inc.",Beverages - Wineries & Distilleries
YHC,LQR House Inc.,Beverages - Wineries & Distilleries
AKO.A,Embotelladora Andina S.A.,Beverages - Non-Alcoholic
AKO.B,Embotelladora Andina S.A.,Beverages - Non-Alcoholic
BRFH,"Barfresh Food Group, Inc.",Beverages - Non-Alcoholic
CCEP,Coca-Cola Europacific Partners PLC,Beverages - Non-Alcoholic
CELH,"Celsius Holdings, Inc.",Beverages - Non-Alcoholic
COCO,"The Vita Coco Company, Inc.",Beverages - Non-Alcoholic
COKE,"Coca-Cola Consolidated, Inc.",Beverages - Non-Alcoholic
FIZZ,National Beverage Corp.,Beverages - Non-Alcoholic
KDP,Keurig Dr Pepper Inc.,Beverages - Non-Alcoholic
KO,The Coca-Cola Company,Beverages - Non-Alcoholic
KOF,"Coca-Cola FEMSA, S.A.B. de C.V.",Beverages - Non-Alcoholic
MNST,Monster Beverage Corporation,Beverages - Non-Alcoholic
MWYN,"Marwynn Holdings, Inc.",Beverages - Non-Alcoholic
PEP,"PepsiCo, Inc.",Beverages - Non-Alcoholic
PRMB,Primo Brands Corporation,Beverages - Non-Alcoholic
SHOT,"Safety Shot, Inc.",Beverages - Non-Alcoholic
STKL,SunOpta Inc.,Beverages - Non-Alcoholic
ZVIA,Zevia PBC,Beverages - Non-Alcoholic
ABEV,Ambev S.A.,Beverages - Brewers
BUD,Anheuser-Busch InBev SA/NV,Beverages - Brewers
CCU,Compañía Cervecerías Unidas S.A.,Beverages - Brewers
FMX,"Fomento Económico Mexicano, S.A.B. de C.V.",Beverages - Brewers
SAM,"The Boston Beer Company, Inc.",Beverages - Brewers
STZ,"Constellation Brands, Inc.",Beverages - Brewers
TAP,Molson Coors Beverage Company,Beverages - Brewers
TAP.A,Molson Coors Beverage Company,Beverages - Brewers
ABCB,Ameris Bancorp,Banks - Regional
ACNB,ACNB Corporation,Banks - Regional
AFBI,"Affinity Bancshares, Inc.",Banks - Regional
ALRS,Alerus Financial Corporation,Banks - Regional
AMAL,Amalgamated Financial Corp.,Banks - Regional
AMTB,Amerant Bancorp Inc.,Banks - Regional
AROW,Arrow Financial Corporation,Banks - Regional
ASB,Associated Banc-Corp,Banks - Regional
ASRV,"AmeriServ Financial, Inc.",Banks - Regional
ATLO,Ames National Corporation,Banks - Regional
AUB,Atlantic Union Bankshares Corporation,Banks - Regional
AUBN,"Auburn National Bancorporation, Inc.",Banks - Regional
AVAL,Grupo Aval Acciones y Valores S.A.,Banks - Regional
AX,"Axos Financial, Inc.",Banks - Regional
BAFN,BayFirst Financial Corp.,Banks - Regional
BANC,"Banc of California, Inc.",Banks - Regional
BANF,BancFirst Corporation,Banks - Regional
BANR,Banner Corporation,Banks - Regional
BAP,Credicorp Ltd.,Banks - Regional
BBAR,Banco BBVA Argentina S.A.,Banks - Regional
BBD,Banco Bradesco S.A.,Banks - Regional
BBDO,Banco Bradesco S.A.,Banks - Regional
BCAL,California BanCorp.,Banks - Regional
BCBP,"BCB Bancorp, Inc.",Banks - Regional
BCH,Banco de Chile,Banks - Regional
BCML,BayCom Corp,Banks - Regional
BFC,Bank First Corporation,Banks - Regional
BFIN,BankFinancial Corporation,Banks - Regional
BFST,"Business First Bancshares, Inc.",Banks - Regional
BHB,Bar Harbor Bankshares,Banks - Regional
BHLB,"Berkshire Hills Bancorp, Inc.",Banks - Regional
BHRB,Burke & Herbert Financial Services Corp.,Banks - Regional
BKU,"BankUnited, Inc.",Banks - Regional
BLFY,Blue Foundry Bancorp,Banks - Regional
BLX,"Banco Latinoamericano de Comercio Exterior, S. A.",Banks - Regional
BMA,Banco Macro S.A.,Banks - Regional
BMRC,Bank of Marin Bancorp,Banks - Regional
BOH,Bank of Hawaii Corporation,Banks - Regional
BOKF,BOK Financial Corporation,Banks - Regional
BOTJ,"Bank of the James Financial Group, Inc.",Banks - Regional
BPOP,"Popular, Inc.",Banks - Regional
BPRN,"Princeton Bancorp, Inc.",Banks - Regional
BRBS,"Blue Ridge Bankshares, Inc.",Banks - Regional
BRKL,"Brookline Bancorp, Inc.",Banks - Regional
BSAC,Banco Santander-Chile,Banks - Regional
BSBK,Bogota Financial Corp.,Banks - Regional
BSBR,Banco Santander (Brasil) S.A.,Banks - Regional
BSRR,Sierra Bancorp,Banks - Regional
BSVN,Bank7 Corp.,Banks - Regional
BUSE,First Busey Corporation,Banks - Regional
BVFL,"BV Financial, Inc.",Banks - Regional
BWB,"Bridgewater Bancshares, Inc.",Banks - Regional
BWFG,"Bankwell Financial Group, Inc.",Banks - Regional
BY,"Byline Bancorp, Inc.",Banks - Regional
BYFC,Broadway Financial Corporation,Banks - Regional
CAC,Camden National Corporation,Banks - Regional
CADE,Cadence Bank,Banks - Regional
CARE,"Carter Bankshares, Inc.",Banks - Regional
CARV,"Carver Bancorp, Inc.",Banks - Regional
CASH,"Pathward Financial, Inc.",Banks - Regional
CATY,Cathay General Bancorp,Banks - Regional
CBAN,"Colony Bankcorp, Inc.",Banks - Regional
CBFV,"CB Financial Services, Inc.",Banks - Regional
CBNA,"Chain Bridge Bancorp, Inc.",Banks - Regional
CBNK,"Capital Bancorp, Inc.",Banks - Regional
CBSH,"Commerce Bancshares, Inc.",Banks - Regional
CBU,"Community Financial System, Inc.",Banks - Regional
CCB,Coastal Financial Corporation,Banks - Regional
CCBG,"Capital City Bank Group, Inc.",Banks - Regional
CCNE,CNB Financial Corporation,Banks - Regional
CFBK,CF Bankshares Inc.,Banks - Regional
CFFI,C&F Financial Corporation,Banks - Regional
CFFN,"Capitol Federal Financial, Inc.",Banks - Regional
CFG,"Citizens Financial Group, Inc.",Banks - Regional
CFR,"Cullen/Frost Bankers, Inc.",Banks - Regional
CFSB,"CFSB Bancorp, Inc.",Banks - Regional
CHCO,City Holding Company,Banks - Regional
CHMG,Chemung Financial Corporation,Banks - Regional
CIB,Bancolombia S.A.,Banks - Regional
CIVB,"Civista Bancshares, Inc.",Banks - Regional
CLBK,"Columbia Financial, Inc.",Banks - Regional
CLST,"Catalyst Bancorp, Inc.",Banks - Regional
CMA,Comerica Incorporated,Banks - Regional
CNOB,"ConnectOne Bancorp, Inc.",Banks - Regional
COFS,"ChoiceOne Financial Services, Inc.",Banks - Regional
COLB,"Columbia Banking System, Inc.",Banks - Regional
CPBI,"Central Plains Bancshares, Inc.",Banks - Regional
CPF,Central Pacific Financial Corp.,Banks - Regional
CTBI,"Community Trust Bancorp, Inc.",Banks - Regional
CUBI,"Customers Bancorp, Inc.",Banks - Regional
CVBF,CVB Financial Corp.,Banks - Regional
CWBC,Community West Bancshares,Banks - Regional
CZFS,"Citizens Financial Services, Inc.",Banks - Regional
CZNC,Citizens & Northern Corporation,Banks - Regional
CZWI,"Citizens Community Bancorp, Inc.",Banks - Regional
DB,Deutsche Bank Aktiengesellschaft,Banks - Regional
DCOM,"Dime Community Bancshares, Inc.",Banks - Regional
EBC,"Eastern Bankshares, Inc.",Banks - Regional
EBMT,"Eagle Bancorp Montana, Inc.",Banks - Regional
EBTC,"Enterprise Bancorp, Inc.",Banks - Regional
ECBK,"ECB Bancorp, Inc.",Banks - Regional
EFSC,Enterprise Financial Services Corp,Banks - Regional
EFSI,"Eagle Financial Services, Inc.",Banks - Regional
EGBN,"Eagle Bancorp, Inc.",Banks - Regional
EQBK,"Equity Bancshares, Inc.",Banks - Regional
ESQ,"Esquire Financial Holdings, Inc.",Banks - Regional
ESSA,"ESSA Bancorp, Inc.",Banks - Regional
EVBN,"Evans Bancorp, Inc.",Banks - Regional
EWBC,"East West Bancorp, Inc.",Banks - Regional
FBIZ,"First Business Financial Services, Inc.",Banks - Regional
FBK,FB Financial Corporation,Banks - Regional
FBLA,"FB Bancorp, Inc.",Banks - Regional
FBNC,First Bancorp,Banks - Regional
FBP,First BanCorp.,Banks - Regional
FCAP,"First Capital, Inc.",Banks - Regional
FCBC,"First Community Bankshares, Inc.",Banks - Regional
FCCO,First Community Corporation,Banks - Regional
FCF,First Commonwealth Financial Corporation,Banks - Regional
FCNCA,"First Citizens BancShares, Inc.",Banks - Regional
FCNCO,"First Citizens BancShares, Inc.",Banks - Regional
FDBC,"Fidelity D & D Bancorp, Inc.",Banks - Regional
FDSB,"Fifth District Bancorp, Inc.",Banks - Regional
FFBC,First Financial Bancorp.,Banks - Regional
FFIC,Flushing Financial Corporation,Banks - Regional
FFIN,"First Financial Bankshares, Inc.",Banks - Regional
FFWM,First Foundation Inc.,Banks - Regional
FGBI,"First Guaranty Bancshares, Inc.",Banks - Regional
FHB,"First Hawaiian, Inc.",Banks - Regional
FHN,First Horizon Corporation,Banks - Regional
FIBK,"First Interstate BancSystem, Inc.",Banks - Regional
FINW,FinWise Bancorp,Banks - Regional
FISI,"Financial Institutions, Inc.",Banks - Regional
FITB,Fifth Third Bancorp,Banks - Regional
FLG,"Flagstar Financial, Inc.",Banks - Regional
FLIC,The First of Long Island Corporation,Banks - Regional
FMAO,"Farmers & Merchants Bancorp, Inc.",Banks - Regional
FMBH,"First Mid Bancshares, Inc.",Banks - Regional
FMNB,Farmers National Banc Corp.,Banks - Regional
FNB,F.N.B. Corporation,Banks - Regional
FNLC,"The First Bancorp, Inc.",Banks - Regional
FNWB,First Northwest Bancorp,Banks - Regional
FNWD,Finward Bancorp,Banks - Regional
FRAF,Franklin Financial Services Corporation,Banks - Regional
FRBA,First Bank,Banks - Regional
FRME,First Merchants Corporation,Banks - Regional
FRST,Primis Financial Corp.,Banks - Regional
FSBC,Five Star Bancorp,Banks - Regional
FSBW,"FS Bancorp, Inc.",Banks - Regional
FSEA,"First Seacoast Bancorp, Inc.",Banks - Regional
FSFG,"First Savings Financial Group, Inc.",Banks - Regional
FSUN,FirstSun Capital Bancorp,Banks - Regional
FULT,Fulton Financial Corporation,Banks - Regional
FUNC,First United Corporation,Banks - Regional
FUSB,"First US Bancshares, Inc.",Banks - Regional
FVCB,"FVCBankcorp, Inc.",Banks - Regional
FXNC,First National Corporation,Banks - Regional
GABC,"German American Bancorp, Inc.",Banks - Regional
GBCI,"Glacier Bancorp, Inc.",Banks - Regional
GBFH,GBank Financial Holdings Inc.,Banks - Regional
GCBC,"Greene County Bancorp, Inc.",Banks - Regional
GGAL,Grupo Financiero Galicia S.A.,Banks - Regional
GLBZ,Glen Burnie Bancorp,Banks - Regional
GNTY,"Guaranty Bancshares, Inc.",Banks - Regional
GSBC,"Great Southern Bancorp, Inc.",Banks - Regional
HAFC,Hanmi Financial Corporation,Banks - Regional
HBAN,Huntington Bancshares Incorporated,Banks - Regional
HBCP,"Home Bancorp, Inc.",Banks - Regional
HBNC,"Horizon Bancorp, Inc.",Banks - Regional
HBT,"HBT Financial, Inc.",Banks - Regional
HDB,HDFC Bank Limited,Banks - Regional
HFBL,"Home Federal Bancorp, Inc. of Louisiana",Banks - Regional
HFWA,Heritage Financial Corporation,Banks - Regional
HIFS,Hingham Institution for Savings,Banks - Regional
HMST,"HomeStreet, Inc.",Banks - Regional
HNVR,"Hanover Bancorp, Inc.",Banks - Regional
HOMB,"Home Bancshares, Inc. (Conway, AR)",Banks - Regional
HONE,"HarborOne Bancorp, Inc.",Banks - Regional
HOPE,"Hope Bancorp, Inc.",Banks - Regional
HTB,"HomeTrust Bancshares, Inc.",Banks - Regional
HTBK,Heritage Commerce Corp,Banks - Regional
HWBK,"Hawthorn Bancshares, Inc.",Banks - Regional
HWC,Hancock Whitney Corporation,Banks - Regional
IBCP,Independent Bank Corporation,Banks - Regional
IBN,ICICI Bank Limited,Banks - Regional
IBOC,International Bancshares Corporation,Banks - Regional
IFS,Intercorp Financial Services Inc.,Banks - Regional
INBK,First Internet Bancorp,Banks - Regional
INDB,Independent Bank Corp.,Banks - Regional
INTR,"Inter & Co, Inc.",Banks - Regional
IROQ,"IF Bancorp, Inc.",Banks - Regional
ISTR,Investar Holding Corporation,Banks - Regional
ITUB,Itaú Unibanco Holding S.A.,Banks - Regional
JMSB,"John Marshall Bancorp, Inc.",Banks - Regional
KB,KB Financial Group Inc.,Banks - Regional
KEY,KeyCorp,Banks - Regional
KFFB,Kentucky First Federal Bancorp,Banks - Regional
KRNY,Kearny Financial Corp.,Banks - Regional
LARK,"Landmark Bancorp, Inc.",Banks - Regional
LC,LendingClub Corporation,Banks - Regional
LCNB,LCNB Corp.,Banks - Regional
LKFN,Lakeland Financial Corporation,Banks - Regional
LNKB,"LINKBANCORP, Inc.",Banks - Regional
LOB,"Live Oak Bancshares, Inc.",Banks - Regional
LSBK,"Lake Shore Bancorp, Inc.",Banks - Regional
LYG,Lloyds Banking Group plc,Banks - Regional
MBBC,"Marathon Bancorp, Inc.",Banks - Regional
MBCN,Middlefield Banc Corp.,Banks - Regional
MBIN,Merchants Bancorp,Banks - Regional
MBWM,Mercantile Bank Corporation,Banks - Regional
MCB,Metropolitan Bank Holding Corp.,Banks - Regional
MCBS,"MetroCity Bankshares, Inc.",Banks - Regional
MFG,"Mizuho Financial Group, Inc.",Banks - Regional
MGYR,"Magyar Bancorp, Inc.",Banks - Regional
MNSB,"MainStreet Bancshares, Inc.",Banks - Regional
MOFG,"MidWestOne Financial Group, Inc.",Banks - Regional
MPB,"Mid Penn Bancorp, Inc.",Banks - Regional
MRBK,Meridian Corporation,Banks - Regional
MSBI,"Midland States Bancorp, Inc.",Banks - Regional
MTB,M&T Bank Corporation,Banks - Regional
MVBF,MVB Financial Corp.,Banks - Regional
MYFW,"First Western Financial, Inc.",Banks - Regional
NBBK,"NB Bancorp, Inc.",Banks - Regional
NBHC,National Bank Holdings Corporation,Banks - Regional
NBN,Northeast Bank,Banks - Regional
NBTB,NBT Bancorp Inc.,Banks - Regional
NECB,"Northeast Community Bancorp, Inc.",Banks - Regional
NEWT,"NewtekOne, Inc.",Banks - Regional
NFBK,"Northfield Bancorp, Inc. (Staten Island, NY)",Banks - Regional
NIC,"Nicolet Bankshares, Inc.",Banks - Regional
NKSH,"National Bankshares, Inc.",Banks - Regional
NPB,"Northpointe Bancshares, Inc.",Banks - Regional
NRIM,"Northrim BanCorp, Inc.",Banks - Regional
NSTS,"NSTS Bancorp, Inc.",Banks - Regional
NU,Nu Holdings Ltd.,Banks - Regional
NWBI,"Northwest Bancshares, Inc.",Banks - Regional
NWFL,Norwood Financial Corp.,Banks - Regional
NWG,NatWest Group plc,Banks - Regional
OBK,"Origin Bancorp, Inc.",Banks - Regional
OBT,"Orange County Bancorp, Inc.",Banks - Regional
OCFC,OceanFirst Financial Corp.,Banks - Regional
OFG,OFG Bancorp,Banks - Regional
ONB,Old National Bancorp,Banks - Regional
OPBK,OP Bancorp,Banks - Regional
OPHC,"OptimumBank Holdings, Inc.",Banks - Regional
OPOF,Old Point Financial Corporation,Banks - Regional
ORRF,"Orrstown Financial Services, Inc.",Banks - Regional
OSBC,"Old Second Bancorp, Inc.",Banks - Regional
OVBC,Ohio Valley Banc Corp.,Banks - Regional
OVLY,Oak Valley Bancorp,Banks - Regional
OZK,Bank OZK,Banks - Regional
PB,"Prosperity Bancshares, Inc.",Banks - Regional
PBBK,"PB Bankshares, Inc.",Banks - Regional
PBFS,"Pioneer Bancorp, Inc.",Banks - Regional
PBHC,"Pathfinder Bancorp, Inc.",Banks - Regional
PCB,PCB Bancorp,Banks - Regional
PDLB,"Ponce Financial Group, Inc.",Banks - Regional
PEBK,"Peoples Bancorp of North Carolina, Inc.",Banks - Regional
PEBO,Peoples Bancorp Inc.,Banks - Regional
PFBC,Preferred Bank,Banks - Regional
PFIS,Peoples Financial Services Corp.,Banks - Regional
PFS,"Provident Financial Services, Inc.",Banks - Regional
PGC,Peapack-Gladstone Financial Corporation,Banks - Regional
PKBK,"Parke Bancorp, Inc.",Banks - Regional
PLBC,Plumas Bancorp,Banks - Regional
PNBK,"Patriot National Bancorp, Inc.",Banks - Regional
PNC,"The PNC Financial Services Group, Inc.",Banks - Regional
PNFP,"Pinnacle Financial Partners, Inc.",Banks - Regional
PPBI,"Pacific Premier Bancorp, Inc.",Banks - Regional
PRK,Park National Corporation,Banks - Regional
PROV,"Provident Financial Holdings, Inc.",Banks - Regional
PVBC,"Provident Bancorp, Inc.",Banks - Regional
PWOD,"Penns Woods Bancorp, Inc.",Banks - Regional
QCRH,"QCR Holdings, Inc.",Banks - Regional
RBB,RBB Bancorp,Banks - Regional
RBCAA,"Republic Bancorp, Inc.",Banks - Regional
RBKB,"Rhinebeck Bancorp, Inc.",Banks - Regional
RF,Regions Financial Corporation,Banks - Regional
RMBI,"Richmond Mutual Bancorporation, Inc.",Banks - Regional
RNST,Renasant Corporation,Banks - Regional
RRBI,"Red River Bancshares, Inc.",Banks - Regional
RVSB,"Riverview Bancorp, Inc.",Banks - Regional
SBCF,Seacoast Banking Corporation of Florida,Banks - Regional
SBFG,"SB Financial Group, Inc.",Banks - Regional
SBSI,"Southside Bancshares, Inc.",Banks - Regional
SFBC,"Sound Financial Bancorp, Inc.",Banks - Regional
SFBS,"ServisFirst Bancshares, Inc.",Banks - Regional
SFNC,Simmons First National Corporation,Banks - Regional
SFST,"Southern First Bancshares, Inc.",Banks - Regional
SHBI,"Shore Bancshares, Inc.",Banks - Regional
SHFS,"SHF Holdings, Inc.",Banks - Regional
SHG,"Shinhan Financial Group Co., Ltd.",Banks - Regional
SMBC,"Southern Missouri Bancorp, Inc.",Banks - Regional
SMBK,"SmartFinancial, Inc.",Banks - Regional
SNV,Synovus Financial Corp.,Banks - Regional
SPFI,"South Plains Financial, Inc.",Banks - Regional
SRBK,"SR Bancorp, Inc.",Banks - Regional
SRCE,1st Source Corporation,Banks - Regional
SSB,SouthState Corporation,Banks - Regional
SSBI,Summit State Bank,Banks - Regional
SSBK,"Southern States Bancshares, Inc.",Banks - Regional
STBA,"S&T Bancorp, Inc.",Banks - Regional
STEL,"Stellar Bancorp, Inc.",Banks - Regional
SUPV,Grupo Supervielle S.A.,Banks - Regional
SYBT,"Stock Yards Bancorp, Inc.",Banks - Regional
TBBK,"The Bancorp, Inc.",Banks - Regional
TCBI,"Texas Capital Bancshares, Inc.",Banks - Regional
TCBK,TriCo Bancshares,Banks - Regional
TCBS,"Texas Community Bancshares, Inc.",Banks - Regional
TCBX,"Third Coast Bancshares, Inc.",Banks - Regional
TFC,Truist Financial Corporation,Banks - Regional
TFIN,"Triumph Financial, Inc.",Banks - Regional
TFSL,TFS Financial Corporation,Banks - Regional
THFF,First Financial Corporation,Banks - Regional
TMP,Tompkins Financial Corporation,Banks - Regional
TOWN,TowneBank,Banks - Regional
TRMK,Trustmark Corporation,Banks - Regional
TRST,TrustCo Bank Corp NY,Banks - Regional
TSBK,"Timberland Bancorp, Inc.",Banks - Regional
UBCP,"United Bancorp, Inc.",Banks - Regional
UBFO,United Security Bancshares,Banks - Regional
UBSI,"United Bankshares, Inc.",Banks - Regional
UCB,"United Community Banks, Inc.",Banks - Regional
UMBF,UMB Financial Corporation,Banks - Regional
UNB,"Union Bankshares, Inc.",Banks - Regional
UNTY,"Unity Bancorp, Inc.",Banks - Regional
USB,U.S. Bancorp,Banks - Regional
USCB,"USCB Financial Holdings, Inc.",Banks - Regional
UVSP,Univest Financial Corporation,Banks - Regional
VABK,Virginia National Bankshares Corporation,Banks - Regional
VBNK,VersaBank,Banks - Regional
VBTX,"Veritex Holdings, Inc.",Banks - Regional
VLY,Valley National Bancorp,Banks - Regional
WABC,Westamerica Bancorporation,Banks - Regional
WAFD,"WaFd, Inc.",Banks - Regional
WAL,Western Alliance Bancorporation,Banks - Regional
WASH,"Washington Trust Bancorp, Inc.",Banks - Regional
WBS,Webster Financial Corporation,Banks - Regional
WF,Woori Financial Group Inc.,Banks - Regional
WMPN,William Penn Bancorporation,Banks - Regional
WNEB,"Western New England Bancorp, Inc.",Banks - Regional
WSBC,"WesBanco, Inc.",Banks - Regional
WSBF,"Waterstone Financial, Inc.",Banks - Regional
WSFS,WSFS Financial Corporation,Banks - Regional
WTBA,"West Bancorporation, Inc.",Banks - Regional
WTFC,Wintrust Financial Corporation,Banks - Regional
ZION,"Zions Bancorporation, National Association",Banks - Regional
BAC,Bank of America Corporation,Banks - Diversified
BBVA,"Banco Bilbao Vizcaya Argentaria, S.A.",Banks - Diversified
BCS,Barclays PLC,Banks - Diversified
BK,The Bank of New York Mellon Corporation,Banks - Diversified
BMO,Bank of Montreal,Banks - Diversified
BNS,The Bank of Nova Scotia,Banks - Diversified
C,Citigroup Inc.,Banks - Diversified
CM,Canadian Imperial Bank of Commerce,Banks - Diversified
HSBC,HSBC Holdings plc,Banks - Diversified
ING,ING Groep N.V.,Banks - Diversified
JPM,JPMorgan Chase & Co.,Banks - Diversified
MUFG,"Mitsubishi UFJ Financial Group, Inc.",Banks - Diversified
NTB,The Bank of N.T. Butterfield & Son Limited,Banks - Diversified
RY,Royal Bank of Canada,Banks - Diversified
SAN,"Banco Santander, S.A.",Banks - Diversified
SMFG,"Sumitomo Mitsui Financial Group, Inc.",Banks - Diversified
TD,The Toronto-Dominion Bank,Banks - Diversified
UBS,UBS Group AG,Banks - Diversified
WFC,Wells Fargo & Company,Banks - Diversified
AAP,"Advance Auto Parts, Inc.",Auto Parts
ADNT,Adient plc,Auto Parts
ALSN,"Allison Transmission Holdings, Inc.",Auto Parts
ALV,"Autoliv, Inc.",Auto Parts
APTV,Aptiv PLC,Auto Parts
AXL,"American Axle & Manufacturing Holdings, Inc.",Auto Parts
AZO,"AutoZone, Inc.",Auto Parts
BWA,BorgWarner Inc.,Auto Parts
CAAS,"China Automotive Systems, Inc.",Auto Parts
CPS,Cooper-Standard Holdings Inc.,Auto Parts
CREV,Carbon Revolution Public Limited Company,Auto Parts
CVGI,"Commercial Vehicle Group, Inc.",Auto Parts
DAN,Dana Incorporated,Auto Parts
DORM,"Dorman Products, Inc.",Auto Parts
ECX,ECARX Holdings Inc.,Auto Parts
FOXF,Fox Factory Holding Corp.,Auto Parts
FRSX,Foresight Autonomous Holdings Ltd.,Auto Parts
GNTX,Gentex Corporation,Auto Parts
GPC,Genuine Parts Company,Auto Parts
GT,The Goodyear Tire & Rubber Company,Auto Parts
GTEC,Greenland Technologies Holding Corporation,Auto Parts
GTX,Garrett Motion Inc.,Auto Parts
HLLY,Holley Inc.,Auto Parts
HSAI,Hesai Group,Auto Parts
HYLN,Hyliion Holdings Corp.,Auto Parts
INVZ,Innoviz Technologies Ltd.,Auto Parts
KNDI,"Kandi Technologies Group, Inc.",Auto Parts
LAZR,"Luminar Technologies, Inc.",Auto Parts
LEA,Lear Corporation,Auto Parts
LKQ,LKQ Corporation,Auto Parts
MBLY,Mobileye Global Inc.,Auto Parts
MGA,Magna International Inc.,Auto Parts
MKDW,MKDWELL Tech Inc.,Auto Parts
MLR,"Miller Industries, Inc.",Auto Parts
MNRO,"Monro, Inc.",Auto Parts
MOD,Modine Manufacturing Company,Auto Parts
MPAA,"Motorcar Parts of America, Inc.",Auto Parts
MVST,"Microvast Holdings, Inc.",Auto Parts
ORLY,"O'Reilly Automotive, Inc.",Auto Parts
PHIN,PHINIA Inc.,Auto Parts
PLOW,"Douglas Dynamics, Inc.",Auto Parts
PRTS,"CarParts.com, Inc.",Auto Parts
QS,QuantumScape Corporation,Auto Parts
REE,REE Automotive Ltd.,Auto Parts
SES,SES AI Corporation,Auto Parts
SLDP,"Solid Power, Inc.",Auto Parts
SMP,"Standard Motor Products, Inc.",Auto Parts
SRI,"Stoneridge, Inc.",Auto Parts
STRT,Strattec Security Corporation,Auto Parts
SUP,"Superior Industries International, Inc.",Auto Parts
SYPR,"Sypris Solutions, Inc.",Auto Parts
THRM,Gentherm Incorporated,Auto Parts
VC,Visteon Corporation,Auto Parts
WKSP,Worksport Ltd.,Auto Parts
WPRT,Westport Fuel Systems Inc.,Auto Parts
XPEL,"XPEL, Inc.",Auto Parts
AYRO,"Ayro, Inc.",Auto Manufacturers
CENN,Cenntro Inc.,Auto Manufacturers
CJET,"Chijet Motor Company, Inc.",Auto Manufacturers
CYD,China Yuchai International Limited,Auto Manufacturers
DMN,Damon Inc.,Auto Manufacturers
ECDA,"ECD Automotive Design, Inc.",Auto Manufacturers
EVTV,"Envirotech Vehicles, Inc.",Auto Manufacturers
F,Ford Motor Company,Auto Manufacturers
FFAI,Faraday Future Intelligent Electric Inc.,Auto Manufacturers
FLYE,"Fly-E Group, Inc.",Auto Manufacturers
GGR,Gogoro Inc.,Auto Manufacturers
GM,General Motors Company,Auto Manufacturers
HMC,"Honda Motor Co., Ltd.",Auto Manufacturers
LCID,"Lucid Group, Inc.",Auto Manufacturers
LI,Li Auto Inc.,Auto Manufacturers
LOBO,Lobo EV Technologies Ltd.,Auto Manufacturers
LOT,Lotus Technology Inc.,Auto Manufacturers
LVWR,"LiveWire Group, Inc.",Auto Manufacturers
MULN,"Mullen Automotive, Inc.",Auto Manufacturers
NIO,NIO Inc.,Auto Manufacturers
NIU,Niu Technologies,Auto Manufacturers
NWTN,NWTN Inc.,Auto Manufacturers
PSNY,Polestar Automotive Holding UK PLC,Auto Manufacturers
PSNYW,Polestar Automotive Holding UK PLC,Auto Manufacturers
RACE,Ferrari N.V.,Auto Manufacturers
RIVN,"Rivian Automotive, Inc.",Auto Manufacturers
STLA,Stellantis N.V.,Auto Manufacturers
TM,Toyota Motor Corporation,Auto Manufacturers
TSLA,"Tesla, Inc.",Auto Manufacturers
VFS,VinFast Auto Ltd.,Auto Manufacturers
VLCN,"Volcon, Inc.",Auto Manufacturers
WKHS,Workhorse Group Inc.,Auto Manufacturers
XPEV,XPeng Inc.,Auto Manufacturers
ZAPP,Zapp Electric Vehicles Group Limited,Auto Manufacturers
ZK,ZEEKR Intelligent Technology Holding Limited,Auto Manufacturers
ABG,"Asbury Automotive Group, Inc.",Auto & Truck Dealerships
ACVA,ACV Auctions Inc.,Auto & Truck Dealerships
AN,"AutoNation, Inc.",Auto & Truck Dealerships
AZI,Autozi Internet Technology (Global) Ltd.,Auto & Truck Dealerships
CANG,Cango Inc.,Auto & Truck Dealerships
CARG,"CarGurus, Inc.",Auto & Truck Dealerships
CARS,Cars.com Inc.,Auto & Truck Dealerships
CRMT,"America's Car-Mart, Inc.",Auto & Truck Dealerships
CTNT,Cheetah Net Supply Chain Service Inc.,Auto & Truck Dealerships
CVNA,Carvana Co.,Auto & Truck Dealerships
CWH,"Camping World Holdings, Inc.",Auto & Truck Dealerships
DRVN,Driven Brands Holdings Inc.,Auto & Truck Dealerships
GORV,"Lazydays Holdings, Inc.",Auto & Truck Dealerships
GPI,"Group 1 Automotive, Inc.",Auto & Truck Dealerships
JZXN,"Jiuzi Holdings, Inc.",Auto & Truck Dealerships
KAR,"OPENLANE, Inc.",Auto & Truck Dealerships
KFS,Kingsway Financial Services Inc.,Auto & Truck Dealerships
KMX,"CarMax, Inc.",Auto & Truck Dealerships
KXIN,Kaixin Holdings,Auto & Truck Dealerships
LAD,"Lithia Motors, Inc.",Auto & Truck Dealerships
MCW,"Mister Car Wash, Inc.",Auto & Truck Dealerships
PAG,"Penske Automotive Group, Inc.",Auto & Truck Dealerships
RMBL,"RumbleOn, Inc.",Auto & Truck Dealerships
RUSHA,"Rush Enterprises, Inc.",Auto & Truck Dealerships
RUSHB,"Rush Enterprises, Inc.",Auto & Truck Dealerships
SAH,"Sonic Automotive, Inc.",Auto & Truck Dealerships
SDA,SunCar Technology Group Inc.,Auto & Truck Dealerships
UCAR,U Power Limited,Auto & Truck Dealerships
UXIN,Uxin Limited,Auto & Truck Dealerships
VVV,Valvoline Inc.,Auto & Truck Dealerships
DNP,DNP Select Income Fund Inc.,Asset Management - Income
DSL,DoubleLine Income Solutions Fund,Asset Management - Income
EVT,Eaton Vance Tax-Advantaged Dividend Income Fund,Asset Management - Income
HFRO,Highland Funds I - Highland Opportunities and Income Fund,Asset Management - Income
AAMI,Acadian Asset Management Inc.,Asset Management
AB,AllianceBernstein Holding L.P.,Asset Management
AC,"Associated Capital Group, Inc.",Asset Management
ALTI,"AlTi Global, Inc.",Asset Management
AMG,"Affiliated Managers Group, Inc.",Asset Management
AMP,"Ameriprise Financial, Inc.",Asset Management
AMTD,AMTD IDEA Group,Asset Management
AOD,Abrdn Total Dynamic Dividend Fund,Asset Management
APAM,Artisan Partners Asset Management Inc.,Asset Management
APO,"Apollo Global Management, Inc.",Asset Management
ARCC,Ares Capital Corporation,Asset Management
ARES,Ares Management Corporation,Asset Management
ASA,ASA Gold and Precious Metals Limited,Asset Management
BAM,Brookfield Asset Management Ltd.,Asset Management
BANX,ArrowMark Financial Corp.,Asset Management
BBDC,"Barings BDC, Inc.",Asset Management
BBUC,Brookfield Business Corporation,Asset Management
BCG,"Binah Capital Group, Inc.",Asset Management
BCSF,"Bain Capital Specialty Finance, Inc.",Asset Management
BEN,"Franklin Resources, Inc.",Asset Management
BENF,Beneficient,Asset Management
BLK,"BlackRock, Inc.",Asset Management
BN,Brookfield Corporation,Asset Management
BRDG,Bridge Investment Group Holdings Inc.,Asset Management
BST,BlackRock Science and Technology Trust,Asset Management
BUR,Burford Capital Limited,Asset Management
BX,Blackstone Inc.,Asset Management
BXSL,Blackstone Secured Lending Fund,Asset Management
CCAP,"Crescent Capital BDC, Inc.",Asset Management
CET,Central Securities Corporation,Asset Management
CG,The Carlyle Group Inc.,Asset Management
CGBD,"Carlyle Secured Lending, Inc.",Asset Management
CION,CION Investment Corporation,Asset Management
CNS,"Cohen & Steers, Inc.",Asset Management
CRBG,"Corebridge Financial, Inc.",Asset Management
CRF,"Cornerstone Total Return Fund, Inc.",Asset Management
CSWC,Capital Southwest Corporation,Asset Management
CWD,CaliberCos Inc.,Asset Management
DBRG,"DigitalBridge Group, Inc.",Asset Management
DHIL,"Diamond Hill Investment Group, Inc.",Asset Management
EARN,Ellington Credit Company,Asset Management
ECC,Eagle Point Credit Company Inc.,Asset Management
EIC,Eagle Point Income Company Inc.,Asset Management
EICC,Eagle Point Income Company Inc.,Asset Management
EQH,"Equitable Holdings, Inc.",Asset Management
EQS,"Equus Total Return, Inc.",Asset Management
FDUS,Fidus Investment Corporation,Asset Management
FHI,"Federated Hermes, Inc.",Asset Management
FSK,FS KKR Capital Corp.,Asset Management
GAIN,Gladstone Investment Corporation,Asset Management
GBDC,"Golub Capital BDC, Inc.",Asset Management
GCMG,GCM Grosvenor Inc.,Asset Management
GECC,Great Elm Capital Corp.,Asset Management
GEG,"Great Elm Group, Inc.",Asset Management
GLAD,Gladstone Capital Corporation,Asset Management
GROW,"U.S. Global Investors, Inc.",Asset Management
GSBD,"Goldman Sachs BDC, Inc.",Asset Management
HASI,"HA Sustainable Infrastructure Capital, Inc.",Asset Management
HLNE,Hamilton Lane Incorporated,Asset Management
HNNA,"Hennessy Advisors, Inc.",Asset Management
HPH,Highest Performances Holdings Inc.,Asset Management
HRZN,Horizon Technology Finance Corporation,Asset Management
HTGC,"Hercules Capital, Inc.",Asset Management
ICMB,"Investcorp Credit Management BDC, Inc.",Asset Management
INV,"Innventure, Inc.",Asset Management
IVZ,Invesco Ltd.,Asset Management
JHG,Janus Henderson Group plc,Asset Management
KBDC,"Kayne Anderson BDC, Inc.",Asset Management
KKR,KKR & Co. Inc.,Asset Management
LIEN,"Chicago Atlantic BDC, Inc.",Asset Management
LRFC,Logan Ridge Finance Corporation,Asset Management
MAIN,Main Street Capital Corporation,Asset Management
MFIC,MidCap Financial Investment Corporation,Asset Management
MGLD,"The Marygold Companies, Inc.",Asset Management
MRCC,Monroe Capital Corporation,Asset Management
MSIF,"MSC Income Fund, Inc.",Asset Management
NCDL,Nuveen Churchill Direct Lending Corp.,Asset Management
NMFC,New Mountain Finance Corporation,Asset Management
NOAH,Noah Holdings Limited,Asset Management
NTRS,Northern Trust Corporation,Asset Management
OBDC,Blue Owl Capital Corporation,Asset Management
OCSL,Oaktree Specialty Lending Corporation,Asset Management
OFS,OFS Capital Corporation,Asset Management
OWL,Blue Owl Capital Inc.,Asset Management
OXSQ,Oxford Square Capital Corp.,Asset Management
PAX,Patria Investments Limited,Asset Management
PFG,"Principal Financial Group, Inc.",Asset Management
PFLT,PennantPark Floating Rate Capital Ltd.,Asset Management
PFX,PhenixFIN Corporation,Asset Management
PNNT,PennantPark Investment Corporation,Asset Management
PSBD,Palmer Square Capital BDC Inc.,Asset Management
PSEC,Prospect Capital Corporation,Asset Management
PTMN,Portman Ridge Finance Corporation,Asset Management
PWM,Prestige Wealth Inc.,Asset Management
PX,"P10, Inc.",Asset Management
RAND,Rand Capital Corporation,Asset Management
RJF,"Raymond James Financial, Inc.",Asset Management
RMCO,Royalty Management Holding Corporation,Asset Management
SAMG,Silvercrest Asset Management Group Inc.,Asset Management
SAR,Saratoga Investment Corp.,Asset Management
SCM,Stellus Capital Investment Corporation,Asset Management
SEIC,SEI Investments Company,Asset Management
SII,Sprott Inc.,Asset Management
SLRC,SLR Investment Corp.,Asset Management
SSSS,SuRo Capital Corp.,Asset Management
STEP,StepStone Group Inc.,Asset Management
STT,State Street Corporation,Asset Management
SWKH,SWK Holdings Corporation,Asset Management
TBLD,Thornburg Income Builder Opportunities Trust,Asset Management
TCPC,BlackRock TCP Capital Corp.,Asset Management
TPG,TPG Inc.,Asset Management
TPVG,TriplePoint Venture Growth BDC Corp.,Asset Management
TRIN,Trinity Capital Inc.,Asset Management
TROW,"T. Rowe Price Group, Inc.",Asset Management
TSLX,"Sixth Street Specialty Lending, Inc.",Asset Management
TURN,180 Degree Capital Corp.,Asset Management
TYG,Tortoise Energy Infrastructure Corporation,Asset Management
UTF,"Cohen & Steers Infrastructure Fund, Inc",Asset Management
VCTR,"Victory Capital Holdings, Inc.",Asset Management
VINP,Vinci Partners Investments Ltd.,Asset Management
VRTS,"Virtus Investment Partners, Inc.",Asset Management
WHF,"WhiteHorse Finance, Inc.",Asset Management
WHG,"Westwood Holdings Group, Inc.",Asset Management
WT,"WisdomTree, Inc.",Asset Management
AEO,"American Eagle Outfitters, Inc.",Apparel Retail
AKA,a.k.a. Brands Holding Corp.,Apparel Retail
ANF,Abercrombie & Fitch Co.,Apparel Retail
BIRD,"Allbirds, Inc.",Apparel Retail
BKE,"The Buckle, Inc.",Apparel Retail
BOOT,"Boot Barn Holdings, Inc.",Apparel Retail
BRIA,Brillia Inc,Apparel Retail
BURL,"Burlington Stores, Inc.",Apparel Retail
CAL,"Caleres, Inc.",Apparel Retail
CATO,The Cato Corporation,Apparel Retail
CRI,"Carter's, Inc.",Apparel Retail
CTRN,"Citi Trends, Inc.",Apparel Retail
CURV,Torrid Holdings Inc.,Apparel Retail
DLTH,Duluth Holdings Inc.,Apparel Retail
DXLG,"Destination XL Group, Inc.",Apparel Retail
FL,"Foot Locker, Inc.",Apparel Retail
GAP,"The Gap, Inc.",Apparel Retail
GCO,Genesco Inc.,Apparel Retail
GES,"Guess?, Inc.",Apparel Retail
JILL,"J.Jill, Inc.",Apparel Retail
LE,"Lands' End, Inc.",Apparel Retail
LULU,lululemon athletica inc.,Apparel Retail
LVLU,"Lulu's Fashion Lounge Holdings, Inc.",Apparel Retail
RENT,"Rent the Runway, Inc.",Apparel Retail
ROST,"Ross Stores, Inc.",Apparel Retail
SCVL,"Shoe Carnival, Inc.",Apparel Retail
SFIX,"Stitch Fix, Inc.",Apparel Retail
TJX,"The TJX Companies, Inc.",Apparel Retail
TLYS,"Tilly's, Inc.",Apparel Retail
URBN,"Urban Outfitters, Inc.",Apparel Retail
VSCO,Victoria's Secret & Co.,Apparel Retail
ZUMZ,Zumiez Inc.,Apparel Retail
COLM,Columbia Sportswear Company,Apparel Manufacturing
FIGS,"FIGS, Inc.",Apparel Manufacturing
GIII,"G-III Apparel Group, Ltd.",Apparel Manufacturing
GIL,Gildan Activewear Inc.,Apparel Manufacturing
GOOS,Canada Goose Holdings Inc.,Apparel Manufacturing
HBI,Hanesbrands Inc.,Apparel Manufacturing
JL,J-Long Group Limited,Apparel Manufacturing
JRSH,"Jerash Holdings (US), Inc.",Apparel Manufacturing
JXG,JX Luxventure Group Inc.,Apparel Manufacturing
KTB,"Kontoor Brands, Inc.",Apparel Manufacturing
LAKE,"Lakeland Industries, Inc.",Apparel Manufacturing
LEVI,Levi Strauss & Co.,Apparel Manufacturing
LITB,"LightInTheBox Holding Co., Ltd.",Apparel Manufacturing
NCI,Neo-Concept International Group Holdings Limited,Apparel Manufacturing
OXM,"Oxford Industries, Inc.",Apparel Manufacturing
PLCE,"The Children's Place, Inc.",Apparel Manufacturing
PMNT,Perfect Moment Ltd.,Apparel Manufacturing
PVH,PVH Corp.,Apparel Manufacturing
RL,Ralph Lauren Corporation,Apparel Manufacturing
SGC,"Superior Group of Companies, Inc.",Apparel Manufacturing
UA,"Under Armour, Inc.",Apparel Manufacturing
UAA,"Under Armour, Inc.",Apparel Manufacturing
VFC,V.F. Corporation,Apparel Manufacturing
VNCE,Vince Holding Corp.,Apparel Manufacturing
XELB,"Xcel Brands, Inc.",Apparel Manufacturing
ZGN,Ermenegildo Zegna N.V.,Apparel Manufacturing
AA,Alcoa Corporation,Aluminum
CENX,Century Aluminum Company,Aluminum
CSTM,Constellium SE,Aluminum
KALU,Kaiser Aluminum Corporation,Aluminum
ASLE,AerSale Corporation,Airports & Air Services
ASR,"Grupo Aeroportuario del Sureste, S. A. B. de C. V.",Airports & Air Services
BLDE,"Blade Air Mobility, Inc.",Airports & Air Services
CAAP,Corporación América Airports S.A.,Airports & Air Services
JOBY,"Joby Aviation, Inc.",Airports & Air Services
OMAB,"Grupo Aeroportuario del Centro Norte, S.A.B. de C.V.",Airports & Air Services
PAC,"Grupo Aeroportuario del Pacífico, S.A.B. de C.V.",Airports & Air Services
SOAR,"Volato Group, Inc.",Airports & Air Services
UP,Wheels Up Experience Inc.,Airports & Air Services
AAL,American Airlines Group Inc.,Airlines
ALGT,Allegiant Travel Company,Airlines
ALK,"Alaska Air Group, Inc.",Airlines
AZUL,Azul S.A.,Airlines
CPA,"Copa Holdings, S.A.",Airlines
DAL,"Delta Air Lines, Inc.",Airlines
FLYX,"flyExclusive, Inc.",Airlines
JBLU,JetBlue Airways Corporation,Airlines
LTM,LATAM Airlines Group S.A.,Airlines
LUV,Southwest Airlines Co.,Airlines
MESA,"Mesa Air Group, Inc.",Airlines
RYAAY,Ryanair Holdings plc,Airlines
SKYW,"SkyWest, Inc.",Airlines
SNCY,"Sun Country Airlines Holdings, Inc.",Airlines
SRFM,Surf Air Mobility Inc.,Airlines
UAL,"United Airlines Holdings, Inc.",Airlines
ULCC,"Frontier Group Holdings, Inc.",Airlines
VLRS,"Controladora Vuela Compañía de Aviación, S.A.B. de C.V.",Airlines
AVD,American Vanguard Corporation,Agricultural Inputs
BIOX,Bioceres Crop Solutions Corp.,Agricultural Inputs
CF,"CF Industries Holdings, Inc.",Agricultural Inputs
CTVA,"Corteva, Inc.",Agricultural Inputs
ENFY,Enlightify Inc.,Agricultural Inputs
FMC,FMC Corporation,Agricultural Inputs
ICL,ICL Group Ltd,Agricultural Inputs
IPI,"Intrepid Potash, Inc.",Agricultural Inputs
LVRO,Lavoro Limited,Agricultural Inputs
MOS,The Mosaic Company,Agricultural Inputs
NITO,"N2OFF, Inc.",Agricultural Inputs
NTR,Nutrien Ltd.,Agricultural Inputs
SANW,S&W Seed Company,Agricultural Inputs
SEED,Origin Agritech Limited,Agricultural Inputs
SMG,The Scotts Miracle-Gro Company,Agricultural Inputs
UAN,"CVR Partners, LP",Agricultural Inputs
ACHR,Archer Aviation Inc.,Aerospace & Defense
AIR,AAR Corp.,Aerospace & Defense
AIRI,Air Industries Group,Aerospace & Defense
ATRO,Astronics Corporation,Aerospace & Defense
AVAV,"AeroVironment, Inc.",Aerospace & Defense
AXON,"Axon Enterprise, Inc.",Aerospace & Defense
BA,The Boeing Company,Aerospace & Defense
BWXT,"BWX Technologies, Inc.",Aerospace & Defense
BYRN,Byrna Technologies Inc.,Aerospace & Defense
CAE,CAE Inc.,Aerospace & Defense
CDRE,"Cadre Holdings, Inc.",Aerospace & Defense
CODA,"Coda Octopus Group, Inc.",Aerospace & Defense
CVU,"CPI Aerostructures, Inc.",Aerospace & Defense
CW,Curtiss-Wright Corporation,Aerospace & Defense
DCO,Ducommun Incorporated,Aerospace & Defense
DPRO,Draganfly Inc.,Aerospace & Defense
DRS,"Leonardo DRS, Inc.",Aerospace & Defense
EH,EHang Holdings Limited,Aerospace & Defense
ERJ,Embraer S.A.,Aerospace & Defense
ESLT,Elbit Systems Ltd.,Aerospace & Defense
EVEX,"Eve Holding, Inc.",Aerospace & Defense
EVTL,Vertical Aerospace Ltd.,Aerospace & Defense
GD,General Dynamics Corporation,Aerospace & Defense
GE,General Electric Company,Aerospace & Defense
GPUS,"Hyperscale Data, Inc.",Aerospace & Defense
HEI,HEICO Corporation,Aerospace & Defense
HEI.A,HEICO Corporation,Aerospace & Defense
HII,"Huntington Ingalls Industries, Inc.",Aerospace & Defense
HOVR,New Horizon Aircraft Ltd.,Aerospace & Defense
HWM,Howmet Aerospace Inc.,Aerospace & Defense
HXL,Hexcel Corporation,Aerospace & Defense
ISSC,"Innovative Solutions and Support, Inc.",Aerospace & Defense
KITT,"Nauticus Robotics, Inc.",Aerospace & Defense
KRMN,Karman Holdings Inc.,Aerospace & Defense
KTOS,"Kratos Defense & Security Solutions, Inc.",Aerospace & Defense
KWE,KWESST Micro Systems Inc.,Aerospace & Defense
LHX,"L3Harris Technologies, Inc.",Aerospace & Defense
LMT,Lockheed Martin Corporation,Aerospace & Defense
LOAR,Loar Holdings Inc.,Aerospace & Defense
LUNR,"Intuitive Machines, Inc.",Aerospace & Defense
MNTS,Momentus Inc.,Aerospace & Defense
MOG.A,Moog Inc.,Aerospace & Defense
MOG.B,Moog Inc.,Aerospace & Defense
MRCY,"Mercury Systems, Inc.",Aerospace & Defense
NOC,Northrop Grumman Corporation,Aerospace & Defense
NPK,"National Presto Industries, Inc.",Aerospace & Defense
OPXS,"Optex Systems Holdings, Inc",Aerospace & Defense
PKE,Park Aerospace Corp.,Aerospace & Defense
PL,Planet Labs PBC,Aerospace & Defense
POWW,"AMMO, Inc.",Aerospace & Defense
PRZO,ParaZero Technologies Ltd.,Aerospace & Defense
RDW,Redwire Corporation,Aerospace & Defense
RGR,"Sturm, Ruger & Company, Inc.",Aerospace & Defense
RKLB,"Rocket Lab USA, Inc.",Aerospace & Defense
RTX,RTX Corporation,Aerospace & Defense
SARO,"StandardAero, Inc.",Aerospace & Defense
SATL,Satellogic Inc.,Aerospace & Defense
SIDU,"Sidus Space, Inc.",Aerospace & Defense
SIF,"SIFCO Industries, Inc.",Aerospace & Defense
SKYH,Sky Harbour Group Corporation,Aerospace & Defense
SPAI,Safe Pro Group Inc.,Aerospace & Defense
SPCE,"Virgin Galactic Holdings, Inc.",Aerospace & Defense
SPR,"Spirit AeroSystems Holdings, Inc.",Aerospace & Defense
SVT,"Servotronics, Inc.",Aerospace & Defense
SWBI,"Smith & Wesson Brands, Inc.",Aerospace & Defense
TATT,TAT Technologies Ltd.,Aerospace & Defense
TDG,TransDigm Group Incorporated,Aerospace & Defense
TGI,"Triumph Group, Inc.",Aerospace & Defense
TXT,Textron Inc.,Aerospace & Defense
VSEC,VSE Corporation,Aerospace & Defense
VVX,"V2X, Inc.",Aerospace & Defense
WWD,"Woodward, Inc.",Aerospace & Defense
XTIA,"XTI Aerospace, Inc.",Aerospace & Defense
ABLV,Able View Global Inc.,Advertising Agencies
ACCS,ACCESS Newswire Inc.,Advertising Agencies
ADV,Advantage Solutions Inc.,Advertising Agencies
ANTE,AirNet Technology Inc.,Advertising Agencies
BAOS,Baosheng Media Group Holdings Limited,Advertising Agencies
CCO,"Clear Channel Outdoor Holdings, Inc.",Advertising Agencies
CDLX,"Cardlytics, Inc.",Advertising Agencies
CHR,"Cheer Holding, Inc.",Advertising Agencies
CNET,ZW Data Action Technologies Inc.,Advertising Agencies
CRTO,Criteo S.A.,Advertising Agencies
DLPN,"Dolphin Entertainment, Inc.",Advertising Agencies
DRCT,"Direct Digital Holdings, Inc.",Advertising Agencies
EDHL,Everbright Digital Holding Limited,Advertising Agencies
EEX,"Emerald Holding, Inc.",Advertising Agencies
EVC,Entravision Communications Corporation,Advertising Agencies
FLNT,"Fluent, Inc.",Advertising Agencies
HAO,Haoxi Health Technology Limited,Advertising Agencies
IAS,Integral Ad Science Holding Corp.,Advertising Agencies
IPG,"The Interpublic Group of Companies, Inc.",Advertising Agencies
KRKR,36Kr Holdings Inc.,Advertising Agencies
LDWY,"Lendway, Inc.",Advertising Agencies
LZMH,LZ Technology Holdings Limited,Advertising Agencies
MCHX,"Marchex, Inc.",Advertising Agencies
MCTR,Ctrl Group Limited,Advertising Agencies
MGNI,"Magnite, Inc.",Advertising Agencies
NCMI,"National CineMedia, Inc.",Advertising Agencies
NEXN,Nexxen International Ltd.,Advertising Agencies
OMC,Omnicom Group Inc.,Advertising Agencies
QMMM,QMMM Holdings Limited,Advertising Agencies
QNST,"QuinStreet, Inc.",Advertising Agencies
STFS,Star Fashion Culture Holdings Limited,Advertising Agencies
STGW,Stagwell Inc.,Advertising Agencies
SWAG,"Stran & Company, Inc.",Advertising Agencies
TC,Token Cat Limited,Advertising Agencies
TNMG,TNL Mediagene,Advertising Agencies
TSQ,"Townsquare Media, Inc.",Advertising Agencies
TZOO,Travelzoo,Advertising Agencies
TZUP,Thumzup Media Corporation,Advertising Agencies
VSME,VS MEDIA Holdings Limited,Advertising Agencies
WPP,WPP plc,Advertising Agencies
ZD,"Ziff Davis, Inc.",Advertising Agencies
CRNG,"CorEnergy Infrastructure Trust, Inc.",
DGIC.A,Donegal Group Inc.,
FLYY,"Spirit Aviation Holdings, Inc.",
FWON.K,Formula One Group,
IMKT.A,"Ingles Markets, Incorporated",
INEO,INNEOVA Holdings Limited,
JBIO,"Jade Biosciences, Inc.",
RUSH.A,"Rush Enterprises, Inc.",
SPMC,"Sound Point Meridian Capital, Inc.",
SRXH,SRx Health Solutions Inc.,